metodo,metodo_label,tratamento_outlier,tratamento_outlier_label,segment_key,segmento_imoveis,bairro,tipo_imovel,quartos,quartos_label,n_listings,preco_mediano_listings,preco_p25_listings,preco_p75_listings,bootstrap_mediana_ic95_inferior,bootstrap_mediana_ic95_superior,mediana_datas_por_listing,p25_datas_por_listing,p75_datas_por_listing,n_listings_com_preco_suspeito,suporte_amostra_atual,n_listings_metodo_principal,suporte_principal_airbnb,elegivel_comparacao_principal,rank_preco_dentro_metodo,rank_entre_segmentos_principais
latest_available,Preço mais recente,exclude_affected_listings,Sem os três imóveis afetados,canto da praia|casa|4 quartos,Canto da Praia · casa · 4 quartos,Canto da Praia,casa,4,4 quartos,1,3900.0,3900.0,3900.0,,,91.0,91.0,91.0,0,evidência insuficiente no Airbnb,0,evidência insuficiente no Airbnb,False,1.0,
latest_available,Preço mais recente,exclude_affected_listings,Sem os três imóveis afetados,sertaozinho|casa|6 quartos,Sertaozinho · casa · 6 quartos,Sertaozinho,casa,6,6 quartos,2,2575.625,2113.4375,3037.8125,,,96.0,96.0,96.0,0,evidência insuficiente no Airbnb,2,evidência insuficiente no Airbnb,False,2.0,
latest_available,Preço mais recente,exclude_affected_listings,Sem os três imóveis afetados,alto sao bento|casa|12 quartos,Alto Sao Bento · casa · 12 quartos,Alto Sao Bento,casa,12,12 quartos,1,2500.0,2500.0,2500.0,,,62.0,62.0,62.0,0,evidência insuficiente no Airbnb,1,evidência insuficiente no Airbnb,False,3.0,
latest_available,Preço mais recente,exclude_affected_listings,Sem os três imóveis afetados,meia praia|apartamento|5 quartos,Meia Praia · apartamento · 5 quartos,Meia Praia,apartamento,5,5 quartos,5,1897.0,1450.0,2100.0,900.0,2300.0,32.0,29.0,53.0,0,evidência insuficiente no Airbnb,1,evidência insuficiente no Airbnb,False,4.0,
latest_available,Preço mais recente,exclude_affected_listings,Sem os três imóveis afetados,tabuleiro dos oliveiras|casa|4 quartos,Tabuleiro dos Oliveiras · casa · 4 quartos,Tabuleiro dos Oliveiras,casa,4,4 quartos,1,1700.0,1700.0,1700.0,,,68.0,68.0,68.0,0,evidência insuficiente no Airbnb,1,evidência insuficiente no Airbnb,False,5.0,
latest_available,Preço mais recente,exclude_affected_listings,Sem os três imóveis afetados,varzea|casa|5 quartos,Varzea · casa · 5 quartos,Varzea,casa,5,5 quartos,1,1500.0,1500.0,1500.0,,,102.0,102.0,102.0,0,evidência insuficiente no Airbnb,1,evidência insuficiente no Airbnb,False,6.0,
latest_available,Preço mais recente,exclude_affected_listings,Sem os três imóveis afetados,centro|casa|4 quartos,Centro · casa · 4 quartos,Centro,casa,4,4 quartos,4,1350.0,975.0,1800.0,,,64.5,51.5,79.25,0,evidência insuficiente no Airbnb,2,evidência insuficiente no Airbnb,False,7.0,
latest_available,Preço mais recente,exclude_affected_listings,Sem os três imóveis afetados,tabuleiro dos oliveiras|casa|7 quartos,Tabuleiro dos Oliveiras · casa · 7 quartos,Tabuleiro dos Oliveiras,casa,7,7 quartos,1,1350.0,1350.0,1350.0,,,78.0,78.0,78.0,0,evidência insuficiente no Airbnb,0,evidência insuficiente no Airbnb,False,7.0,
latest_available,Preço mais recente,exclude_affected_listings,Sem os três imóveis afetados,meia praia|casa|7 quartos,Meia Praia · casa · 7 quartos,Meia Praia,casa,7,7 quartos,1,1300.0,1300.0,1300.0,,,49.0,49.0,49.0,0,evidência insuficiente no Airbnb,0,evidência insuficiente no Airbnb,False,9.0,
latest_available,Preço mais recente,exclude_affected_listings,Sem os três imóveis afetados,tabuleiro dos oliveiras|apartamento|4 quartos,Tabuleiro dos Oliveiras · apartamento · 4 quartos,Tabuleiro dos Oliveiras,apartamento,4,4 quartos,1,1100.0,1100.0,1100.0,,,56.0,56.0,56.0,0,evidência insuficiente no Airbnb,0,evidência insuficiente no Airbnb,False,10.0,
latest_available,Preço mais recente,exclude_affected_listings,Sem os três imóveis afetados,meia praia|apartamento|4 quartos,Meia Praia · apartamento · 4 quartos,Meia Praia,apartamento,4,4 quartos,60,1012.5,815.0,1651.75,874.0,1425.0,59.0,39.75,76.0,0,principal no Airbnb,43,principal no Airbnb,True,11.0,1.0
latest_available,Preço mais recente,exclude_affected_listings,Sem os três imóveis afetados,morretes|apartamento|4 quartos,Morretes · apartamento · 4 quartos,Morretes,apartamento,4,4 quartos,3,1000.0,795.0,1250.0,,,58.0,51.5,58.5,0,evidência insuficiente no Airbnb,1,evidência insuficiente no Airbnb,False,12.0,
latest_available,Preço mais recente,exclude_affected_listings,Sem os três imóveis afetados,sertao do trombudo|casa|4 quartos,Sertao do Trombudo · casa · 4 quartos,Sertao do Trombudo,casa,4,4 quartos,1,1000.0,1000.0,1000.0,,,41.0,41.0,41.0,0,evidência insuficiente no Airbnb,1,evidência insuficiente no Airbnb,False,12.0,
latest_available,Preço mais recente,exclude_affected_listings,Sem os três imóveis afetados,ilhota|casa|4 quartos,Ilhota · casa · 4 quartos,Ilhota,casa,4,4 quartos,1,946.0,946.0,946.0,,,53.0,53.0,53.0,0,evidência insuficiente no Airbnb,1,evidência insuficiente no Airbnb,False,14.0,
latest_available,Preço mais recente,exclude_affected_listings,Sem os três imóveis afetados,centro|apartamento|5 quartos,Centro · apartamento · 5 quartos,Centro,apartamento,5,5 quartos,1,850.0,850.0,850.0,,,38.0,38.0,38.0,0,evidência insuficiente no Airbnb,0,evidência insuficiente no Airbnb,False,15.0,
latest_available,Preço mais recente,exclude_affected_listings,Sem os três imóveis afetados,morretes|casa|4 quartos,Morretes · casa · 4 quartos,Morretes,casa,4,4 quartos,2,850.0,775.0,925.0,,,38.0,29.0,47.0,0,evidência insuficiente no Airbnb,2,evidência insuficiente no Airbnb,False,15.0,
latest_available,Preço mais recente,exclude_affected_listings,Sem os três imóveis afetados,meia praia|casa|4 quartos,Meia Praia · casa · 4 quartos,Meia Praia,casa,4,4 quartos,2,800.0,650.0,950.0,,,60.5,59.75,61.25,0,evidência insuficiente no Airbnb,1,evidência insuficiente no Airbnb,False,17.0,
latest_available,Preço mais recente,exclude_affected_listings,Sem os três imóveis afetados,canto da praia|casa|1 quarto,Canto da Praia · casa · 1 quarto,Canto da Praia,casa,1,1 quarto,1,793.0,793.0,793.0,,,82.0,82.0,82.0,0,evidência insuficiente no Airbnb,0,evidência insuficiente no Airbnb,False,18.0,
latest_available,Preço mais recente,exclude_affected_listings,Sem os três imóveis afetados,centro|apartamento|3 quartos,Centro · apartamento · 3 quartos,Centro,apartamento,3,3 quartos,45,790.0,523.0,850.0,650.0,842.0,66.0,39.0,78.0,0,principal no Airbnb,38,principal no Airbnb,True,19.0,2.0
latest_available,Preço mais recente,exclude_affected_listings,Sem os três imóveis afetados,centro|apartamento|4 quartos,Centro · apartamento · 4 quartos,Centro,apartamento,4,4 quartos,4,745.0,637.5,862.5,,,40.0,36.0,46.0,0,evidência insuficiente no Airbnb,1,evidência insuficiente no Airbnb,False,20.0,
latest_available,Preço mais recente,exclude_affected_listings,Sem os três imóveis afetados,desconhecido|casa|1 quarto,Desconhecido · casa · 1 quarto,Desconhecido,casa,1,1 quarto,3,709.0,649.5,754.5,,,52.0,47.5,69.0,0,evidência insuficiente no Airbnb,0,evidência insuficiente no Airbnb,False,21.0,
latest_available,Preço mais recente,exclude_affected_listings,Sem os três imóveis afetados,canto da praia|casa|3 quartos,Canto da Praia · casa · 3 quartos,Canto da Praia,casa,3,3 quartos,2,700.0,650.0,750.0,,,75.5,71.25,79.75,0,evidência insuficiente no Airbnb,0,evidência insuficiente no Airbnb,False,22.0,
latest_available,Preço mais recente,exclude_affected_listings,Sem os três imóveis afetados,varzea|casa|3 quartos,Varzea · casa · 3 quartos,Varzea,casa,3,3 quartos,1,700.0,700.0,700.0,,,18.0,18.0,18.0,0,evidência insuficiente no Airbnb,1,evidência insuficiente no Airbnb,False,22.0,
latest_available,Preço mais recente,exclude_affected_listings,Sem os três imóveis afetados,centro|casa|3 quartos,Centro · casa · 3 quartos,Centro,casa,3,3 quartos,2,675.0,512.5,837.5,,,60.0,44.5,75.5,0,evidência insuficiente no Airbnb,0,evidência insuficiente no Airbnb,False,24.0,
latest_available,Preço mais recente,exclude_affected_listings,Sem os três imóveis afetados,meia praia|apartamento|3 quartos,Meia Praia · apartamento · 3 quartos,Meia Praia,apartamento,3,3 quartos,327,655.25,500.0,832.5,620.3333,700.0,61.0,39.0,76.5,0,principal no Airbnb,284,principal no Airbnb,True,25.0,3.0
latest_available,Preço mais recente,exclude_affected_listings,Sem os três imóveis afetados,morretes|apartamento|3 quartos,Morretes · apartamento · 3 quartos,Morretes,apartamento,3,3 quartos,10,611.0833250000001,515.0,907.25,495.0,993.0,60.0,30.25,70.5,0,exploratório no Airbnb,9,evidência insuficiente no Airbnb,False,26.0,
latest_available,Preço mais recente,exclude_affected_listings,Sem os três imóveis afetados,tabuleiro dos oliveiras|apartamento|3 quartos,Tabuleiro dos Oliveiras · apartamento · 3 quartos,Tabuleiro dos Oliveiras,apartamento,3,3 quartos,4,597.0,495.0,665.5,,,81.5,71.75,82.75,0,evidência insuficiente no Airbnb,3,evidência insuficiente no Airbnb,False,27.0,
latest_available,Preço mais recente,exclude_affected_listings,Sem os três imóveis afetados,ilhota|casa|3 quartos,Ilhota · casa · 3 quartos,Ilhota,casa,3,3 quartos,2,595.0,542.5,647.5,,,77.5,75.75,79.25,0,evidência insuficiente no Airbnb,2,evidência insuficiente no Airbnb,False,28.0,
latest_available,Preço mais recente,exclude_affected_listings,Sem os três imóveis afetados,ilhota|apartamento|2 quartos,Ilhota · apartamento · 2 quartos,Ilhota,apartamento,2,2 quartos,2,587.5,586.25,588.75,,,71.0,70.0,72.0,0,evidência insuficiente no Airbnb,1,evidência insuficiente no Airbnb,False,29.0,
latest_available,Preço mais recente,exclude_affected_listings,Sem os três imóveis afetados,centro|apartamento|2 quartos,Centro · apartamento · 2 quartos,Centro,apartamento,2,2 quartos,65,580.0,370.0,713.0,450.0,656.0,70.0,48.0,85.0,0,principal no Airbnb,59,principal no Airbnb,True,30.0,4.0
latest_available,Preço mais recente,exclude_affected_listings,Sem os três imóveis afetados,areal|casa|1 quarto,Areal · casa · 1 quarto,Areal,casa,1,1 quarto,1,556.0,556.0,556.0,,,37.0,37.0,37.0,0,evidência insuficiente no Airbnb,1,evidência insuficiente no Airbnb,False,31.0,
latest_available,Preço mais recente,exclude_affected_listings,Sem os três imóveis afetados,canto da praia|apartamento|2 quartos,Canto da Praia · apartamento · 2 quartos,Canto da Praia,apartamento,2,2 quartos,4,509.0,494.75,538.375,,,62.0,46.75,70.25,0,evidência insuficiente no Airbnb,4,evidência insuficiente no Airbnb,False,32.0,
latest_available,Preço mais recente,exclude_affected_listings,Sem os três imóveis afetados,ilhota|apartamento|3 quartos,Ilhota · apartamento · 3 quartos,Ilhota,apartamento,3,3 quartos,1,500.0,500.0,500.0,,,64.0,64.0,64.0,0,evidência insuficiente no Airbnb,0,evidência insuficiente no Airbnb,False,33.0,
latest_available,Preço mais recente,exclude_affected_listings,Sem os três imóveis afetados,morretes|casa|3 quartos,Morretes · casa · 3 quartos,Morretes,casa,3,3 quartos,1,500.0,500.0,500.0,,,65.0,65.0,65.0,0,evidência insuficiente no Airbnb,0,evidência insuficiente no Airbnb,False,33.0,
latest_available,Preço mais recente,exclude_affected_listings,Sem os três imóveis afetados,sertaozinho|casa|2 quartos,Sertaozinho · casa · 2 quartos,Sertaozinho,casa,2,2 quartos,1,500.0,500.0,500.0,,,86.0,86.0,86.0,0,evidência insuficiente no Airbnb,1,evidência insuficiente no Airbnb,False,33.0,
latest_available,Preço mais recente,exclude_affected_listings,Sem os três imóveis afetados,sertaozinho|casa|3 quartos,Sertaozinho · casa · 3 quartos,Sertaozinho,casa,3,3 quartos,1,500.0,500.0,500.0,,,84.0,84.0,84.0,0,evidência insuficiente no Airbnb,0,evidência insuficiente no Airbnb,False,33.0,
latest_available,Preço mais recente,exclude_affected_listings,Sem os três imóveis afetados,meia praia|apartamento|1 quarto,Meia Praia · apartamento · 1 quarto,Meia Praia,apartamento,1,1 quarto,19,480.0,389.0,530.5,400.0,516.0,66.0,59.5,77.5,0,exploratório no Airbnb,16,exploratório no Airbnb,False,37.0,
latest_available,Preço mais recente,exclude_affected_listings,Sem os três imóveis afetados,morretes|apartamento|2 quartos,Morretes · apartamento · 2 quartos,Morretes,apartamento,2,2 quartos,50,461.0,350.0,555.625,400.0,500.0,63.0,45.5,78.0,0,principal no Airbnb,43,principal no Airbnb,True,38.0,5.0
latest_available,Preço mais recente,exclude_affected_listings,Sem os três imóveis afetados,meia praia|apartamento|2 quartos,Meia Praia · apartamento · 2 quartos,Meia Praia,apartamento,2,2 quartos,186,450.0,360.0,582.25,417.75,500.0,56.0,37.25,69.0,0,principal no Airbnb,126,principal no Airbnb,True,39.0,6.0
latest_available,Preço mais recente,exclude_affected_listings,Sem os três imóveis afetados,meia praia|casa|3 quartos,Meia Praia · casa · 3 quartos,Meia Praia,casa,3,3 quartos,5,450.0,400.0,600.0,380.0,650.0,38.0,5.0,46.0,0,evidência insuficiente no Airbnb,0,evidência insuficiente no Airbnb,False,39.0,
latest_available,Preço mais recente,exclude_affected_listings,Sem os três imóveis afetados,meia praia|casa|2 quartos,Meia Praia · casa · 2 quartos,Meia Praia,casa,2,2 quartos,3,446.0,372.5,473.0,,,40.0,38.0,43.0,0,evidência insuficiente no Airbnb,0,evidência insuficiente no Airbnb,False,41.0,
latest_available,Preço mais recente,exclude_affected_listings,Sem os três imóveis afetados,centro|apartamento|1 quarto,Centro · apartamento · 1 quarto,Centro,apartamento,1,1 quarto,78,445.0,376.25,523.999975,385.0,493.5,77.0,67.0,84.75,0,principal no Airbnb,75,principal no Airbnb,True,42.0,7.0
latest_available,Preço mais recente,exclude_affected_listings,Sem os três imóveis afetados,meia praia|apartamento|0 quartos,Meia Praia · apartamento · 0 quartos,Meia Praia,apartamento,0,0 quartos,8,435.0,325.6,542.5,320.14,550.0,59.0,51.25,85.5,0,evidência insuficiente no Airbnb,7,evidência insuficiente no Airbnb,False,43.0,
latest_available,Preço mais recente,exclude_affected_listings,Sem os três imóveis afetados,tabuleiro dos oliveiras|apartamento|2 quartos,Tabuleiro dos Oliveiras · apartamento · 2 quartos,Tabuleiro dos Oliveiras,apartamento,2,2 quartos,12,425.0,385.25,581.0,373.5,602.0,61.0,51.25,79.5,0,exploratório no Airbnb,12,exploratório no Airbnb,False,44.0,
latest_available,Preço mais recente,exclude_affected_listings,Sem os três imóveis afetados,morretes|apartamento|1 quarto,Morretes · apartamento · 1 quarto,Morretes,apartamento,1,1 quarto,4,415.0,306.25,491.25,,,29.5,12.0,54.0,0,evidência insuficiente no Airbnb,3,evidência insuficiente no Airbnb,False,45.0,
latest_available,Preço mais recente,exclude_affected_listings,Sem os três imóveis afetados,casa branca|apartamento|3 quartos,Casa Branca · apartamento · 3 quartos,Casa Branca,apartamento,3,3 quartos,2,403.0,354.5,451.5,,,64.0,62.5,65.5,0,evidência insuficiente no Airbnb,2,evidência insuficiente no Airbnb,False,46.0,
latest_available,Preço mais recente,exclude_affected_listings,Sem os três imóveis afetados,alto sao bento|casa|1 quarto,Alto Sao Bento · casa · 1 quarto,Alto Sao Bento,casa,1,1 quarto,1,400.0,400.0,400.0,,,43.0,43.0,43.0,0,evidência insuficiente no Airbnb,0,evidência insuficiente no Airbnb,False,47.0,
latest_available,Preço mais recente,exclude_affected_listings,Sem os três imóveis afetados,sertao do trombudo|casa|1 quarto,Sertao do Trombudo · casa · 1 quarto,Sertao do Trombudo,casa,1,1 quarto,2,380.0,375.0,385.0,,,79.5,77.25,81.75,0,evidência insuficiente no Airbnb,2,evidência insuficiente no Airbnb,False,48.0,
latest_available,Preço mais recente,exclude_affected_listings,Sem os três imóveis afetados,casa branca|apartamento|2 quartos,Casa Branca · apartamento · 2 quartos,Casa Branca,apartamento,2,2 quartos,11,350.0,297.5,385.0,280.0,400.0,63.0,56.0,66.5,0,exploratório no Airbnb,4,evidência insuficiente no Airbnb,False,49.0,
latest_available,Preço mais recente,exclude_affected_listings,Sem os três imóveis afetados,morretes|casa|2 quartos,Morretes · casa · 2 quartos,Morretes,casa,2,2 quartos,9,347.0,300.0,406.0,300.0,800.0,65.0,47.0,75.0,0,evidência insuficiente no Airbnb,8,evidência insuficiente no Airbnb,False,50.0,
latest_available,Preço mais recente,exclude_affected_listings,Sem os três imóveis afetados,ilhota|apartamento|1 quarto,Ilhota · apartamento · 1 quarto,Ilhota,apartamento,1,1 quarto,2,345.5,343.25,347.75,,,83.5,81.75,85.25,0,evidência insuficiente no Airbnb,2,evidência insuficiente no Airbnb,False,51.0,
latest_available,Preço mais recente,exclude_affected_listings,Sem os três imóveis afetados,canto da praia|apartamento|3 quartos,Canto da Praia · apartamento · 3 quartos,Canto da Praia,apartamento,3,3 quartos,1,307.625,307.625,307.625,,,28.0,28.0,28.0,0,evidência insuficiente no Airbnb,1,evidência insuficiente no Airbnb,False,52.0,
latest_available,Preço mais recente,exclude_affected_listings,Sem os três imóveis afetados,centro|casa|2 quartos,Centro · casa · 2 quartos,Centro,casa,2,2 quartos,2,302.0,276.0,328.0,,,25.5,19.25,31.75,0,evidência insuficiente no Airbnb,1,evidência insuficiente no Airbnb,False,53.0,
latest_available,Preço mais recente,exclude_affected_listings,Sem os três imóveis afetados,centro|casa|1 quarto,Centro · casa · 1 quarto,Centro,casa,1,1 quarto,1,283.0,283.0,283.0,,,11.0,11.0,11.0,0,evidência insuficiente no Airbnb,1,evidência insuficiente no Airbnb,False,54.0,
latest_available,Preço mais recente,exclude_affected_listings,Sem os três imóveis afetados,morretes|casa|1 quarto,Morretes · casa · 1 quarto,Morretes,casa,1,1 quarto,2,282.0,237.5,326.5,,,60.0,53.5,66.5,0,evidência insuficiente no Airbnb,0,evidência insuficiente no Airbnb,False,55.0,
latest_available,Preço mais recente,exclude_affected_listings,Sem os três imóveis afetados,ilhota|casa|2 quartos,Ilhota · casa · 2 quartos,Ilhota,casa,2,2 quartos,2,280.0,245.0,315.0,,,33.5,31.25,35.75,0,evidência insuficiente no Airbnb,1,evidência insuficiente no Airbnb,False,56.0,
latest_available,Preço mais recente,exclude_affected_listings,Sem os três imóveis afetados,casa branca|casa|1 quarto,Casa Branca · casa · 1 quarto,Casa Branca,casa,1,1 quarto,2,274.5,261.75,287.25,,,34.0,22.0,46.0,0,evidência insuficiente no Airbnb,1,evidência insuficiente no Airbnb,False,57.0,
latest_available,Preço mais recente,exclude_affected_listings,Sem os três imóveis afetados,sertaozinho|casa|1 quarto,Sertaozinho · casa · 1 quarto,Sertaozinho,casa,1,1 quarto,2,274.5,227.25,321.75,,,67.0,61.5,72.5,0,evidência insuficiente no Airbnb,0,evidência insuficiente no Airbnb,False,57.0,
latest_available,Preço mais recente,exclude_affected_listings,Sem os três imóveis afetados,alto sao bento|apartamento|1 quarto,Alto Sao Bento · apartamento · 1 quarto,Alto Sao Bento,apartamento,1,1 quarto,2,230.0,205.0,255.0,,,67.5,65.25,69.75,0,evidência insuficiente no Airbnb,1,evidência insuficiente no Airbnb,False,59.0,
latest_available,Preço mais recente,exclude_affected_listings,Sem os três imóveis afetados,jardim praiamar|casa|1 quarto,Jardim Praiamar · casa · 1 quarto,Jardim Praiamar,casa,1,1 quarto,1,200.0,200.0,200.0,,,60.0,60.0,60.0,0,evidência insuficiente no Airbnb,0,evidência insuficiente no Airbnb,False,60.0,
latest_available,Preço mais recente,exclude_affected_listings,Sem os três imóveis afetados,leopoldo zarling|casa|1 quarto,Leopoldo Zarling · casa · 1 quarto,Leopoldo Zarling,casa,1,1 quarto,1,200.0,200.0,200.0,,,70.0,70.0,70.0,0,evidência insuficiente no Airbnb,0,evidência insuficiente no Airbnb,False,60.0,
latest_available,Preço mais recente,exclude_affected_listings,Sem os três imóveis afetados,alto sao bento|apartamento|2 quartos,Alto Sao Bento · apartamento · 2 quartos,Alto Sao Bento,apartamento,2,2 quartos,1,199.0,199.0,199.0,,,48.0,48.0,48.0,0,evidência insuficiente no Airbnb,1,evidência insuficiente no Airbnb,False,62.0,
latest_available,Preço mais recente,exclude_affected_listings,Sem os três imóveis afetados,meia praia|casa|1 quarto,Meia Praia · casa · 1 quarto,Meia Praia,casa,1,1 quarto,1,195.0,195.0,195.0,,,68.0,68.0,68.0,0,evidência insuficiente no Airbnb,1,evidência insuficiente no Airbnb,False,63.0,
latest_available,Preço mais recente,exclude_affected_listings,Sem os três imóveis afetados,varzea|casa|1 quarto,Varzea · casa · 1 quarto,Varzea,casa,1,1 quarto,3,185.0,167.0,317.5,,,35.0,22.0,41.5,0,evidência insuficiente no Airbnb,1,evidência insuficiente no Airbnb,False,64.0,
latest_available,Preço mais recente,exclude_suspicious_prices,Sem preços ≥ 10 mil,canto da praia|casa|4 quartos,Canto da Praia · casa · 4 quartos,Canto da Praia,casa,4,4 quartos,1,3900.0,3900.0,3900.0,,,91.0,91.0,91.0,0,evidência insuficiente no Airbnb,0,evidência insuficiente no Airbnb,False,1.0,
latest_available,Preço mais recente,exclude_suspicious_prices,Sem preços ≥ 10 mil,sertaozinho|casa|6 quartos,Sertaozinho · casa · 6 quartos,Sertaozinho,casa,6,6 quartos,2,2575.625,2113.4375,3037.8125,,,96.0,96.0,96.0,0,evidência insuficiente no Airbnb,2,evidência insuficiente no Airbnb,False,2.0,
latest_available,Preço mais recente,exclude_suspicious_prices,Sem preços ≥ 10 mil,alto sao bento|casa|12 quartos,Alto Sao Bento · casa · 12 quartos,Alto Sao Bento,casa,12,12 quartos,1,2500.0,2500.0,2500.0,,,62.0,62.0,62.0,0,evidência insuficiente no Airbnb,1,evidência insuficiente no Airbnb,False,3.0,
latest_available,Preço mais recente,exclude_suspicious_prices,Sem preços ≥ 10 mil,meia praia|apartamento|5 quartos,Meia Praia · apartamento · 5 quartos,Meia Praia,apartamento,5,5 quartos,5,1897.0,1450.0,2100.0,900.0,2300.0,32.0,29.0,53.0,0,evidência insuficiente no Airbnb,1,evidência insuficiente no Airbnb,False,4.0,
latest_available,Preço mais recente,exclude_suspicious_prices,Sem preços ≥ 10 mil,tabuleiro dos oliveiras|casa|4 quartos,Tabuleiro dos Oliveiras · casa · 4 quartos,Tabuleiro dos Oliveiras,casa,4,4 quartos,1,1700.0,1700.0,1700.0,,,68.0,68.0,68.0,0,evidência insuficiente no Airbnb,1,evidência insuficiente no Airbnb,False,5.0,
latest_available,Preço mais recente,exclude_suspicious_prices,Sem preços ≥ 10 mil,varzea|casa|5 quartos,Varzea · casa · 5 quartos,Varzea,casa,5,5 quartos,1,1500.0,1500.0,1500.0,,,102.0,102.0,102.0,0,evidência insuficiente no Airbnb,1,evidência insuficiente no Airbnb,False,6.0,
latest_available,Preço mais recente,exclude_suspicious_prices,Sem preços ≥ 10 mil,centro|casa|4 quartos,Centro · casa · 4 quartos,Centro,casa,4,4 quartos,4,1350.0,975.0,1800.0,,,64.5,51.5,79.25,0,evidência insuficiente no Airbnb,2,evidência insuficiente no Airbnb,False,7.0,
latest_available,Preço mais recente,exclude_suspicious_prices,Sem preços ≥ 10 mil,tabuleiro dos oliveiras|casa|7 quartos,Tabuleiro dos Oliveiras · casa · 7 quartos,Tabuleiro dos Oliveiras,casa,7,7 quartos,1,1350.0,1350.0,1350.0,,,78.0,78.0,78.0,0,evidência insuficiente no Airbnb,0,evidência insuficiente no Airbnb,False,7.0,
latest_available,Preço mais recente,exclude_suspicious_prices,Sem preços ≥ 10 mil,meia praia|casa|7 quartos,Meia Praia · casa · 7 quartos,Meia Praia,casa,7,7 quartos,1,1300.0,1300.0,1300.0,,,49.0,49.0,49.0,0,evidência insuficiente no Airbnb,0,evidência insuficiente no Airbnb,False,9.0,
latest_available,Preço mais recente,exclude_suspicious_prices,Sem preços ≥ 10 mil,tabuleiro dos oliveiras|apartamento|4 quartos,Tabuleiro dos Oliveiras · apartamento · 4 quartos,Tabuleiro dos Oliveiras,apartamento,4,4 quartos,1,1100.0,1100.0,1100.0,,,56.0,56.0,56.0,0,evidência insuficiente no Airbnb,0,evidência insuficiente no Airbnb,False,10.0,
latest_available,Preço mais recente,exclude_suspicious_prices,Sem preços ≥ 10 mil,meia praia|apartamento|4 quartos,Meia Praia · apartamento · 4 quartos,Meia Praia,apartamento,4,4 quartos,60,1012.5,815.0,1651.75,874.0,1450.0,59.0,39.75,76.0,0,principal no Airbnb,43,principal no Airbnb,True,11.0,1.0
latest_available,Preço mais recente,exclude_suspicious_prices,Sem preços ≥ 10 mil,morretes|apartamento|4 quartos,Morretes · apartamento · 4 quartos,Morretes,apartamento,4,4 quartos,3,1000.0,795.0,1250.0,,,58.0,51.5,58.5,0,evidência insuficiente no Airbnb,1,evidência insuficiente no Airbnb,False,12.0,
latest_available,Preço mais recente,exclude_suspicious_prices,Sem preços ≥ 10 mil,sertao do trombudo|casa|4 quartos,Sertao do Trombudo · casa · 4 quartos,Sertao do Trombudo,casa,4,4 quartos,1,1000.0,1000.0,1000.0,,,41.0,41.0,41.0,0,evidência insuficiente no Airbnb,1,evidência insuficiente no Airbnb,False,12.0,
latest_available,Preço mais recente,exclude_suspicious_prices,Sem preços ≥ 10 mil,ilhota|casa|4 quartos,Ilhota · casa · 4 quartos,Ilhota,casa,4,4 quartos,1,946.0,946.0,946.0,,,53.0,53.0,53.0,0,evidência insuficiente no Airbnb,1,evidência insuficiente no Airbnb,False,14.0,
latest_available,Preço mais recente,exclude_suspicious_prices,Sem preços ≥ 10 mil,centro|apartamento|5 quartos,Centro · apartamento · 5 quartos,Centro,apartamento,5,5 quartos,1,850.0,850.0,850.0,,,38.0,38.0,38.0,0,evidência insuficiente no Airbnb,0,evidência insuficiente no Airbnb,False,15.0,
latest_available,Preço mais recente,exclude_suspicious_prices,Sem preços ≥ 10 mil,morretes|casa|4 quartos,Morretes · casa · 4 quartos,Morretes,casa,4,4 quartos,2,850.0,775.0,925.0,,,38.0,29.0,47.0,0,evidência insuficiente no Airbnb,2,evidência insuficiente no Airbnb,False,15.0,
latest_available,Preço mais recente,exclude_suspicious_prices,Sem preços ≥ 10 mil,meia praia|casa|4 quartos,Meia Praia · casa · 4 quartos,Meia Praia,casa,4,4 quartos,2,800.0,650.0,950.0,,,60.5,59.75,61.25,0,evidência insuficiente no Airbnb,1,evidência insuficiente no Airbnb,False,17.0,
latest_available,Preço mais recente,exclude_suspicious_prices,Sem preços ≥ 10 mil,canto da praia|casa|1 quarto,Canto da Praia · casa · 1 quarto,Canto da Praia,casa,1,1 quarto,1,793.0,793.0,793.0,,,82.0,82.0,82.0,0,evidência insuficiente no Airbnb,0,evidência insuficiente no Airbnb,False,18.0,
latest_available,Preço mais recente,exclude_suspicious_prices,Sem preços ≥ 10 mil,centro|apartamento|3 quartos,Centro · apartamento · 3 quartos,Centro,apartamento,3,3 quartos,45,790.0,523.0,850.0,650.0,842.0,66.0,39.0,78.0,0,principal no Airbnb,38,principal no Airbnb,True,19.0,2.0
latest_available,Preço mais recente,exclude_suspicious_prices,Sem preços ≥ 10 mil,centro|apartamento|4 quartos,Centro · apartamento · 4 quartos,Centro,apartamento,4,4 quartos,4,745.0,637.5,862.5,,,40.0,36.0,46.0,0,evidência insuficiente no Airbnb,1,evidência insuficiente no Airbnb,False,20.0,
latest_available,Preço mais recente,exclude_suspicious_prices,Sem preços ≥ 10 mil,desconhecido|casa|1 quarto,Desconhecido · casa · 1 quarto,Desconhecido,casa,1,1 quarto,3,709.0,649.5,754.5,,,52.0,47.5,69.0,0,evidência insuficiente no Airbnb,0,evidência insuficiente no Airbnb,False,21.0,
latest_available,Preço mais recente,exclude_suspicious_prices,Sem preços ≥ 10 mil,canto da praia|casa|3 quartos,Canto da Praia · casa · 3 quartos,Canto da Praia,casa,3,3 quartos,2,700.0,650.0,750.0,,,75.5,71.25,79.75,0,evidência insuficiente no Airbnb,0,evidência insuficiente no Airbnb,False,22.0,
latest_available,Preço mais recente,exclude_suspicious_prices,Sem preços ≥ 10 mil,varzea|casa|3 quartos,Varzea · casa · 3 quartos,Varzea,casa,3,3 quartos,1,700.0,700.0,700.0,,,18.0,18.0,18.0,0,evidência insuficiente no Airbnb,1,evidência insuficiente no Airbnb,False,22.0,
latest_available,Preço mais recente,exclude_suspicious_prices,Sem preços ≥ 10 mil,centro|casa|3 quartos,Centro · casa · 3 quartos,Centro,casa,3,3 quartos,2,675.0,512.5,837.5,,,60.0,44.5,75.5,0,evidência insuficiente no Airbnb,0,evidência insuficiente no Airbnb,False,24.0,
latest_available,Preço mais recente,exclude_suspicious_prices,Sem preços ≥ 10 mil,meia praia|apartamento|3 quartos,Meia Praia · apartamento · 3 quartos,Meia Praia,apartamento,3,3 quartos,327,655.25,500.0,832.5,620.3333,700.0,61.0,39.0,76.5,0,principal no Airbnb,284,principal no Airbnb,True,25.0,3.0
latest_available,Preço mais recente,exclude_suspicious_prices,Sem preços ≥ 10 mil,morretes|apartamento|3 quartos,Morretes · apartamento · 3 quartos,Morretes,apartamento,3,3 quartos,10,611.0833250000001,515.0,907.25,494.25000000000006,993.0,60.0,30.25,70.5,0,exploratório no Airbnb,9,evidência insuficiente no Airbnb,False,26.0,
latest_available,Preço mais recente,exclude_suspicious_prices,Sem preços ≥ 10 mil,tabuleiro dos oliveiras|apartamento|3 quartos,Tabuleiro dos Oliveiras · apartamento · 3 quartos,Tabuleiro dos Oliveiras,apartamento,3,3 quartos,4,597.0,495.0,665.5,,,81.5,71.75,82.75,0,evidência insuficiente no Airbnb,3,evidência insuficiente no Airbnb,False,27.0,
latest_available,Preço mais recente,exclude_suspicious_prices,Sem preços ≥ 10 mil,ilhota|casa|3 quartos,Ilhota · casa · 3 quartos,Ilhota,casa,3,3 quartos,2,595.0,542.5,647.5,,,77.5,75.75,79.25,0,evidência insuficiente no Airbnb,2,evidência insuficiente no Airbnb,False,28.0,
latest_available,Preço mais recente,exclude_suspicious_prices,Sem preços ≥ 10 mil,ilhota|apartamento|2 quartos,Ilhota · apartamento · 2 quartos,Ilhota,apartamento,2,2 quartos,2,587.5,586.25,588.75,,,71.0,70.0,72.0,0,evidência insuficiente no Airbnb,1,evidência insuficiente no Airbnb,False,29.0,
latest_available,Preço mais recente,exclude_suspicious_prices,Sem preços ≥ 10 mil,centro|apartamento|2 quartos,Centro · apartamento · 2 quartos,Centro,apartamento,2,2 quartos,65,580.0,370.0,713.0,450.0,644.0,70.0,48.0,85.0,0,principal no Airbnb,59,principal no Airbnb,True,30.0,4.0
latest_available,Preço mais recente,exclude_suspicious_prices,Sem preços ≥ 10 mil,areal|casa|1 quarto,Areal · casa · 1 quarto,Areal,casa,1,1 quarto,1,556.0,556.0,556.0,,,37.0,37.0,37.0,0,evidência insuficiente no Airbnb,1,evidência insuficiente no Airbnb,False,31.0,
latest_available,Preço mais recente,exclude_suspicious_prices,Sem preços ≥ 10 mil,canto da praia|apartamento|2 quartos,Canto da Praia · apartamento · 2 quartos,Canto da Praia,apartamento,2,2 quartos,4,509.0,494.75,538.375,,,62.0,46.75,70.25,0,evidência insuficiente no Airbnb,4,evidência insuficiente no Airbnb,False,32.0,
latest_available,Preço mais recente,exclude_suspicious_prices,Sem preços ≥ 10 mil,ilhota|apartamento|3 quartos,Ilhota · apartamento · 3 quartos,Ilhota,apartamento,3,3 quartos,1,500.0,500.0,500.0,,,64.0,64.0,64.0,0,evidência insuficiente no Airbnb,0,evidência insuficiente no Airbnb,False,33.0,
latest_available,Preço mais recente,exclude_suspicious_prices,Sem preços ≥ 10 mil,morretes|casa|3 quartos,Morretes · casa · 3 quartos,Morretes,casa,3,3 quartos,1,500.0,500.0,500.0,,,65.0,65.0,65.0,0,evidência insuficiente no Airbnb,0,evidência insuficiente no Airbnb,False,33.0,
latest_available,Preço mais recente,exclude_suspicious_prices,Sem preços ≥ 10 mil,sertaozinho|casa|2 quartos,Sertaozinho · casa · 2 quartos,Sertaozinho,casa,2,2 quartos,1,500.0,500.0,500.0,,,86.0,86.0,86.0,0,evidência insuficiente no Airbnb,1,evidência insuficiente no Airbnb,False,33.0,
latest_available,Preço mais recente,exclude_suspicious_prices,Sem preços ≥ 10 mil,sertaozinho|casa|3 quartos,Sertaozinho · casa · 3 quartos,Sertaozinho,casa,3,3 quartos,1,500.0,500.0,500.0,,,84.0,84.0,84.0,0,evidência insuficiente no Airbnb,0,evidência insuficiente no Airbnb,False,33.0,
latest_available,Preço mais recente,exclude_suspicious_prices,Sem preços ≥ 10 mil,morretes|apartamento|2 quartos,Morretes · apartamento · 2 quartos,Morretes,apartamento,2,2 quartos,50,461.0,350.0,555.625,400.0,500.0,63.0,45.5,78.0,0,principal no Airbnb,43,principal no Airbnb,True,37.0,5.0
latest_available,Preço mais recente,exclude_suspicious_prices,Sem preços ≥ 10 mil,meia praia|apartamento|2 quartos,Meia Praia · apartamento · 2 quartos,Meia Praia,apartamento,2,2 quartos,186,450.0,360.0,582.25,415.5,499.0,56.0,37.25,69.0,0,principal no Airbnb,126,principal no Airbnb,True,38.0,6.0
latest_available,Preço mais recente,exclude_suspicious_prices,Sem preços ≥ 10 mil,meia praia|casa|3 quartos,Meia Praia · casa · 3 quartos,Meia Praia,casa,3,3 quartos,5,450.0,400.0,600.0,380.0,650.0,38.0,5.0,46.0,0,evidência insuficiente no Airbnb,0,evidência insuficiente no Airbnb,False,38.0,
latest_available,Preço mais recente,exclude_suspicious_prices,Sem preços ≥ 10 mil,meia praia|casa|2 quartos,Meia Praia · casa · 2 quartos,Meia Praia,casa,2,2 quartos,3,446.0,372.5,473.0,,,40.0,38.0,43.0,0,evidência insuficiente no Airbnb,0,evidência insuficiente no Airbnb,False,40.0,
latest_available,Preço mais recente,exclude_suspicious_prices,Sem preços ≥ 10 mil,centro|apartamento|1 quarto,Centro · apartamento · 1 quarto,Centro,apartamento,1,1 quarto,78,445.0,376.25,523.999975,385.0,493.5,77.0,67.0,84.75,0,principal no Airbnb,75,principal no Airbnb,True,41.0,7.0
latest_available,Preço mais recente,exclude_suspicious_prices,Sem preços ≥ 10 mil,meia praia|apartamento|1 quarto,Meia Praia · apartamento · 1 quarto,Meia Praia,apartamento,1,1 quarto,20,441.0,373.5,523.25,389.0,516.0,65.5,58.5,76.25,1,exploratório no Airbnb,16,exploratório no Airbnb,False,42.0,
latest_available,Preço mais recente,exclude_suspicious_prices,Sem preços ≥ 10 mil,meia praia|apartamento|0 quartos,Meia Praia · apartamento · 0 quartos,Meia Praia,apartamento,0,0 quartos,8,435.0,325.6,542.5,310.0,550.0,59.0,51.25,85.5,0,evidência insuficiente no Airbnb,7,evidência insuficiente no Airbnb,False,43.0,
latest_available,Preço mais recente,exclude_suspicious_prices,Sem preços ≥ 10 mil,tabuleiro dos oliveiras|apartamento|2 quartos,Tabuleiro dos Oliveiras · apartamento · 2 quartos,Tabuleiro dos Oliveiras,apartamento,2,2 quartos,12,425.0,385.25,581.0,373.5,602.0,61.0,51.25,79.5,0,exploratório no Airbnb,12,exploratório no Airbnb,False,44.0,
latest_available,Preço mais recente,exclude_suspicious_prices,Sem preços ≥ 10 mil,morretes|apartamento|1 quarto,Morretes · apartamento · 1 quarto,Morretes,apartamento,1,1 quarto,4,415.0,306.25,491.25,,,29.5,12.0,54.0,0,evidência insuficiente no Airbnb,3,evidência insuficiente no Airbnb,False,45.0,
latest_available,Preço mais recente,exclude_suspicious_prices,Sem preços ≥ 10 mil,casa branca|apartamento|3 quartos,Casa Branca · apartamento · 3 quartos,Casa Branca,apartamento,3,3 quartos,2,403.0,354.5,451.5,,,64.0,62.5,65.5,0,evidência insuficiente no Airbnb,2,evidência insuficiente no Airbnb,False,46.0,
latest_available,Preço mais recente,exclude_suspicious_prices,Sem preços ≥ 10 mil,alto sao bento|casa|1 quarto,Alto Sao Bento · casa · 1 quarto,Alto Sao Bento,casa,1,1 quarto,1,400.0,400.0,400.0,,,43.0,43.0,43.0,0,evidência insuficiente no Airbnb,0,evidência insuficiente no Airbnb,False,47.0,
latest_available,Preço mais recente,exclude_suspicious_prices,Sem preços ≥ 10 mil,sertao do trombudo|casa|1 quarto,Sertao do Trombudo · casa · 1 quarto,Sertao do Trombudo,casa,1,1 quarto,2,380.0,375.0,385.0,,,79.5,77.25,81.75,0,evidência insuficiente no Airbnb,2,evidência insuficiente no Airbnb,False,48.0,
latest_available,Preço mais recente,exclude_suspicious_prices,Sem preços ≥ 10 mil,casa branca|apartamento|2 quartos,Casa Branca · apartamento · 2 quartos,Casa Branca,apartamento,2,2 quartos,11,350.0,297.5,385.0,280.0,400.0,63.0,56.0,66.5,0,exploratório no Airbnb,4,evidência insuficiente no Airbnb,False,49.0,
latest_available,Preço mais recente,exclude_suspicious_prices,Sem preços ≥ 10 mil,morretes|casa|2 quartos,Morretes · casa · 2 quartos,Morretes,casa,2,2 quartos,9,347.0,300.0,406.0,299.0,800.0,65.0,47.0,75.0,0,evidência insuficiente no Airbnb,8,evidência insuficiente no Airbnb,False,50.0,
latest_available,Preço mais recente,exclude_suspicious_prices,Sem preços ≥ 10 mil,ilhota|apartamento|1 quarto,Ilhota · apartamento · 1 quarto,Ilhota,apartamento,1,1 quarto,2,345.5,343.25,347.75,,,83.5,81.75,85.25,0,evidência insuficiente no Airbnb,2,evidência insuficiente no Airbnb,False,51.0,
latest_available,Preço mais recente,exclude_suspicious_prices,Sem preços ≥ 10 mil,canto da praia|apartamento|3 quartos,Canto da Praia · apartamento · 3 quartos,Canto da Praia,apartamento,3,3 quartos,1,307.625,307.625,307.625,,,28.0,28.0,28.0,0,evidência insuficiente no Airbnb,1,evidência insuficiente no Airbnb,False,52.0,
latest_available,Preço mais recente,exclude_suspicious_prices,Sem preços ≥ 10 mil,centro|casa|2 quartos,Centro · casa · 2 quartos,Centro,casa,2,2 quartos,2,302.0,276.0,328.0,,,25.5,19.25,31.75,0,evidência insuficiente no Airbnb,1,evidência insuficiente no Airbnb,False,53.0,
latest_available,Preço mais recente,exclude_suspicious_prices,Sem preços ≥ 10 mil,centro|casa|1 quarto,Centro · casa · 1 quarto,Centro,casa,1,1 quarto,1,283.0,283.0,283.0,,,11.0,11.0,11.0,0,evidência insuficiente no Airbnb,1,evidência insuficiente no Airbnb,False,54.0,
latest_available,Preço mais recente,exclude_suspicious_prices,Sem preços ≥ 10 mil,morretes|casa|1 quarto,Morretes · casa · 1 quarto,Morretes,casa,1,1 quarto,2,282.0,237.5,326.5,,,60.0,53.5,66.5,0,evidência insuficiente no Airbnb,0,evidência insuficiente no Airbnb,False,55.0,
latest_available,Preço mais recente,exclude_suspicious_prices,Sem preços ≥ 10 mil,ilhota|casa|2 quartos,Ilhota · casa · 2 quartos,Ilhota,casa,2,2 quartos,2,280.0,245.0,315.0,,,33.5,31.25,35.75,0,evidência insuficiente no Airbnb,1,evidência insuficiente no Airbnb,False,56.0,
latest_available,Preço mais recente,exclude_suspicious_prices,Sem preços ≥ 10 mil,casa branca|casa|1 quarto,Casa Branca · casa · 1 quarto,Casa Branca,casa,1,1 quarto,2,274.5,261.75,287.25,,,34.0,22.0,46.0,0,evidência insuficiente no Airbnb,1,evidência insuficiente no Airbnb,False,57.0,
latest_available,Preço mais recente,exclude_suspicious_prices,Sem preços ≥ 10 mil,sertaozinho|casa|1 quarto,Sertaozinho · casa · 1 quarto,Sertaozinho,casa,1,1 quarto,2,274.5,227.25,321.75,,,67.0,61.5,72.5,0,evidência insuficiente no Airbnb,0,evidência insuficiente no Airbnb,False,57.0,
latest_available,Preço mais recente,exclude_suspicious_prices,Sem preços ≥ 10 mil,alto sao bento|apartamento|1 quarto,Alto Sao Bento · apartamento · 1 quarto,Alto Sao Bento,apartamento,1,1 quarto,2,230.0,205.0,255.0,,,67.5,65.25,69.75,0,evidência insuficiente no Airbnb,1,evidência insuficiente no Airbnb,False,59.0,
latest_available,Preço mais recente,exclude_suspicious_prices,Sem preços ≥ 10 mil,jardim praiamar|casa|1 quarto,Jardim Praiamar · casa · 1 quarto,Jardim Praiamar,casa,1,1 quarto,1,200.0,200.0,200.0,,,60.0,60.0,60.0,0,evidência insuficiente no Airbnb,0,evidência insuficiente no Airbnb,False,60.0,
latest_available,Preço mais recente,exclude_suspicious_prices,Sem preços ≥ 10 mil,leopoldo zarling|casa|1 quarto,Leopoldo Zarling · casa · 1 quarto,Leopoldo Zarling,casa,1,1 quarto,1,200.0,200.0,200.0,,,70.0,70.0,70.0,0,evidência insuficiente no Airbnb,0,evidência insuficiente no Airbnb,False,60.0,
latest_available,Preço mais recente,exclude_suspicious_prices,Sem preços ≥ 10 mil,alto sao bento|apartamento|2 quartos,Alto Sao Bento · apartamento · 2 quartos,Alto Sao Bento,apartamento,2,2 quartos,1,199.0,199.0,199.0,,,48.0,48.0,48.0,0,evidência insuficiente no Airbnb,1,evidência insuficiente no Airbnb,False,62.0,
latest_available,Preço mais recente,exclude_suspicious_prices,Sem preços ≥ 10 mil,meia praia|casa|1 quarto,Meia Praia · casa · 1 quarto,Meia Praia,casa,1,1 quarto,1,195.0,195.0,195.0,,,68.0,68.0,68.0,0,evidência insuficiente no Airbnb,1,evidência insuficiente no Airbnb,False,63.0,
latest_available,Preço mais recente,exclude_suspicious_prices,Sem preços ≥ 10 mil,varzea|casa|1 quarto,Varzea · casa · 1 quarto,Varzea,casa,1,1 quarto,3,185.0,167.0,317.5,,,35.0,22.0,41.5,0,evidência insuficiente no Airbnb,1,evidência insuficiente no Airbnb,False,64.0,
latest_available,Preço mais recente,original,Valores originais,canto da praia|casa|4 quartos,Canto da Praia · casa · 4 quartos,Canto da Praia,casa,4,4 quartos,1,3900.0,3900.0,3900.0,,,91.0,91.0,91.0,0,evidência insuficiente no Airbnb,0,evidência insuficiente no Airbnb,False,1.0,
latest_available,Preço mais recente,original,Valores originais,sertaozinho|casa|6 quartos,Sertaozinho · casa · 6 quartos,Sertaozinho,casa,6,6 quartos,2,2575.625,2113.4375,3037.8125,,,96.0,96.0,96.0,0,evidência insuficiente no Airbnb,2,evidência insuficiente no Airbnb,False,2.0,
latest_available,Preço mais recente,original,Valores originais,alto sao bento|casa|12 quartos,Alto Sao Bento · casa · 12 quartos,Alto Sao Bento,casa,12,12 quartos,1,2500.0,2500.0,2500.0,,,62.0,62.0,62.0,0,evidência insuficiente no Airbnb,1,evidência insuficiente no Airbnb,False,3.0,
latest_available,Preço mais recente,original,Valores originais,meia praia|apartamento|5 quartos,Meia Praia · apartamento · 5 quartos,Meia Praia,apartamento,5,5 quartos,5,1897.0,1450.0,2100.0,900.0,2300.0,32.0,29.0,53.0,0,evidência insuficiente no Airbnb,1,evidência insuficiente no Airbnb,False,4.0,
latest_available,Preço mais recente,original,Valores originais,tabuleiro dos oliveiras|casa|4 quartos,Tabuleiro dos Oliveiras · casa · 4 quartos,Tabuleiro dos Oliveiras,casa,4,4 quartos,1,1700.0,1700.0,1700.0,,,68.0,68.0,68.0,0,evidência insuficiente no Airbnb,1,evidência insuficiente no Airbnb,False,5.0,
latest_available,Preço mais recente,original,Valores originais,varzea|casa|5 quartos,Varzea · casa · 5 quartos,Varzea,casa,5,5 quartos,1,1500.0,1500.0,1500.0,,,102.0,102.0,102.0,0,evidência insuficiente no Airbnb,1,evidência insuficiente no Airbnb,False,6.0,
latest_available,Preço mais recente,original,Valores originais,centro|casa|4 quartos,Centro · casa · 4 quartos,Centro,casa,4,4 quartos,4,1350.0,975.0,1800.0,,,64.5,51.5,79.25,0,evidência insuficiente no Airbnb,2,evidência insuficiente no Airbnb,False,7.0,
latest_available,Preço mais recente,original,Valores originais,tabuleiro dos oliveiras|casa|7 quartos,Tabuleiro dos Oliveiras · casa · 7 quartos,Tabuleiro dos Oliveiras,casa,7,7 quartos,1,1350.0,1350.0,1350.0,,,78.0,78.0,78.0,0,evidência insuficiente no Airbnb,0,evidência insuficiente no Airbnb,False,7.0,
latest_available,Preço mais recente,original,Valores originais,meia praia|casa|7 quartos,Meia Praia · casa · 7 quartos,Meia Praia,casa,7,7 quartos,1,1300.0,1300.0,1300.0,,,49.0,49.0,49.0,0,evidência insuficiente no Airbnb,0,evidência insuficiente no Airbnb,False,9.0,
latest_available,Preço mais recente,original,Valores originais,tabuleiro dos oliveiras|apartamento|4 quartos,Tabuleiro dos Oliveiras · apartamento · 4 quartos,Tabuleiro dos Oliveiras,apartamento,4,4 quartos,1,1100.0,1100.0,1100.0,,,56.0,56.0,56.0,0,evidência insuficiente no Airbnb,0,evidência insuficiente no Airbnb,False,10.0,
latest_available,Preço mais recente,original,Valores originais,meia praia|apartamento|4 quartos,Meia Praia · apartamento · 4 quartos,Meia Praia,apartamento,4,4 quartos,60,1012.5,815.0,1651.75,882.0,1450.0,59.0,39.75,76.0,0,principal no Airbnb,43,principal no Airbnb,True,11.0,1.0
latest_available,Preço mais recente,original,Valores originais,morretes|apartamento|4 quartos,Morretes · apartamento · 4 quartos,Morretes,apartamento,4,4 quartos,3,1000.0,795.0,1250.0,,,58.0,51.5,58.5,0,evidência insuficiente no Airbnb,1,evidência insuficiente no Airbnb,False,12.0,
latest_available,Preço mais recente,original,Valores originais,sertao do trombudo|casa|4 quartos,Sertao do Trombudo · casa · 4 quartos,Sertao do Trombudo,casa,4,4 quartos,1,1000.0,1000.0,1000.0,,,41.0,41.0,41.0,0,evidência insuficiente no Airbnb,1,evidência insuficiente no Airbnb,False,12.0,
latest_available,Preço mais recente,original,Valores originais,ilhota|casa|4 quartos,Ilhota · casa · 4 quartos,Ilhota,casa,4,4 quartos,1,946.0,946.0,946.0,,,53.0,53.0,53.0,0,evidência insuficiente no Airbnb,1,evidência insuficiente no Airbnb,False,14.0,
latest_available,Preço mais recente,original,Valores originais,centro|apartamento|5 quartos,Centro · apartamento · 5 quartos,Centro,apartamento,5,5 quartos,1,850.0,850.0,850.0,,,38.0,38.0,38.0,0,evidência insuficiente no Airbnb,0,evidência insuficiente no Airbnb,False,15.0,
latest_available,Preço mais recente,original,Valores originais,morretes|casa|4 quartos,Morretes · casa · 4 quartos,Morretes,casa,4,4 quartos,2,850.0,775.0,925.0,,,38.0,29.0,47.0,0,evidência insuficiente no Airbnb,2,evidência insuficiente no Airbnb,False,15.0,
latest_available,Preço mais recente,original,Valores originais,meia praia|casa|4 quartos,Meia Praia · casa · 4 quartos,Meia Praia,casa,4,4 quartos,2,800.0,650.0,950.0,,,60.5,59.75,61.25,0,evidência insuficiente no Airbnb,1,evidência insuficiente no Airbnb,False,17.0,
latest_available,Preço mais recente,original,Valores originais,canto da praia|casa|1 quarto,Canto da Praia · casa · 1 quarto,Canto da Praia,casa,1,1 quarto,1,793.0,793.0,793.0,,,82.0,82.0,82.0,0,evidência insuficiente no Airbnb,0,evidência insuficiente no Airbnb,False,18.0,
latest_available,Preço mais recente,original,Valores originais,centro|apartamento|3 quartos,Centro · apartamento · 3 quartos,Centro,apartamento,3,3 quartos,45,790.0,523.0,850.0,650.0,811.5,66.0,39.0,78.0,0,principal no Airbnb,38,principal no Airbnb,True,19.0,2.0
latest_available,Preço mais recente,original,Valores originais,centro|apartamento|4 quartos,Centro · apartamento · 4 quartos,Centro,apartamento,4,4 quartos,4,745.0,637.5,862.5,,,40.0,36.0,46.0,0,evidência insuficiente no Airbnb,1,evidência insuficiente no Airbnb,False,20.0,
latest_available,Preço mais recente,original,Valores originais,desconhecido|casa|1 quarto,Desconhecido · casa · 1 quarto,Desconhecido,casa,1,1 quarto,3,709.0,649.5,754.5,,,52.0,47.5,69.0,0,evidência insuficiente no Airbnb,0,evidência insuficiente no Airbnb,False,21.0,
latest_available,Preço mais recente,original,Valores originais,canto da praia|casa|3 quartos,Canto da Praia · casa · 3 quartos,Canto da Praia,casa,3,3 quartos,2,700.0,650.0,750.0,,,75.5,71.25,79.75,0,evidência insuficiente no Airbnb,0,evidência insuficiente no Airbnb,False,22.0,
latest_available,Preço mais recente,original,Valores originais,varzea|casa|3 quartos,Varzea · casa · 3 quartos,Varzea,casa,3,3 quartos,1,700.0,700.0,700.0,,,18.0,18.0,18.0,0,evidência insuficiente no Airbnb,1,evidência insuficiente no Airbnb,False,22.0,
latest_available,Preço mais recente,original,Valores originais,centro|casa|3 quartos,Centro · casa · 3 quartos,Centro,casa,3,3 quartos,2,675.0,512.5,837.5,,,60.0,44.5,75.5,0,evidência insuficiente no Airbnb,0,evidência insuficiente no Airbnb,False,24.0,
latest_available,Preço mais recente,original,Valores originais,meia praia|apartamento|3 quartos,Meia Praia · apartamento · 3 quartos,Meia Praia,apartamento,3,3 quartos,327,655.25,500.0,832.5,620.3333,700.0,61.0,39.0,76.5,0,principal no Airbnb,284,principal no Airbnb,True,25.0,3.0
latest_available,Preço mais recente,original,Valores originais,morretes|apartamento|3 quartos,Morretes · apartamento · 3 quartos,Morretes,apartamento,3,3 quartos,10,611.0833250000001,515.0,907.25,500.0,993.0,60.0,30.25,70.5,0,exploratório no Airbnb,9,evidência insuficiente no Airbnb,False,26.0,
latest_available,Preço mais recente,original,Valores originais,tabuleiro dos oliveiras|apartamento|3 quartos,Tabuleiro dos Oliveiras · apartamento · 3 quartos,Tabuleiro dos Oliveiras,apartamento,3,3 quartos,4,597.0,495.0,665.5,,,81.5,71.75,82.75,0,evidência insuficiente no Airbnb,3,evidência insuficiente no Airbnb,False,27.0,
latest_available,Preço mais recente,original,Valores originais,ilhota|casa|3 quartos,Ilhota · casa · 3 quartos,Ilhota,casa,3,3 quartos,2,595.0,542.5,647.5,,,77.5,75.75,79.25,0,evidência insuficiente no Airbnb,2,evidência insuficiente no Airbnb,False,28.0,
latest_available,Preço mais recente,original,Valores originais,ilhota|apartamento|2 quartos,Ilhota · apartamento · 2 quartos,Ilhota,apartamento,2,2 quartos,2,587.5,586.25,588.75,,,71.0,70.0,72.0,0,evidência insuficiente no Airbnb,1,evidência insuficiente no Airbnb,False,29.0,
latest_available,Preço mais recente,original,Valores originais,centro|apartamento|2 quartos,Centro · apartamento · 2 quartos,Centro,apartamento,2,2 quartos,65,580.0,370.0,713.0,450.0,656.0,70.0,48.0,85.0,0,principal no Airbnb,59,principal no Airbnb,True,30.0,4.0
latest_available,Preço mais recente,original,Valores originais,areal|casa|1 quarto,Areal · casa · 1 quarto,Areal,casa,1,1 quarto,1,556.0,556.0,556.0,,,37.0,37.0,37.0,0,evidência insuficiente no Airbnb,1,evidência insuficiente no Airbnb,False,31.0,
latest_available,Preço mais recente,original,Valores originais,canto da praia|apartamento|2 quartos,Canto da Praia · apartamento · 2 quartos,Canto da Praia,apartamento,2,2 quartos,4,509.0,494.75,538.375,,,62.0,46.75,70.25,0,evidência insuficiente no Airbnb,4,evidência insuficiente no Airbnb,False,32.0,
latest_available,Preço mais recente,original,Valores originais,ilhota|apartamento|3 quartos,Ilhota · apartamento · 3 quartos,Ilhota,apartamento,3,3 quartos,1,500.0,500.0,500.0,,,64.0,64.0,64.0,0,evidência insuficiente no Airbnb,0,evidência insuficiente no Airbnb,False,33.0,
latest_available,Preço mais recente,original,Valores originais,morretes|casa|3 quartos,Morretes · casa · 3 quartos,Morretes,casa,3,3 quartos,1,500.0,500.0,500.0,,,65.0,65.0,65.0,0,evidência insuficiente no Airbnb,0,evidência insuficiente no Airbnb,False,33.0,
latest_available,Preço mais recente,original,Valores originais,sertaozinho|casa|2 quartos,Sertaozinho · casa · 2 quartos,Sertaozinho,casa,2,2 quartos,1,500.0,500.0,500.0,,,86.0,86.0,86.0,0,evidência insuficiente no Airbnb,1,evidência insuficiente no Airbnb,False,33.0,
latest_available,Preço mais recente,original,Valores originais,sertaozinho|casa|3 quartos,Sertaozinho · casa · 3 quartos,Sertaozinho,casa,3,3 quartos,1,500.0,500.0,500.0,,,84.0,84.0,84.0,0,evidência insuficiente no Airbnb,0,evidência insuficiente no Airbnb,False,33.0,
latest_available,Preço mais recente,original,Valores originais,morretes|apartamento|2 quartos,Morretes · apartamento · 2 quartos,Morretes,apartamento,2,2 quartos,51,464.0,350.0,559.25,400.0,500.0,62.0,44.0,78.0,1,principal no Airbnb,43,principal no Airbnb,True,37.0,5.0
latest_available,Preço mais recente,original,Valores originais,meia praia|apartamento|2 quartos,Meia Praia · apartamento · 2 quartos,Meia Praia,apartamento,2,2 quartos,187,450.0,360.0,583.83335,420.0,500.0,56.0,37.5,69.5,1,principal no Airbnb,126,principal no Airbnb,True,38.0,6.0
latest_available,Preço mais recente,original,Valores originais,meia praia|casa|3 quartos,Meia Praia · casa · 3 quartos,Meia Praia,casa,3,3 quartos,5,450.0,400.0,600.0,380.0,650.0,38.0,5.0,46.0,0,evidência insuficiente no Airbnb,0,evidência insuficiente no Airbnb,False,38.0,
latest_available,Preço mais recente,original,Valores originais,meia praia|casa|2 quartos,Meia Praia · casa · 2 quartos,Meia Praia,casa,2,2 quartos,3,446.0,372.5,473.0,,,40.0,38.0,43.0,0,evidência insuficiente no Airbnb,0,evidência insuficiente no Airbnb,False,40.0,
latest_available,Preço mais recente,original,Valores originais,centro|apartamento|1 quarto,Centro · apartamento · 1 quarto,Centro,apartamento,1,1 quarto,78,445.0,376.25,523.999975,385.0,495.0,77.0,67.0,84.75,0,principal no Airbnb,75,principal no Airbnb,True,41.0,7.0
latest_available,Preço mais recente,original,Valores originais,meia praia|apartamento|1 quarto,Meia Praia · apartamento · 1 quarto,Meia Praia,apartamento,1,1 quarto,20,441.0,373.5,523.25,389.0,508.0,65.5,58.5,76.25,1,exploratório no Airbnb,16,exploratório no Airbnb,False,42.0,
latest_available,Preço mais recente,original,Valores originais,meia praia|apartamento|0 quartos,Meia Praia · apartamento · 0 quartos,Meia Praia,apartamento,0,0 quartos,8,435.0,325.6,542.5,310.0,550.0,59.0,51.25,85.5,0,evidência insuficiente no Airbnb,7,evidência insuficiente no Airbnb,False,43.0,
latest_available,Preço mais recente,original,Valores originais,tabuleiro dos oliveiras|apartamento|2 quartos,Tabuleiro dos Oliveiras · apartamento · 2 quartos,Tabuleiro dos Oliveiras,apartamento,2,2 quartos,12,425.0,385.25,581.0,373.5,602.0,61.0,51.25,79.5,0,exploratório no Airbnb,12,exploratório no Airbnb,False,44.0,
latest_available,Preço mais recente,original,Valores originais,morretes|apartamento|1 quarto,Morretes · apartamento · 1 quarto,Morretes,apartamento,1,1 quarto,4,415.0,306.25,491.25,,,29.5,12.0,54.0,0,evidência insuficiente no Airbnb,3,evidência insuficiente no Airbnb,False,45.0,
latest_available,Preço mais recente,original,Valores originais,casa branca|apartamento|3 quartos,Casa Branca · apartamento · 3 quartos,Casa Branca,apartamento,3,3 quartos,2,403.0,354.5,451.5,,,64.0,62.5,65.5,0,evidência insuficiente no Airbnb,2,evidência insuficiente no Airbnb,False,46.0,
latest_available,Preço mais recente,original,Valores originais,alto sao bento|casa|1 quarto,Alto Sao Bento · casa · 1 quarto,Alto Sao Bento,casa,1,1 quarto,1,400.0,400.0,400.0,,,43.0,43.0,43.0,0,evidência insuficiente no Airbnb,0,evidência insuficiente no Airbnb,False,47.0,
latest_available,Preço mais recente,original,Valores originais,sertao do trombudo|casa|1 quarto,Sertao do Trombudo · casa · 1 quarto,Sertao do Trombudo,casa,1,1 quarto,2,380.0,375.0,385.0,,,79.5,77.25,81.75,0,evidência insuficiente no Airbnb,2,evidência insuficiente no Airbnb,False,48.0,
latest_available,Preço mais recente,original,Valores originais,casa branca|apartamento|2 quartos,Casa Branca · apartamento · 2 quartos,Casa Branca,apartamento,2,2 quartos,11,350.0,297.5,385.0,280.0,400.0,63.0,56.0,66.5,0,exploratório no Airbnb,4,evidência insuficiente no Airbnb,False,49.0,
latest_available,Preço mais recente,original,Valores originais,morretes|casa|2 quartos,Morretes · casa · 2 quartos,Morretes,casa,2,2 quartos,9,347.0,300.0,406.0,299.0,800.0,65.0,47.0,75.0,0,evidência insuficiente no Airbnb,8,evidência insuficiente no Airbnb,False,50.0,
latest_available,Preço mais recente,original,Valores originais,ilhota|apartamento|1 quarto,Ilhota · apartamento · 1 quarto,Ilhota,apartamento,1,1 quarto,2,345.5,343.25,347.75,,,83.5,81.75,85.25,0,evidência insuficiente no Airbnb,2,evidência insuficiente no Airbnb,False,51.0,
latest_available,Preço mais recente,original,Valores originais,canto da praia|apartamento|3 quartos,Canto da Praia · apartamento · 3 quartos,Canto da Praia,apartamento,3,3 quartos,1,307.625,307.625,307.625,,,28.0,28.0,28.0,0,evidência insuficiente no Airbnb,1,evidência insuficiente no Airbnb,False,52.0,
latest_available,Preço mais recente,original,Valores originais,centro|casa|2 quartos,Centro · casa · 2 quartos,Centro,casa,2,2 quartos,2,302.0,276.0,328.0,,,25.5,19.25,31.75,0,evidência insuficiente no Airbnb,1,evidência insuficiente no Airbnb,False,53.0,
latest_available,Preço mais recente,original,Valores originais,centro|casa|1 quarto,Centro · casa · 1 quarto,Centro,casa,1,1 quarto,1,283.0,283.0,283.0,,,11.0,11.0,11.0,0,evidência insuficiente no Airbnb,1,evidência insuficiente no Airbnb,False,54.0,
latest_available,Preço mais recente,original,Valores originais,morretes|casa|1 quarto,Morretes · casa · 1 quarto,Morretes,casa,1,1 quarto,2,282.0,237.5,326.5,,,60.0,53.5,66.5,0,evidência insuficiente no Airbnb,0,evidência insuficiente no Airbnb,False,55.0,
latest_available,Preço mais recente,original,Valores originais,ilhota|casa|2 quartos,Ilhota · casa · 2 quartos,Ilhota,casa,2,2 quartos,2,280.0,245.0,315.0,,,33.5,31.25,35.75,0,evidência insuficiente no Airbnb,1,evidência insuficiente no Airbnb,False,56.0,
latest_available,Preço mais recente,original,Valores originais,casa branca|casa|1 quarto,Casa Branca · casa · 1 quarto,Casa Branca,casa,1,1 quarto,2,274.5,261.75,287.25,,,34.0,22.0,46.0,0,evidência insuficiente no Airbnb,1,evidência insuficiente no Airbnb,False,57.0,
latest_available,Preço mais recente,original,Valores originais,sertaozinho|casa|1 quarto,Sertaozinho · casa · 1 quarto,Sertaozinho,casa,1,1 quarto,2,274.5,227.25,321.75,,,67.0,61.5,72.5,0,evidência insuficiente no Airbnb,0,evidência insuficiente no Airbnb,False,57.0,
latest_available,Preço mais recente,original,Valores originais,alto sao bento|apartamento|1 quarto,Alto Sao Bento · apartamento · 1 quarto,Alto Sao Bento,apartamento,1,1 quarto,2,230.0,205.0,255.0,,,67.5,65.25,69.75,0,evidência insuficiente no Airbnb,1,evidência insuficiente no Airbnb,False,59.0,
latest_available,Preço mais recente,original,Valores originais,jardim praiamar|casa|1 quarto,Jardim Praiamar · casa · 1 quarto,Jardim Praiamar,casa,1,1 quarto,1,200.0,200.0,200.0,,,60.0,60.0,60.0,0,evidência insuficiente no Airbnb,0,evidência insuficiente no Airbnb,False,60.0,
latest_available,Preço mais recente,original,Valores originais,leopoldo zarling|casa|1 quarto,Leopoldo Zarling · casa · 1 quarto,Leopoldo Zarling,casa,1,1 quarto,1,200.0,200.0,200.0,,,70.0,70.0,70.0,0,evidência insuficiente no Airbnb,0,evidência insuficiente no Airbnb,False,60.0,
latest_available,Preço mais recente,original,Valores originais,alto sao bento|apartamento|2 quartos,Alto Sao Bento · apartamento · 2 quartos,Alto Sao Bento,apartamento,2,2 quartos,1,199.0,199.0,199.0,,,48.0,48.0,48.0,0,evidência insuficiente no Airbnb,1,evidência insuficiente no Airbnb,False,62.0,
latest_available,Preço mais recente,original,Valores originais,meia praia|casa|1 quarto,Meia Praia · casa · 1 quarto,Meia Praia,casa,1,1 quarto,1,195.0,195.0,195.0,,,68.0,68.0,68.0,0,evidência insuficiente no Airbnb,1,evidência insuficiente no Airbnb,False,63.0,
latest_available,Preço mais recente,original,Valores originais,varzea|casa|1 quarto,Varzea · casa · 1 quarto,Varzea,casa,1,1 quarto,3,185.0,167.0,317.5,,,35.0,22.0,41.5,0,evidência insuficiente no Airbnb,1,evidência insuficiente no Airbnb,False,64.0,
median_across_captures,Mediana entre capturas,exclude_affected_listings,Sem os três imóveis afetados,canto da praia|casa|4 quartos,Canto da Praia · casa · 4 quartos,Canto da Praia,casa,4,4 quartos,1,3900.0,3900.0,3900.0,,,91.0,91.0,91.0,0,evidência insuficiente no Airbnb,0,evidência insuficiente no Airbnb,False,1.0,
median_across_captures,Mediana entre capturas,exclude_affected_listings,Sem os três imóveis afetados,sertaozinho|casa|6 quartos,Sertaozinho · casa · 6 quartos,Sertaozinho,casa,6,6 quartos,2,2581.25,2121.875,3040.625,,,96.0,96.0,96.0,0,evidência insuficiente no Airbnb,2,evidência insuficiente no Airbnb,False,2.0,
median_across_captures,Mediana entre capturas,exclude_affected_listings,Sem os três imóveis afetados,alto sao bento|casa|12 quartos,Alto Sao Bento · casa · 12 quartos,Alto Sao Bento,casa,12,12 quartos,1,2500.0,2500.0,2500.0,,,62.0,62.0,62.0,0,evidência insuficiente no Airbnb,1,evidência insuficiente no Airbnb,False,3.0,
median_across_captures,Mediana entre capturas,exclude_affected_listings,Sem os três imóveis afetados,meia praia|apartamento|5 quartos,Meia Praia · apartamento · 5 quartos,Meia Praia,apartamento,5,5 quartos,5,1897.0,1450.0,2100.0,900.0,2300.0,32.0,29.0,53.0,0,evidência insuficiente no Airbnb,1,evidência insuficiente no Airbnb,False,4.0,
median_across_captures,Mediana entre capturas,exclude_affected_listings,Sem os três imóveis afetados,varzea|casa|5 quartos,Varzea · casa · 5 quartos,Varzea,casa,5,5 quartos,1,1750.0,1750.0,1750.0,,,102.0,102.0,102.0,0,evidência insuficiente no Airbnb,1,evidência insuficiente no Airbnb,False,5.0,
median_across_captures,Mediana entre capturas,exclude_affected_listings,Sem os três imóveis afetados,tabuleiro dos oliveiras|casa|4 quartos,Tabuleiro dos Oliveiras · casa · 4 quartos,Tabuleiro dos Oliveiras,casa,4,4 quartos,1,1700.0,1700.0,1700.0,,,68.0,68.0,68.0,0,evidência insuficiente no Airbnb,1,evidência insuficiente no Airbnb,False,6.0,
median_across_captures,Mediana entre capturas,exclude_affected_listings,Sem os três imóveis afetados,centro|casa|4 quartos,Centro · casa · 4 quartos,Centro,casa,4,4 quartos,4,1350.0,975.0,1800.0,,,64.5,51.5,79.25,0,evidência insuficiente no Airbnb,2,evidência insuficiente no Airbnb,False,7.0,
median_across_captures,Mediana entre capturas,exclude_affected_listings,Sem os três imóveis afetados,tabuleiro dos oliveiras|casa|7 quartos,Tabuleiro dos Oliveiras · casa · 7 quartos,Tabuleiro dos Oliveiras,casa,7,7 quartos,1,1350.0,1350.0,1350.0,,,78.0,78.0,78.0,0,evidência insuficiente no Airbnb,0,evidência insuficiente no Airbnb,False,7.0,
median_across_captures,Mediana entre capturas,exclude_affected_listings,Sem os três imóveis afetados,meia praia|casa|7 quartos,Meia Praia · casa · 7 quartos,Meia Praia,casa,7,7 quartos,1,1300.0,1300.0,1300.0,,,49.0,49.0,49.0,0,evidência insuficiente no Airbnb,0,evidência insuficiente no Airbnb,False,9.0,
median_across_captures,Mediana entre capturas,exclude_affected_listings,Sem os três imóveis afetados,tabuleiro dos oliveiras|apartamento|4 quartos,Tabuleiro dos Oliveiras · apartamento · 4 quartos,Tabuleiro dos Oliveiras,apartamento,4,4 quartos,1,1100.0,1100.0,1100.0,,,56.0,56.0,56.0,0,evidência insuficiente no Airbnb,0,evidência insuficiente no Airbnb,False,10.0,
median_across_captures,Mediana entre capturas,exclude_affected_listings,Sem os três imóveis afetados,meia praia|apartamento|4 quartos,Meia Praia · apartamento · 4 quartos,Meia Praia,apartamento,4,4 quartos,60,1075.0,837.5,1674.75,899.0,1494.0,59.0,39.75,76.0,0,principal no Airbnb,43,principal no Airbnb,True,11.0,1.0
median_across_captures,Mediana entre capturas,exclude_affected_listings,Sem os três imóveis afetados,morretes|apartamento|4 quartos,Morretes · apartamento · 4 quartos,Morretes,apartamento,4,4 quartos,3,1000.0,745.0,1250.0,,,58.0,51.5,58.5,0,evidência insuficiente no Airbnb,1,evidência insuficiente no Airbnb,False,12.0,
median_across_captures,Mediana entre capturas,exclude_affected_listings,Sem os três imóveis afetados,sertao do trombudo|casa|4 quartos,Sertao do Trombudo · casa · 4 quartos,Sertao do Trombudo,casa,4,4 quartos,1,1000.0,1000.0,1000.0,,,41.0,41.0,41.0,0,evidência insuficiente no Airbnb,1,evidência insuficiente no Airbnb,False,12.0,
median_across_captures,Mediana entre capturas,exclude_affected_listings,Sem os três imóveis afetados,ilhota|casa|4 quartos,Ilhota · casa · 4 quartos,Ilhota,casa,4,4 quartos,1,975.0,975.0,975.0,,,53.0,53.0,53.0,0,evidência insuficiente no Airbnb,1,evidência insuficiente no Airbnb,False,14.0,
median_across_captures,Mediana entre capturas,exclude_affected_listings,Sem os três imóveis afetados,centro|apartamento|5 quartos,Centro · apartamento · 5 quartos,Centro,apartamento,5,5 quartos,1,850.0,850.0,850.0,,,38.0,38.0,38.0,0,evidência insuficiente no Airbnb,0,evidência insuficiente no Airbnb,False,15.0,
median_across_captures,Mediana entre capturas,exclude_affected_listings,Sem os três imóveis afetados,morretes|casa|4 quartos,Morretes · casa · 4 quartos,Morretes,casa,4,4 quartos,2,850.0,775.0,925.0,,,38.0,29.0,47.0,0,evidência insuficiente no Airbnb,2,evidência insuficiente no Airbnb,False,15.0,
median_across_captures,Mediana entre capturas,exclude_affected_listings,Sem os três imóveis afetados,meia praia|casa|4 quartos,Meia Praia · casa · 4 quartos,Meia Praia,casa,4,4 quartos,2,800.0,650.0,950.0,,,60.5,59.75,61.25,0,evidência insuficiente no Airbnb,1,evidência insuficiente no Airbnb,False,17.0,
median_across_captures,Mediana entre capturas,exclude_affected_listings,Sem os três imóveis afetados,canto da praia|casa|1 quarto,Canto da Praia · casa · 1 quarto,Canto da Praia,casa,1,1 quarto,1,793.0,793.0,793.0,,,82.0,82.0,82.0,0,evidência insuficiente no Airbnb,0,evidência insuficiente no Airbnb,False,18.0,
median_across_captures,Mediana entre capturas,exclude_affected_listings,Sem os três imóveis afetados,centro|apartamento|3 quartos,Centro · apartamento · 3 quartos,Centro,apartamento,3,3 quartos,45,780.0,523.0,900.0,650.0,845.0,66.0,39.0,78.0,0,principal no Airbnb,38,principal no Airbnb,True,19.0,2.0
median_across_captures,Mediana entre capturas,exclude_affected_listings,Sem os três imóveis afetados,centro|apartamento|4 quartos,Centro · apartamento · 4 quartos,Centro,apartamento,4,4 quartos,4,745.0,637.5,862.5,,,40.0,36.0,46.0,0,evidência insuficiente no Airbnb,1,evidência insuficiente no Airbnb,False,20.0,
median_across_captures,Mediana entre capturas,exclude_affected_listings,Sem os três imóveis afetados,desconhecido|casa|1 quarto,Desconhecido · casa · 1 quarto,Desconhecido,casa,1,1 quarto,3,709.0,649.5,754.5,,,52.0,47.5,69.0,0,evidência insuficiente no Airbnb,0,evidência insuficiente no Airbnb,False,21.0,
median_across_captures,Mediana entre capturas,exclude_affected_listings,Sem os três imóveis afetados,canto da praia|casa|3 quartos,Canto da Praia · casa · 3 quartos,Canto da Praia,casa,3,3 quartos,2,700.0,650.0,750.0,,,75.5,71.25,79.75,0,evidência insuficiente no Airbnb,0,evidência insuficiente no Airbnb,False,22.0,
median_across_captures,Mediana entre capturas,exclude_affected_listings,Sem os três imóveis afetados,varzea|casa|3 quartos,Varzea · casa · 3 quartos,Varzea,casa,3,3 quartos,1,700.0,700.0,700.0,,,18.0,18.0,18.0,0,evidência insuficiente no Airbnb,1,evidência insuficiente no Airbnb,False,22.0,
median_across_captures,Mediana entre capturas,exclude_affected_listings,Sem os três imóveis afetados,meia praia|apartamento|3 quartos,Meia Praia · apartamento · 3 quartos,Meia Praia,apartamento,3,3 quartos,327,682.66665,500.0,850.0,648.0,700.0,61.0,39.0,76.5,0,principal no Airbnb,284,principal no Airbnb,True,24.0,3.0
median_across_captures,Mediana entre capturas,exclude_affected_listings,Sem os três imóveis afetados,centro|casa|3 quartos,Centro · casa · 3 quartos,Centro,casa,3,3 quartos,2,675.0,512.5,837.5,,,60.0,44.5,75.5,0,evidência insuficiente no Airbnb,0,evidência insuficiente no Airbnb,False,25.0,
median_across_captures,Mediana entre capturas,exclude_affected_listings,Sem os três imóveis afetados,morretes|apartamento|3 quartos,Morretes · apartamento · 3 quartos,Morretes,apartamento,3,3 quartos,10,650.0,515.0,919.75,500.0,993.0,60.0,30.25,70.5,0,exploratório no Airbnb,9,evidência insuficiente no Airbnb,False,26.0,
median_across_captures,Mediana entre capturas,exclude_affected_listings,Sem os três imóveis afetados,tabuleiro dos oliveiras|apartamento|3 quartos,Tabuleiro dos Oliveiras · apartamento · 3 quartos,Tabuleiro dos Oliveiras,apartamento,3,3 quartos,4,640.0,555.0,672.5,,,81.5,71.75,82.75,0,evidência insuficiente no Airbnb,3,evidência insuficiente no Airbnb,False,27.0,
median_across_captures,Mediana entre capturas,exclude_affected_listings,Sem os três imóveis afetados,centro|apartamento|2 quartos,Centro · apartamento · 2 quartos,Centro,apartamento,2,2 quartos,65,600.0,370.0,762.91665,480.0,684.08335,70.0,48.0,85.0,0,principal no Airbnb,59,principal no Airbnb,True,28.0,4.0
median_across_captures,Mediana entre capturas,exclude_affected_listings,Sem os três imóveis afetados,ilhota|casa|3 quartos,Ilhota · casa · 3 quartos,Ilhota,casa,3,3 quartos,2,595.0,542.5,647.5,,,77.5,75.75,79.25,0,evidência insuficiente no Airbnb,2,evidência insuficiente no Airbnb,False,29.0,
median_across_captures,Mediana entre capturas,exclude_affected_listings,Sem os três imóveis afetados,ilhota|apartamento|2 quartos,Ilhota · apartamento · 2 quartos,Ilhota,apartamento,2,2 quartos,2,587.5,586.25,588.75,,,71.0,70.0,72.0,0,evidência insuficiente no Airbnb,1,evidência insuficiente no Airbnb,False,30.0,
median_across_captures,Mediana entre capturas,exclude_affected_listings,Sem os três imóveis afetados,areal|casa|1 quarto,Areal · casa · 1 quarto,Areal,casa,1,1 quarto,1,556.0,556.0,556.0,,,37.0,37.0,37.0,0,evidência insuficiente no Airbnb,1,evidência insuficiente no Airbnb,False,31.0,
median_across_captures,Mediana entre capturas,exclude_affected_listings,Sem os três imóveis afetados,canto da praia|apartamento|2 quartos,Canto da Praia · apartamento · 2 quartos,Canto da Praia,apartamento,2,2 quartos,4,509.0,494.75,563.25,,,62.0,46.75,70.25,0,evidência insuficiente no Airbnb,4,evidência insuficiente no Airbnb,False,32.0,
median_across_captures,Mediana entre capturas,exclude_affected_listings,Sem os três imóveis afetados,ilhota|apartamento|3 quartos,Ilhota · apartamento · 3 quartos,Ilhota,apartamento,3,3 quartos,1,500.0,500.0,500.0,,,64.0,64.0,64.0,0,evidência insuficiente no Airbnb,0,evidência insuficiente no Airbnb,False,33.0,
median_across_captures,Mediana entre capturas,exclude_affected_listings,Sem os três imóveis afetados,morretes|casa|3 quartos,Morretes · casa · 3 quartos,Morretes,casa,3,3 quartos,1,500.0,500.0,500.0,,,65.0,65.0,65.0,0,evidência insuficiente no Airbnb,0,evidência insuficiente no Airbnb,False,33.0,
median_across_captures,Mediana entre capturas,exclude_affected_listings,Sem os três imóveis afetados,sertaozinho|casa|2 quartos,Sertaozinho · casa · 2 quartos,Sertaozinho,casa,2,2 quartos,1,500.0,500.0,500.0,,,86.0,86.0,86.0,0,evidência insuficiente no Airbnb,1,evidência insuficiente no Airbnb,False,33.0,
median_across_captures,Mediana entre capturas,exclude_affected_listings,Sem os três imóveis afetados,sertaozinho|casa|3 quartos,Sertaozinho · casa · 3 quartos,Sertaozinho,casa,3,3 quartos,1,500.0,500.0,500.0,,,84.0,84.0,84.0,0,evidência insuficiente no Airbnb,0,evidência insuficiente no Airbnb,False,33.0,
median_across_captures,Mediana entre capturas,exclude_affected_listings,Sem os três imóveis afetados,meia praia|apartamento|1 quarto,Meia Praia · apartamento · 1 quarto,Meia Praia,apartamento,1,1 quarto,19,480.0,391.66667,530.5,400.0,516.0,66.0,59.5,77.5,0,exploratório no Airbnb,16,exploratório no Airbnb,False,37.0,
median_across_captures,Mediana entre capturas,exclude_affected_listings,Sem os três imóveis afetados,morretes|apartamento|2 quartos,Morretes · apartamento · 2 quartos,Morretes,apartamento,2,2 quartos,50,467.5,350.0,588.1875,392.5,525.0,63.0,45.5,78.0,0,principal no Airbnb,43,principal no Airbnb,True,38.0,5.0
median_across_captures,Mediana entre capturas,exclude_affected_listings,Sem os três imóveis afetados,meia praia|apartamento|2 quartos,Meia Praia · apartamento · 2 quartos,Meia Praia,apartamento,2,2 quartos,186,450.0,371.25,588.6666749999999,430.0,498.0125,56.0,37.25,69.0,0,principal no Airbnb,126,principal no Airbnb,True,39.0,6.0
median_across_captures,Mediana entre capturas,exclude_affected_listings,Sem os três imóveis afetados,meia praia|casa|3 quartos,Meia Praia · casa · 3 quartos,Meia Praia,casa,3,3 quartos,5,450.0,400.0,600.0,380.0,650.0,38.0,5.0,46.0,0,evidência insuficiente no Airbnb,0,evidência insuficiente no Airbnb,False,39.0,
median_across_captures,Mediana entre capturas,exclude_affected_listings,Sem os três imóveis afetados,tabuleiro dos oliveiras|apartamento|2 quartos,Tabuleiro dos Oliveiras · apartamento · 2 quartos,Tabuleiro dos Oliveiras,apartamento,2,2 quartos,12,450.0,350.0,660.75,350.0,671.5,61.0,51.25,79.5,0,exploratório no Airbnb,12,exploratório no Airbnb,False,39.0,
median_across_captures,Mediana entre capturas,exclude_affected_listings,Sem os três imóveis afetados,centro|apartamento|1 quarto,Centro · apartamento · 1 quarto,Centro,apartamento,1,1 quarto,78,448.0,375.03125,606.25,393.25,586.6667,77.0,67.0,84.75,0,principal no Airbnb,75,principal no Airbnb,True,42.0,7.0
median_across_captures,Mediana entre capturas,exclude_affected_listings,Sem os três imóveis afetados,meia praia|casa|2 quartos,Meia Praia · casa · 2 quartos,Meia Praia,casa,2,2 quartos,3,446.0,372.5,473.0,,,40.0,38.0,43.0,0,evidência insuficiente no Airbnb,0,evidência insuficiente no Airbnb,False,43.0,
median_across_captures,Mediana entre capturas,exclude_affected_listings,Sem os três imóveis afetados,meia praia|apartamento|0 quartos,Meia Praia · apartamento · 0 quartos,Meia Praia,apartamento,0,0 quartos,8,435.0,325.6,552.5,310.0,560.0,59.0,51.25,85.5,0,evidência insuficiente no Airbnb,7,evidência insuficiente no Airbnb,False,44.0,
median_across_captures,Mediana entre capturas,exclude_affected_listings,Sem os três imóveis afetados,morretes|apartamento|1 quarto,Morretes · apartamento · 1 quarto,Morretes,apartamento,1,1 quarto,4,415.0,306.25,491.25,,,29.5,12.0,54.0,0,evidência insuficiente no Airbnb,3,evidência insuficiente no Airbnb,False,45.0,
median_across_captures,Mediana entre capturas,exclude_affected_listings,Sem os três imóveis afetados,casa branca|apartamento|3 quartos,Casa Branca · apartamento · 3 quartos,Casa Branca,apartamento,3,3 quartos,2,403.0,354.5,451.5,,,64.0,62.5,65.5,0,evidência insuficiente no Airbnb,2,evidência insuficiente no Airbnb,False,46.0,
median_across_captures,Mediana entre capturas,exclude_affected_listings,Sem os três imóveis afetados,alto sao bento|casa|1 quarto,Alto Sao Bento · casa · 1 quarto,Alto Sao Bento,casa,1,1 quarto,1,400.0,400.0,400.0,,,43.0,43.0,43.0,0,evidência insuficiente no Airbnb,0,evidência insuficiente no Airbnb,False,47.0,
median_across_captures,Mediana entre capturas,exclude_affected_listings,Sem os três imóveis afetados,sertao do trombudo|casa|1 quarto,Sertao do Trombudo · casa · 1 quarto,Sertao do Trombudo,casa,1,1 quarto,2,380.0,375.0,385.0,,,79.5,77.25,81.75,0,evidência insuficiente no Airbnb,2,evidência insuficiente no Airbnb,False,48.0,
median_across_captures,Mediana entre capturas,exclude_affected_listings,Sem os três imóveis afetados,morretes|casa|2 quartos,Morretes · casa · 2 quartos,Morretes,casa,2,2 quartos,9,361.0,320.1875,406.0,320.1875,800.0,65.0,47.0,75.0,0,evidência insuficiente no Airbnb,8,evidência insuficiente no Airbnb,False,49.0,
median_across_captures,Mediana entre capturas,exclude_affected_listings,Sem os três imóveis afetados,casa branca|apartamento|2 quartos,Casa Branca · apartamento · 2 quartos,Casa Branca,apartamento,2,2 quartos,11,350.0,297.5,385.0,280.0,400.0,63.0,56.0,66.5,0,exploratório no Airbnb,4,evidência insuficiente no Airbnb,False,50.0,
median_across_captures,Mediana entre capturas,exclude_affected_listings,Sem os três imóveis afetados,ilhota|apartamento|1 quarto,Ilhota · apartamento · 1 quarto,Ilhota,apartamento,1,1 quarto,2,345.5,343.25,347.75,,,83.5,81.75,85.25,0,evidência insuficiente no Airbnb,2,evidência insuficiente no Airbnb,False,51.0,
median_across_captures,Mediana entre capturas,exclude_affected_listings,Sem os três imóveis afetados,centro|casa|2 quartos,Centro · casa · 2 quartos,Centro,casa,2,2 quartos,2,302.0,276.0,328.0,,,25.5,19.25,31.75,0,evidência insuficiente no Airbnb,1,evidência insuficiente no Airbnb,False,52.0,
median_across_captures,Mediana entre capturas,exclude_affected_listings,Sem os três imóveis afetados,canto da praia|apartamento|3 quartos,Canto da Praia · apartamento · 3 quartos,Canto da Praia,apartamento,3,3 quartos,1,300.0,300.0,300.0,,,28.0,28.0,28.0,0,evidência insuficiente no Airbnb,1,evidência insuficiente no Airbnb,False,53.0,
median_across_captures,Mediana entre capturas,exclude_affected_listings,Sem os três imóveis afetados,centro|casa|1 quarto,Centro · casa · 1 quarto,Centro,casa,1,1 quarto,1,283.0,283.0,283.0,,,11.0,11.0,11.0,0,evidência insuficiente no Airbnb,1,evidência insuficiente no Airbnb,False,54.0,
median_across_captures,Mediana entre capturas,exclude_affected_listings,Sem os três imóveis afetados,morretes|casa|1 quarto,Morretes · casa · 1 quarto,Morretes,casa,1,1 quarto,2,282.0,237.5,326.5,,,60.0,53.5,66.5,0,evidência insuficiente no Airbnb,0,evidência insuficiente no Airbnb,False,55.0,
median_across_captures,Mediana entre capturas,exclude_affected_listings,Sem os três imóveis afetados,ilhota|casa|2 quartos,Ilhota · casa · 2 quartos,Ilhota,casa,2,2 quartos,2,280.0,245.0,315.0,,,33.5,31.25,35.75,0,evidência insuficiente no Airbnb,1,evidência insuficiente no Airbnb,False,56.0,
median_across_captures,Mediana entre capturas,exclude_affected_listings,Sem os três imóveis afetados,casa branca|casa|1 quarto,Casa Branca · casa · 1 quarto,Casa Branca,casa,1,1 quarto,2,274.5,261.75,287.25,,,34.0,22.0,46.0,0,evidência insuficiente no Airbnb,1,evidência insuficiente no Airbnb,False,57.0,
median_across_captures,Mediana entre capturas,exclude_affected_listings,Sem os três imóveis afetados,sertaozinho|casa|1 quarto,Sertaozinho · casa · 1 quarto,Sertaozinho,casa,1,1 quarto,2,274.5,227.25,321.75,,,67.0,61.5,72.5,0,evidência insuficiente no Airbnb,0,evidência insuficiente no Airbnb,False,57.0,
median_across_captures,Mediana entre capturas,exclude_affected_listings,Sem os três imóveis afetados,alto sao bento|apartamento|1 quarto,Alto Sao Bento · apartamento · 1 quarto,Alto Sao Bento,apartamento,1,1 quarto,2,230.0,205.0,255.0,,,67.5,65.25,69.75,0,evidência insuficiente no Airbnb,1,evidência insuficiente no Airbnb,False,59.0,
median_across_captures,Mediana entre capturas,exclude_affected_listings,Sem os três imóveis afetados,jardim praiamar|casa|1 quarto,Jardim Praiamar · casa · 1 quarto,Jardim Praiamar,casa,1,1 quarto,1,200.0,200.0,200.0,,,60.0,60.0,60.0,0,evidência insuficiente no Airbnb,0,evidência insuficiente no Airbnb,False,60.0,
median_across_captures,Mediana entre capturas,exclude_affected_listings,Sem os três imóveis afetados,leopoldo zarling|casa|1 quarto,Leopoldo Zarling · casa · 1 quarto,Leopoldo Zarling,casa,1,1 quarto,1,200.0,200.0,200.0,,,70.0,70.0,70.0,0,evidência insuficiente no Airbnb,0,evidência insuficiente no Airbnb,False,60.0,
median_across_captures,Mediana entre capturas,exclude_affected_listings,Sem os três imóveis afetados,alto sao bento|apartamento|2 quartos,Alto Sao Bento · apartamento · 2 quartos,Alto Sao Bento,apartamento,2,2 quartos,1,199.0,199.0,199.0,,,48.0,48.0,48.0,0,evidência insuficiente no Airbnb,1,evidência insuficiente no Airbnb,False,62.0,
median_across_captures,Mediana entre capturas,exclude_affected_listings,Sem os três imóveis afetados,meia praia|casa|1 quarto,Meia Praia · casa · 1 quarto,Meia Praia,casa,1,1 quarto,1,195.0,195.0,195.0,,,68.0,68.0,68.0,0,evidência insuficiente no Airbnb,1,evidência insuficiente no Airbnb,False,63.0,
median_across_captures,Mediana entre capturas,exclude_affected_listings,Sem os três imóveis afetados,varzea|casa|1 quarto,Varzea · casa · 1 quarto,Varzea,casa,1,1 quarto,3,185.0,167.0,317.5,,,35.0,22.0,41.5,0,evidência insuficiente no Airbnb,1,evidência insuficiente no Airbnb,False,64.0,
median_across_captures,Mediana entre capturas,exclude_suspicious_prices,Sem preços ≥ 10 mil,canto da praia|casa|4 quartos,Canto da Praia · casa · 4 quartos,Canto da Praia,casa,4,4 quartos,1,3900.0,3900.0,3900.0,,,91.0,91.0,91.0,0,evidência insuficiente no Airbnb,0,evidência insuficiente no Airbnb,False,1.0,
median_across_captures,Mediana entre capturas,exclude_suspicious_prices,Sem preços ≥ 10 mil,sertaozinho|casa|6 quartos,Sertaozinho · casa · 6 quartos,Sertaozinho,casa,6,6 quartos,2,2581.25,2121.875,3040.625,,,96.0,96.0,96.0,0,evidência insuficiente no Airbnb,2,evidência insuficiente no Airbnb,False,2.0,
median_across_captures,Mediana entre capturas,exclude_suspicious_prices,Sem preços ≥ 10 mil,alto sao bento|casa|12 quartos,Alto Sao Bento · casa · 12 quartos,Alto Sao Bento,casa,12,12 quartos,1,2500.0,2500.0,2500.0,,,62.0,62.0,62.0,0,evidência insuficiente no Airbnb,1,evidência insuficiente no Airbnb,False,3.0,
median_across_captures,Mediana entre capturas,exclude_suspicious_prices,Sem preços ≥ 10 mil,meia praia|apartamento|5 quartos,Meia Praia · apartamento · 5 quartos,Meia Praia,apartamento,5,5 quartos,5,1897.0,1450.0,2100.0,900.0,2300.0,32.0,29.0,53.0,0,evidência insuficiente no Airbnb,1,evidência insuficiente no Airbnb,False,4.0,
median_across_captures,Mediana entre capturas,exclude_suspicious_prices,Sem preços ≥ 10 mil,varzea|casa|5 quartos,Varzea · casa · 5 quartos,Varzea,casa,5,5 quartos,1,1750.0,1750.0,1750.0,,,102.0,102.0,102.0,0,evidência insuficiente no Airbnb,1,evidência insuficiente no Airbnb,False,5.0,
median_across_captures,Mediana entre capturas,exclude_suspicious_prices,Sem preços ≥ 10 mil,tabuleiro dos oliveiras|casa|4 quartos,Tabuleiro dos Oliveiras · casa · 4 quartos,Tabuleiro dos Oliveiras,casa,4,4 quartos,1,1700.0,1700.0,1700.0,,,68.0,68.0,68.0,0,evidência insuficiente no Airbnb,1,evidência insuficiente no Airbnb,False,6.0,
median_across_captures,Mediana entre capturas,exclude_suspicious_prices,Sem preços ≥ 10 mil,centro|casa|4 quartos,Centro · casa · 4 quartos,Centro,casa,4,4 quartos,4,1350.0,975.0,1800.0,,,64.5,51.5,79.25,0,evidência insuficiente no Airbnb,2,evidência insuficiente no Airbnb,False,7.0,
median_across_captures,Mediana entre capturas,exclude_suspicious_prices,Sem preços ≥ 10 mil,tabuleiro dos oliveiras|casa|7 quartos,Tabuleiro dos Oliveiras · casa · 7 quartos,Tabuleiro dos Oliveiras,casa,7,7 quartos,1,1350.0,1350.0,1350.0,,,78.0,78.0,78.0,0,evidência insuficiente no Airbnb,0,evidência insuficiente no Airbnb,False,7.0,
median_across_captures,Mediana entre capturas,exclude_suspicious_prices,Sem preços ≥ 10 mil,meia praia|casa|7 quartos,Meia Praia · casa · 7 quartos,Meia Praia,casa,7,7 quartos,1,1300.0,1300.0,1300.0,,,49.0,49.0,49.0,0,evidência insuficiente no Airbnb,0,evidência insuficiente no Airbnb,False,9.0,
median_across_captures,Mediana entre capturas,exclude_suspicious_prices,Sem preços ≥ 10 mil,tabuleiro dos oliveiras|apartamento|4 quartos,Tabuleiro dos Oliveiras · apartamento · 4 quartos,Tabuleiro dos Oliveiras,apartamento,4,4 quartos,1,1100.0,1100.0,1100.0,,,56.0,56.0,56.0,0,evidência insuficiente no Airbnb,0,evidência insuficiente no Airbnb,False,10.0,
median_across_captures,Mediana entre capturas,exclude_suspicious_prices,Sem preços ≥ 10 mil,meia praia|apartamento|4 quartos,Meia Praia · apartamento · 4 quartos,Meia Praia,apartamento,4,4 quartos,60,1075.0,837.5,1674.75,899.0,1488.0,59.0,39.75,76.0,0,principal no Airbnb,43,principal no Airbnb,True,11.0,1.0
median_across_captures,Mediana entre capturas,exclude_suspicious_prices,Sem preços ≥ 10 mil,morretes|apartamento|4 quartos,Morretes · apartamento · 4 quartos,Morretes,apartamento,4,4 quartos,3,1000.0,745.0,1250.0,,,58.0,51.5,58.5,0,evidência insuficiente no Airbnb,1,evidência insuficiente no Airbnb,False,12.0,
median_across_captures,Mediana entre capturas,exclude_suspicious_prices,Sem preços ≥ 10 mil,sertao do trombudo|casa|4 quartos,Sertao do Trombudo · casa · 4 quartos,Sertao do Trombudo,casa,4,4 quartos,1,1000.0,1000.0,1000.0,,,41.0,41.0,41.0,0,evidência insuficiente no Airbnb,1,evidência insuficiente no Airbnb,False,12.0,
median_across_captures,Mediana entre capturas,exclude_suspicious_prices,Sem preços ≥ 10 mil,ilhota|casa|4 quartos,Ilhota · casa · 4 quartos,Ilhota,casa,4,4 quartos,1,975.0,975.0,975.0,,,53.0,53.0,53.0,0,evidência insuficiente no Airbnb,1,evidência insuficiente no Airbnb,False,14.0,
median_across_captures,Mediana entre capturas,exclude_suspicious_prices,Sem preços ≥ 10 mil,centro|apartamento|5 quartos,Centro · apartamento · 5 quartos,Centro,apartamento,5,5 quartos,1,850.0,850.0,850.0,,,38.0,38.0,38.0,0,evidência insuficiente no Airbnb,0,evidência insuficiente no Airbnb,False,15.0,
median_across_captures,Mediana entre capturas,exclude_suspicious_prices,Sem preços ≥ 10 mil,morretes|casa|4 quartos,Morretes · casa · 4 quartos,Morretes,casa,4,4 quartos,2,850.0,775.0,925.0,,,38.0,29.0,47.0,0,evidência insuficiente no Airbnb,2,evidência insuficiente no Airbnb,False,15.0,
median_across_captures,Mediana entre capturas,exclude_suspicious_prices,Sem preços ≥ 10 mil,meia praia|casa|4 quartos,Meia Praia · casa · 4 quartos,Meia Praia,casa,4,4 quartos,2,800.0,650.0,950.0,,,60.5,59.75,61.25,0,evidência insuficiente no Airbnb,1,evidência insuficiente no Airbnb,False,17.0,
median_across_captures,Mediana entre capturas,exclude_suspicious_prices,Sem preços ≥ 10 mil,canto da praia|casa|1 quarto,Canto da Praia · casa · 1 quarto,Canto da Praia,casa,1,1 quarto,1,793.0,793.0,793.0,,,82.0,82.0,82.0,0,evidência insuficiente no Airbnb,0,evidência insuficiente no Airbnb,False,18.0,
median_across_captures,Mediana entre capturas,exclude_suspicious_prices,Sem preços ≥ 10 mil,centro|apartamento|3 quartos,Centro · apartamento · 3 quartos,Centro,apartamento,3,3 quartos,45,780.0,523.0,900.0,646.0,845.0,66.0,39.0,78.0,0,principal no Airbnb,38,principal no Airbnb,True,19.0,2.0
median_across_captures,Mediana entre capturas,exclude_suspicious_prices,Sem preços ≥ 10 mil,centro|apartamento|4 quartos,Centro · apartamento · 4 quartos,Centro,apartamento,4,4 quartos,4,745.0,637.5,862.5,,,40.0,36.0,46.0,0,evidência insuficiente no Airbnb,1,evidência insuficiente no Airbnb,False,20.0,
median_across_captures,Mediana entre capturas,exclude_suspicious_prices,Sem preços ≥ 10 mil,desconhecido|casa|1 quarto,Desconhecido · casa · 1 quarto,Desconhecido,casa,1,1 quarto,3,709.0,649.5,754.5,,,52.0,47.5,69.0,0,evidência insuficiente no Airbnb,0,evidência insuficiente no Airbnb,False,21.0,
median_across_captures,Mediana entre capturas,exclude_suspicious_prices,Sem preços ≥ 10 mil,canto da praia|casa|3 quartos,Canto da Praia · casa · 3 quartos,Canto da Praia,casa,3,3 quartos,2,700.0,650.0,750.0,,,75.5,71.25,79.75,0,evidência insuficiente no Airbnb,0,evidência insuficiente no Airbnb,False,22.0,
median_across_captures,Mediana entre capturas,exclude_suspicious_prices,Sem preços ≥ 10 mil,varzea|casa|3 quartos,Varzea · casa · 3 quartos,Varzea,casa,3,3 quartos,1,700.0,700.0,700.0,,,18.0,18.0,18.0,0,evidência insuficiente no Airbnb,1,evidência insuficiente no Airbnb,False,22.0,
median_across_captures,Mediana entre capturas,exclude_suspicious_prices,Sem preços ≥ 10 mil,meia praia|apartamento|3 quartos,Meia Praia · apartamento · 3 quartos,Meia Praia,apartamento,3,3 quartos,327,682.66665,500.0,850.0,648.0,700.0,61.0,39.0,76.5,0,principal no Airbnb,284,principal no Airbnb,True,24.0,3.0
median_across_captures,Mediana entre capturas,exclude_suspicious_prices,Sem preços ≥ 10 mil,centro|casa|3 quartos,Centro · casa · 3 quartos,Centro,casa,3,3 quartos,2,675.0,512.5,837.5,,,60.0,44.5,75.5,0,evidência insuficiente no Airbnb,0,evidência insuficiente no Airbnb,False,25.0,
median_across_captures,Mediana entre capturas,exclude_suspicious_prices,Sem preços ≥ 10 mil,morretes|apartamento|3 quartos,Morretes · apartamento · 3 quartos,Morretes,apartamento,3,3 quartos,10,650.0,515.0,919.75,495.0,993.0,60.0,30.25,70.5,0,exploratório no Airbnb,9,evidência insuficiente no Airbnb,False,26.0,
median_across_captures,Mediana entre capturas,exclude_suspicious_prices,Sem preços ≥ 10 mil,tabuleiro dos oliveiras|apartamento|3 quartos,Tabuleiro dos Oliveiras · apartamento · 3 quartos,Tabuleiro dos Oliveiras,apartamento,3,3 quartos,4,640.0,555.0,672.5,,,81.5,71.75,82.75,0,evidência insuficiente no Airbnb,3,evidência insuficiente no Airbnb,False,27.0,
median_across_captures,Mediana entre capturas,exclude_suspicious_prices,Sem preços ≥ 10 mil,centro|apartamento|2 quartos,Centro · apartamento · 2 quartos,Centro,apartamento,2,2 quartos,65,600.0,370.0,762.91665,480.0,684.08335,70.0,48.0,85.0,0,principal no Airbnb,59,principal no Airbnb,True,28.0,4.0
median_across_captures,Mediana entre capturas,exclude_suspicious_prices,Sem preços ≥ 10 mil,ilhota|casa|3 quartos,Ilhota · casa · 3 quartos,Ilhota,casa,3,3 quartos,2,595.0,542.5,647.5,,,77.5,75.75,79.25,0,evidência insuficiente no Airbnb,2,evidência insuficiente no Airbnb,False,29.0,
median_across_captures,Mediana entre capturas,exclude_suspicious_prices,Sem preços ≥ 10 mil,ilhota|apartamento|2 quartos,Ilhota · apartamento · 2 quartos,Ilhota,apartamento,2,2 quartos,2,587.5,586.25,588.75,,,71.0,70.0,72.0,0,evidência insuficiente no Airbnb,1,evidência insuficiente no Airbnb,False,30.0,
median_across_captures,Mediana entre capturas,exclude_suspicious_prices,Sem preços ≥ 10 mil,areal|casa|1 quarto,Areal · casa · 1 quarto,Areal,casa,1,1 quarto,1,556.0,556.0,556.0,,,37.0,37.0,37.0,0,evidência insuficiente no Airbnb,1,evidência insuficiente no Airbnb,False,31.0,
median_across_captures,Mediana entre capturas,exclude_suspicious_prices,Sem preços ≥ 10 mil,canto da praia|apartamento|2 quartos,Canto da Praia · apartamento · 2 quartos,Canto da Praia,apartamento,2,2 quartos,4,509.0,494.75,563.25,,,62.0,46.75,70.25,0,evidência insuficiente no Airbnb,4,evidência insuficiente no Airbnb,False,32.0,
median_across_captures,Mediana entre capturas,exclude_suspicious_prices,Sem preços ≥ 10 mil,ilhota|apartamento|3 quartos,Ilhota · apartamento · 3 quartos,Ilhota,apartamento,3,3 quartos,1,500.0,500.0,500.0,,,64.0,64.0,64.0,0,evidência insuficiente no Airbnb,0,evidência insuficiente no Airbnb,False,33.0,
median_across_captures,Mediana entre capturas,exclude_suspicious_prices,Sem preços ≥ 10 mil,morretes|casa|3 quartos,Morretes · casa · 3 quartos,Morretes,casa,3,3 quartos,1,500.0,500.0,500.0,,,65.0,65.0,65.0,0,evidência insuficiente no Airbnb,0,evidência insuficiente no Airbnb,False,33.0,
median_across_captures,Mediana entre capturas,exclude_suspicious_prices,Sem preços ≥ 10 mil,sertaozinho|casa|2 quartos,Sertaozinho · casa · 2 quartos,Sertaozinho,casa,2,2 quartos,1,500.0,500.0,500.0,,,86.0,86.0,86.0,0,evidência insuficiente no Airbnb,1,evidência insuficiente no Airbnb,False,33.0,
median_across_captures,Mediana entre capturas,exclude_suspicious_prices,Sem preços ≥ 10 mil,sertaozinho|casa|3 quartos,Sertaozinho · casa · 3 quartos,Sertaozinho,casa,3,3 quartos,1,500.0,500.0,500.0,,,84.0,84.0,84.0,0,evidência insuficiente no Airbnb,0,evidência insuficiente no Airbnb,False,33.0,
median_across_captures,Mediana entre capturas,exclude_suspicious_prices,Sem preços ≥ 10 mil,morretes|apartamento|2 quartos,Morretes · apartamento · 2 quartos,Morretes,apartamento,2,2 quartos,50,467.5,350.0,588.1875,392.5,525.0,63.0,45.5,78.0,0,principal no Airbnb,43,principal no Airbnb,True,37.0,5.0
median_across_captures,Mediana entre capturas,exclude_suspicious_prices,Sem preços ≥ 10 mil,meia praia|apartamento|2 quartos,Meia Praia · apartamento · 2 quartos,Meia Praia,apartamento,2,2 quartos,186,450.0,371.25,588.6666749999999,430.0,498.5,56.0,37.25,69.0,0,principal no Airbnb,126,principal no Airbnb,True,38.0,6.0
median_across_captures,Mediana entre capturas,exclude_suspicious_prices,Sem preços ≥ 10 mil,meia praia|casa|3 quartos,Meia Praia · casa · 3 quartos,Meia Praia,casa,3,3 quartos,5,450.0,400.0,600.0,380.0,650.0,38.0,5.0,46.0,0,evidência insuficiente no Airbnb,0,evidência insuficiente no Airbnb,False,38.0,
median_across_captures,Mediana entre capturas,exclude_suspicious_prices,Sem preços ≥ 10 mil,tabuleiro dos oliveiras|apartamento|2 quartos,Tabuleiro dos Oliveiras · apartamento · 2 quartos,Tabuleiro dos Oliveiras,apartamento,2,2 quartos,12,450.0,350.0,660.75,350.0,671.5,61.0,51.25,79.5,0,exploratório no Airbnb,12,exploratório no Airbnb,False,38.0,
median_across_captures,Mediana entre capturas,exclude_suspicious_prices,Sem preços ≥ 10 mil,centro|apartamento|1 quarto,Centro · apartamento · 1 quarto,Centro,apartamento,1,1 quarto,78,448.0,375.03125,606.25,398.0,586.6667,77.0,67.0,84.75,0,principal no Airbnb,75,principal no Airbnb,True,41.0,7.0
median_across_captures,Mediana entre capturas,exclude_suspicious_prices,Sem preços ≥ 10 mil,meia praia|casa|2 quartos,Meia Praia · casa · 2 quartos,Meia Praia,casa,2,2 quartos,3,446.0,372.5,473.0,,,40.0,38.0,43.0,0,evidência insuficiente no Airbnb,0,evidência insuficiente no Airbnb,False,42.0,
median_across_captures,Mediana entre capturas,exclude_suspicious_prices,Sem preços ≥ 10 mil,meia praia|apartamento|1 quarto,Meia Praia · apartamento · 1 quarto,Meia Praia,apartamento,1,1 quarto,20,441.0,377.500005,523.25,391.66667,516.0,65.5,58.5,76.25,1,exploratório no Airbnb,16,exploratório no Airbnb,False,43.0,
median_across_captures,Mediana entre capturas,exclude_suspicious_prices,Sem preços ≥ 10 mil,meia praia|apartamento|0 quartos,Meia Praia · apartamento · 0 quartos,Meia Praia,apartamento,0,0 quartos,8,435.0,325.6,552.5,310.0,560.0,59.0,51.25,85.5,0,evidência insuficiente no Airbnb,7,evidência insuficiente no Airbnb,False,44.0,
median_across_captures,Mediana entre capturas,exclude_suspicious_prices,Sem preços ≥ 10 mil,morretes|apartamento|1 quarto,Morretes · apartamento · 1 quarto,Morretes,apartamento,1,1 quarto,4,415.0,306.25,491.25,,,29.5,12.0,54.0,0,evidência insuficiente no Airbnb,3,evidência insuficiente no Airbnb,False,45.0,
median_across_captures,Mediana entre capturas,exclude_suspicious_prices,Sem preços ≥ 10 mil,casa branca|apartamento|3 quartos,Casa Branca · apartamento · 3 quartos,Casa Branca,apartamento,3,3 quartos,2,403.0,354.5,451.5,,,64.0,62.5,65.5,0,evidência insuficiente no Airbnb,2,evidência insuficiente no Airbnb,False,46.0,
median_across_captures,Mediana entre capturas,exclude_suspicious_prices,Sem preços ≥ 10 mil,alto sao bento|casa|1 quarto,Alto Sao Bento · casa · 1 quarto,Alto Sao Bento,casa,1,1 quarto,1,400.0,400.0,400.0,,,43.0,43.0,43.0,0,evidência insuficiente no Airbnb,0,evidência insuficiente no Airbnb,False,47.0,
median_across_captures,Mediana entre capturas,exclude_suspicious_prices,Sem preços ≥ 10 mil,sertao do trombudo|casa|1 quarto,Sertao do Trombudo · casa · 1 quarto,Sertao do Trombudo,casa,1,1 quarto,2,380.0,375.0,385.0,,,79.5,77.25,81.75,0,evidência insuficiente no Airbnb,2,evidência insuficiente no Airbnb,False,48.0,
median_across_captures,Mediana entre capturas,exclude_suspicious_prices,Sem preços ≥ 10 mil,morretes|casa|2 quartos,Morretes · casa · 2 quartos,Morretes,casa,2,2 quartos,9,361.0,320.1875,406.0,320.1875,800.0,65.0,47.0,75.0,0,evidência insuficiente no Airbnb,8,evidência insuficiente no Airbnb,False,49.0,
median_across_captures,Mediana entre capturas,exclude_suspicious_prices,Sem preços ≥ 10 mil,casa branca|apartamento|2 quartos,Casa Branca · apartamento · 2 quartos,Casa Branca,apartamento,2,2 quartos,11,350.0,297.5,385.0,280.0,400.0,63.0,56.0,66.5,0,exploratório no Airbnb,4,evidência insuficiente no Airbnb,False,50.0,
median_across_captures,Mediana entre capturas,exclude_suspicious_prices,Sem preços ≥ 10 mil,ilhota|apartamento|1 quarto,Ilhota · apartamento · 1 quarto,Ilhota,apartamento,1,1 quarto,2,345.5,343.25,347.75,,,83.5,81.75,85.25,0,evidência insuficiente no Airbnb,2,evidência insuficiente no Airbnb,False,51.0,
median_across_captures,Mediana entre capturas,exclude_suspicious_prices,Sem preços ≥ 10 mil,centro|casa|2 quartos,Centro · casa · 2 quartos,Centro,casa,2,2 quartos,2,302.0,276.0,328.0,,,25.5,19.25,31.75,0,evidência insuficiente no Airbnb,1,evidência insuficiente no Airbnb,False,52.0,
median_across_captures,Mediana entre capturas,exclude_suspicious_prices,Sem preços ≥ 10 mil,canto da praia|apartamento|3 quartos,Canto da Praia · apartamento · 3 quartos,Canto da Praia,apartamento,3,3 quartos,1,300.0,300.0,300.0,,,28.0,28.0,28.0,0,evidência insuficiente no Airbnb,1,evidência insuficiente no Airbnb,False,53.0,
median_across_captures,Mediana entre capturas,exclude_suspicious_prices,Sem preços ≥ 10 mil,centro|casa|1 quarto,Centro · casa · 1 quarto,Centro,casa,1,1 quarto,1,283.0,283.0,283.0,,,11.0,11.0,11.0,0,evidência insuficiente no Airbnb,1,evidência insuficiente no Airbnb,False,54.0,
median_across_captures,Mediana entre capturas,exclude_suspicious_prices,Sem preços ≥ 10 mil,morretes|casa|1 quarto,Morretes · casa · 1 quarto,Morretes,casa,1,1 quarto,2,282.0,237.5,326.5,,,60.0,53.5,66.5,0,evidência insuficiente no Airbnb,0,evidência insuficiente no Airbnb,False,55.0,
median_across_captures,Mediana entre capturas,exclude_suspicious_prices,Sem preços ≥ 10 mil,ilhota|casa|2 quartos,Ilhota · casa · 2 quartos,Ilhota,casa,2,2 quartos,2,280.0,245.0,315.0,,,33.5,31.25,35.75,0,evidência insuficiente no Airbnb,1,evidência insuficiente no Airbnb,False,56.0,
median_across_captures,Mediana entre capturas,exclude_suspicious_prices,Sem preços ≥ 10 mil,casa branca|casa|1 quarto,Casa Branca · casa · 1 quarto,Casa Branca,casa,1,1 quarto,2,274.5,261.75,287.25,,,34.0,22.0,46.0,0,evidência insuficiente no Airbnb,1,evidência insuficiente no Airbnb,False,57.0,
median_across_captures,Mediana entre capturas,exclude_suspicious_prices,Sem preços ≥ 10 mil,sertaozinho|casa|1 quarto,Sertaozinho · casa · 1 quarto,Sertaozinho,casa,1,1 quarto,2,274.5,227.25,321.75,,,67.0,61.5,72.5,0,evidência insuficiente no Airbnb,0,evidência insuficiente no Airbnb,False,57.0,
median_across_captures,Mediana entre capturas,exclude_suspicious_prices,Sem preços ≥ 10 mil,alto sao bento|apartamento|1 quarto,Alto Sao Bento · apartamento · 1 quarto,Alto Sao Bento,apartamento,1,1 quarto,2,230.0,205.0,255.0,,,67.5,65.25,69.75,0,evidência insuficiente no Airbnb,1,evidência insuficiente no Airbnb,False,59.0,
median_across_captures,Mediana entre capturas,exclude_suspicious_prices,Sem preços ≥ 10 mil,jardim praiamar|casa|1 quarto,Jardim Praiamar · casa · 1 quarto,Jardim Praiamar,casa,1,1 quarto,1,200.0,200.0,200.0,,,60.0,60.0,60.0,0,evidência insuficiente no Airbnb,0,evidência insuficiente no Airbnb,False,60.0,
median_across_captures,Mediana entre capturas,exclude_suspicious_prices,Sem preços ≥ 10 mil,leopoldo zarling|casa|1 quarto,Leopoldo Zarling · casa · 1 quarto,Leopoldo Zarling,casa,1,1 quarto,1,200.0,200.0,200.0,,,70.0,70.0,70.0,0,evidência insuficiente no Airbnb,0,evidência insuficiente no Airbnb,False,60.0,
median_across_captures,Mediana entre capturas,exclude_suspicious_prices,Sem preços ≥ 10 mil,alto sao bento|apartamento|2 quartos,Alto Sao Bento · apartamento · 2 quartos,Alto Sao Bento,apartamento,2,2 quartos,1,199.0,199.0,199.0,,,48.0,48.0,48.0,0,evidência insuficiente no Airbnb,1,evidência insuficiente no Airbnb,False,62.0,
median_across_captures,Mediana entre capturas,exclude_suspicious_prices,Sem preços ≥ 10 mil,meia praia|casa|1 quarto,Meia Praia · casa · 1 quarto,Meia Praia,casa,1,1 quarto,1,195.0,195.0,195.0,,,68.0,68.0,68.0,0,evidência insuficiente no Airbnb,1,evidência insuficiente no Airbnb,False,63.0,
median_across_captures,Mediana entre capturas,exclude_suspicious_prices,Sem preços ≥ 10 mil,varzea|casa|1 quarto,Varzea · casa · 1 quarto,Varzea,casa,1,1 quarto,3,185.0,167.0,317.5,,,35.0,22.0,41.5,0,evidência insuficiente no Airbnb,1,evidência insuficiente no Airbnb,False,64.0,
median_across_captures,Mediana entre capturas,original,Valores originais,canto da praia|casa|4 quartos,Canto da Praia · casa · 4 quartos,Canto da Praia,casa,4,4 quartos,1,3900.0,3900.0,3900.0,,,91.0,91.0,91.0,0,evidência insuficiente no Airbnb,0,evidência insuficiente no Airbnb,False,1.0,
median_across_captures,Mediana entre capturas,original,Valores originais,sertaozinho|casa|6 quartos,Sertaozinho · casa · 6 quartos,Sertaozinho,casa,6,6 quartos,2,2581.25,2121.875,3040.625,,,96.0,96.0,96.0,0,evidência insuficiente no Airbnb,2,evidência insuficiente no Airbnb,False,2.0,
median_across_captures,Mediana entre capturas,original,Valores originais,alto sao bento|casa|12 quartos,Alto Sao Bento · casa · 12 quartos,Alto Sao Bento,casa,12,12 quartos,1,2500.0,2500.0,2500.0,,,62.0,62.0,62.0,0,evidência insuficiente no Airbnb,1,evidência insuficiente no Airbnb,False,3.0,
median_across_captures,Mediana entre capturas,original,Valores originais,meia praia|apartamento|5 quartos,Meia Praia · apartamento · 5 quartos,Meia Praia,apartamento,5,5 quartos,5,1897.0,1450.0,2100.0,900.0,2300.0,32.0,29.0,53.0,0,evidência insuficiente no Airbnb,1,evidência insuficiente no Airbnb,False,4.0,
median_across_captures,Mediana entre capturas,original,Valores originais,varzea|casa|5 quartos,Varzea · casa · 5 quartos,Varzea,casa,5,5 quartos,1,1750.0,1750.0,1750.0,,,102.0,102.0,102.0,0,evidência insuficiente no Airbnb,1,evidência insuficiente no Airbnb,False,5.0,
median_across_captures,Mediana entre capturas,original,Valores originais,tabuleiro dos oliveiras|casa|4 quartos,Tabuleiro dos Oliveiras · casa · 4 quartos,Tabuleiro dos Oliveiras,casa,4,4 quartos,1,1700.0,1700.0,1700.0,,,68.0,68.0,68.0,0,evidência insuficiente no Airbnb,1,evidência insuficiente no Airbnb,False,6.0,
median_across_captures,Mediana entre capturas,original,Valores originais,centro|casa|4 quartos,Centro · casa · 4 quartos,Centro,casa,4,4 quartos,4,1350.0,975.0,1800.0,,,64.5,51.5,79.25,0,evidência insuficiente no Airbnb,2,evidência insuficiente no Airbnb,False,7.0,
median_across_captures,Mediana entre capturas,original,Valores originais,tabuleiro dos oliveiras|casa|7 quartos,Tabuleiro dos Oliveiras · casa · 7 quartos,Tabuleiro dos Oliveiras,casa,7,7 quartos,1,1350.0,1350.0,1350.0,,,78.0,78.0,78.0,0,evidência insuficiente no Airbnb,0,evidência insuficiente no Airbnb,False,7.0,
median_across_captures,Mediana entre capturas,original,Valores originais,meia praia|casa|7 quartos,Meia Praia · casa · 7 quartos,Meia Praia,casa,7,7 quartos,1,1300.0,1300.0,1300.0,,,49.0,49.0,49.0,0,evidência insuficiente no Airbnb,0,evidência insuficiente no Airbnb,False,9.0,
median_across_captures,Mediana entre capturas,original,Valores originais,tabuleiro dos oliveiras|apartamento|4 quartos,Tabuleiro dos Oliveiras · apartamento · 4 quartos,Tabuleiro dos Oliveiras,apartamento,4,4 quartos,1,1100.0,1100.0,1100.0,,,56.0,56.0,56.0,0,evidência insuficiente no Airbnb,0,evidência insuficiente no Airbnb,False,10.0,
median_across_captures,Mediana entre capturas,original,Valores originais,meia praia|apartamento|4 quartos,Meia Praia · apartamento · 4 quartos,Meia Praia,apartamento,4,4 quartos,60,1075.0,837.5,1674.75,899.0,1450.0,59.0,39.75,76.0,0,principal no Airbnb,43,principal no Airbnb,True,11.0,1.0
median_across_captures,Mediana entre capturas,original,Valores originais,morretes|apartamento|4 quartos,Morretes · apartamento · 4 quartos,Morretes,apartamento,4,4 quartos,3,1000.0,745.0,1250.0,,,58.0,51.5,58.5,0,evidência insuficiente no Airbnb,1,evidência insuficiente no Airbnb,False,12.0,
median_across_captures,Mediana entre capturas,original,Valores originais,sertao do trombudo|casa|4 quartos,Sertao do Trombudo · casa · 4 quartos,Sertao do Trombudo,casa,4,4 quartos,1,1000.0,1000.0,1000.0,,,41.0,41.0,41.0,0,evidência insuficiente no Airbnb,1,evidência insuficiente no Airbnb,False,12.0,
median_across_captures,Mediana entre capturas,original,Valores originais,ilhota|casa|4 quartos,Ilhota · casa · 4 quartos,Ilhota,casa,4,4 quartos,1,975.0,975.0,975.0,,,53.0,53.0,53.0,0,evidência insuficiente no Airbnb,1,evidência insuficiente no Airbnb,False,14.0,
median_across_captures,Mediana entre capturas,original,Valores originais,centro|apartamento|5 quartos,Centro · apartamento · 5 quartos,Centro,apartamento,5,5 quartos,1,850.0,850.0,850.0,,,38.0,38.0,38.0,0,evidência insuficiente no Airbnb,0,evidência insuficiente no Airbnb,False,15.0,
median_across_captures,Mediana entre capturas,original,Valores originais,morretes|casa|4 quartos,Morretes · casa · 4 quartos,Morretes,casa,4,4 quartos,2,850.0,775.0,925.0,,,38.0,29.0,47.0,0,evidência insuficiente no Airbnb,2,evidência insuficiente no Airbnb,False,15.0,
median_across_captures,Mediana entre capturas,original,Valores originais,meia praia|casa|4 quartos,Meia Praia · casa · 4 quartos,Meia Praia,casa,4,4 quartos,2,800.0,650.0,950.0,,,60.5,59.75,61.25,0,evidência insuficiente no Airbnb,1,evidência insuficiente no Airbnb,False,17.0,
median_across_captures,Mediana entre capturas,original,Valores originais,canto da praia|casa|1 quarto,Canto da Praia · casa · 1 quarto,Canto da Praia,casa,1,1 quarto,1,793.0,793.0,793.0,,,82.0,82.0,82.0,0,evidência insuficiente no Airbnb,0,evidência insuficiente no Airbnb,False,18.0,
median_across_captures,Mediana entre capturas,original,Valores originais,centro|apartamento|3 quartos,Centro · apartamento · 3 quartos,Centro,apartamento,3,3 quartos,45,780.0,523.0,900.0,650.0,845.0,66.0,39.0,78.0,0,principal no Airbnb,38,principal no Airbnb,True,19.0,2.0
median_across_captures,Mediana entre capturas,original,Valores originais,centro|apartamento|4 quartos,Centro · apartamento · 4 quartos,Centro,apartamento,4,4 quartos,4,745.0,637.5,862.5,,,40.0,36.0,46.0,0,evidência insuficiente no Airbnb,1,evidência insuficiente no Airbnb,False,20.0,
median_across_captures,Mediana entre capturas,original,Valores originais,desconhecido|casa|1 quarto,Desconhecido · casa · 1 quarto,Desconhecido,casa,1,1 quarto,3,709.0,649.5,754.5,,,52.0,47.5,69.0,0,evidência insuficiente no Airbnb,0,evidência insuficiente no Airbnb,False,21.0,
median_across_captures,Mediana entre capturas,original,Valores originais,canto da praia|casa|3 quartos,Canto da Praia · casa · 3 quartos,Canto da Praia,casa,3,3 quartos,2,700.0,650.0,750.0,,,75.5,71.25,79.75,0,evidência insuficiente no Airbnb,0,evidência insuficiente no Airbnb,False,22.0,
median_across_captures,Mediana entre capturas,original,Valores originais,varzea|casa|3 quartos,Varzea · casa · 3 quartos,Varzea,casa,3,3 quartos,1,700.0,700.0,700.0,,,18.0,18.0,18.0,0,evidência insuficiente no Airbnb,1,evidência insuficiente no Airbnb,False,22.0,
median_across_captures,Mediana entre capturas,original,Valores originais,meia praia|apartamento|3 quartos,Meia Praia · apartamento · 3 quartos,Meia Praia,apartamento,3,3 quartos,327,682.66665,500.0,850.0,649.95,700.0,61.0,39.0,76.5,0,principal no Airbnb,284,principal no Airbnb,True,24.0,3.0
median_across_captures,Mediana entre capturas,original,Valores originais,centro|casa|3 quartos,Centro · casa · 3 quartos,Centro,casa,3,3 quartos,2,675.0,512.5,837.5,,,60.0,44.5,75.5,0,evidência insuficiente no Airbnb,0,evidência insuficiente no Airbnb,False,25.0,
median_across_captures,Mediana entre capturas,original,Valores originais,morretes|apartamento|3 quartos,Morretes · apartamento · 3 quartos,Morretes,apartamento,3,3 quartos,10,650.0,515.0,919.75,500.0,993.0,60.0,30.25,70.5,0,exploratório no Airbnb,9,evidência insuficiente no Airbnb,False,26.0,
median_across_captures,Mediana entre capturas,original,Valores originais,tabuleiro dos oliveiras|apartamento|3 quartos,Tabuleiro dos Oliveiras · apartamento · 3 quartos,Tabuleiro dos Oliveiras,apartamento,3,3 quartos,4,640.0,555.0,672.5,,,81.5,71.75,82.75,0,evidência insuficiente no Airbnb,3,evidência insuficiente no Airbnb,False,27.0,
median_across_captures,Mediana entre capturas,original,Valores originais,centro|apartamento|2 quartos,Centro · apartamento · 2 quartos,Centro,apartamento,2,2 quartos,65,600.0,370.0,762.91665,480.0,658.3333,70.0,48.0,85.0,0,principal no Airbnb,59,principal no Airbnb,True,28.0,4.0
median_across_captures,Mediana entre capturas,original,Valores originais,ilhota|casa|3 quartos,Ilhota · casa · 3 quartos,Ilhota,casa,3,3 quartos,2,595.0,542.5,647.5,,,77.5,75.75,79.25,0,evidência insuficiente no Airbnb,2,evidência insuficiente no Airbnb,False,29.0,
median_across_captures,Mediana entre capturas,original,Valores originais,ilhota|apartamento|2 quartos,Ilhota · apartamento · 2 quartos,Ilhota,apartamento,2,2 quartos,2,587.5,586.25,588.75,,,71.0,70.0,72.0,0,evidência insuficiente no Airbnb,1,evidência insuficiente no Airbnb,False,30.0,
median_across_captures,Mediana entre capturas,original,Valores originais,areal|casa|1 quarto,Areal · casa · 1 quarto,Areal,casa,1,1 quarto,1,556.0,556.0,556.0,,,37.0,37.0,37.0,0,evidência insuficiente no Airbnb,1,evidência insuficiente no Airbnb,False,31.0,
median_across_captures,Mediana entre capturas,original,Valores originais,canto da praia|apartamento|2 quartos,Canto da Praia · apartamento · 2 quartos,Canto da Praia,apartamento,2,2 quartos,4,509.0,494.75,563.25,,,62.0,46.75,70.25,0,evidência insuficiente no Airbnb,4,evidência insuficiente no Airbnb,False,32.0,
median_across_captures,Mediana entre capturas,original,Valores originais,ilhota|apartamento|3 quartos,Ilhota · apartamento · 3 quartos,Ilhota,apartamento,3,3 quartos,1,500.0,500.0,500.0,,,64.0,64.0,64.0,0,evidência insuficiente no Airbnb,0,evidência insuficiente no Airbnb,False,33.0,
median_across_captures,Mediana entre capturas,original,Valores originais,morretes|casa|3 quartos,Morretes · casa · 3 quartos,Morretes,casa,3,3 quartos,1,500.0,500.0,500.0,,,65.0,65.0,65.0,0,evidência insuficiente no Airbnb,0,evidência insuficiente no Airbnb,False,33.0,
median_across_captures,Mediana entre capturas,original,Valores originais,sertaozinho|casa|2 quartos,Sertaozinho · casa · 2 quartos,Sertaozinho,casa,2,2 quartos,1,500.0,500.0,500.0,,,86.0,86.0,86.0,0,evidência insuficiente no Airbnb,1,evidência insuficiente no Airbnb,False,33.0,
median_across_captures,Mediana entre capturas,original,Valores originais,sertaozinho|casa|3 quartos,Sertaozinho · casa · 3 quartos,Sertaozinho,casa,3,3 quartos,1,500.0,500.0,500.0,,,84.0,84.0,84.0,0,evidência insuficiente no Airbnb,0,evidência insuficiente no Airbnb,False,33.0,
median_across_captures,Mediana entre capturas,original,Valores originais,morretes|apartamento|2 quartos,Morretes · apartamento · 2 quartos,Morretes,apartamento,2,2 quartos,51,470.0,350.0,595.125,400.0,550.0,62.0,44.0,78.0,1,principal no Airbnb,43,principal no Airbnb,True,37.0,5.0
median_across_captures,Mediana entre capturas,original,Valores originais,meia praia|apartamento|2 quartos,Meia Praia · apartamento · 2 quartos,Meia Praia,apartamento,2,2 quartos,187,450.0,372.5,590.0,430.0,499.025,56.0,37.5,69.5,1,principal no Airbnb,126,principal no Airbnb,True,38.0,6.0
median_across_captures,Mediana entre capturas,original,Valores originais,meia praia|casa|3 quartos,Meia Praia · casa · 3 quartos,Meia Praia,casa,3,3 quartos,5,450.0,400.0,600.0,380.0,650.0,38.0,5.0,46.0,0,evidência insuficiente no Airbnb,0,evidência insuficiente no Airbnb,False,38.0,
median_across_captures,Mediana entre capturas,original,Valores originais,tabuleiro dos oliveiras|apartamento|2 quartos,Tabuleiro dos Oliveiras · apartamento · 2 quartos,Tabuleiro dos Oliveiras,apartamento,2,2 quartos,12,450.0,350.0,660.75,350.0,671.5,61.0,51.25,79.5,0,exploratório no Airbnb,12,exploratório no Airbnb,False,38.0,
median_across_captures,Mediana entre capturas,original,Valores originais,centro|apartamento|1 quarto,Centro · apartamento · 1 quarto,Centro,apartamento,1,1 quarto,78,448.0,375.03125,606.25,390.5,568.7916837499996,77.0,67.0,84.75,0,principal no Airbnb,75,principal no Airbnb,True,41.0,7.0
median_across_captures,Mediana entre capturas,original,Valores originais,meia praia|casa|2 quartos,Meia Praia · casa · 2 quartos,Meia Praia,casa,2,2 quartos,3,446.0,372.5,473.0,,,40.0,38.0,43.0,0,evidência insuficiente no Airbnb,0,evidência insuficiente no Airbnb,False,42.0,
median_across_captures,Mediana entre capturas,original,Valores originais,meia praia|apartamento|1 quarto,Meia Praia · apartamento · 1 quarto,Meia Praia,apartamento,1,1 quarto,20,441.0,377.500005,523.25,391.66667,508.0,65.5,58.5,76.25,1,exploratório no Airbnb,16,exploratório no Airbnb,False,43.0,
median_across_captures,Mediana entre capturas,original,Valores originais,meia praia|apartamento|0 quartos,Meia Praia · apartamento · 0 quartos,Meia Praia,apartamento,0,0 quartos,8,435.0,325.6,552.5,310.0,560.0,59.0,51.25,85.5,0,evidência insuficiente no Airbnb,7,evidência insuficiente no Airbnb,False,44.0,
median_across_captures,Mediana entre capturas,original,Valores originais,morretes|apartamento|1 quarto,Morretes · apartamento · 1 quarto,Morretes,apartamento,1,1 quarto,4,415.0,306.25,491.25,,,29.5,12.0,54.0,0,evidência insuficiente no Airbnb,3,evidência insuficiente no Airbnb,False,45.0,
median_across_captures,Mediana entre capturas,original,Valores originais,casa branca|apartamento|3 quartos,Casa Branca · apartamento · 3 quartos,Casa Branca,apartamento,3,3 quartos,2,403.0,354.5,451.5,,,64.0,62.5,65.5,0,evidência insuficiente no Airbnb,2,evidência insuficiente no Airbnb,False,46.0,
median_across_captures,Mediana entre capturas,original,Valores originais,alto sao bento|casa|1 quarto,Alto Sao Bento · casa · 1 quarto,Alto Sao Bento,casa,1,1 quarto,1,400.0,400.0,400.0,,,43.0,43.0,43.0,0,evidência insuficiente no Airbnb,0,evidência insuficiente no Airbnb,False,47.0,
median_across_captures,Mediana entre capturas,original,Valores originais,sertao do trombudo|casa|1 quarto,Sertao do Trombudo · casa · 1 quarto,Sertao do Trombudo,casa,1,1 quarto,2,380.0,375.0,385.0,,,79.5,77.25,81.75,0,evidência insuficiente no Airbnb,2,evidência insuficiente no Airbnb,False,48.0,
median_across_captures,Mediana entre capturas,original,Valores originais,morretes|casa|2 quartos,Morretes · casa · 2 quartos,Morretes,casa,2,2 quartos,9,361.0,320.1875,406.0,300.0,800.0,65.0,47.0,75.0,0,evidência insuficiente no Airbnb,8,evidência insuficiente no Airbnb,False,49.0,
median_across_captures,Mediana entre capturas,original,Valores originais,casa branca|apartamento|2 quartos,Casa Branca · apartamento · 2 quartos,Casa Branca,apartamento,2,2 quartos,11,350.0,297.5,385.0,280.0,400.0,63.0,56.0,66.5,0,exploratório no Airbnb,4,evidência insuficiente no Airbnb,False,50.0,
median_across_captures,Mediana entre capturas,original,Valores originais,ilhota|apartamento|1 quarto,Ilhota · apartamento · 1 quarto,Ilhota,apartamento,1,1 quarto,2,345.5,343.25,347.75,,,83.5,81.75,85.25,0,evidência insuficiente no Airbnb,2,evidência insuficiente no Airbnb,False,51.0,
median_across_captures,Mediana entre capturas,original,Valores originais,centro|casa|2 quartos,Centro · casa · 2 quartos,Centro,casa,2,2 quartos,2,302.0,276.0,328.0,,,25.5,19.25,31.75,0,evidência insuficiente no Airbnb,1,evidência insuficiente no Airbnb,False,52.0,
median_across_captures,Mediana entre capturas,original,Valores originais,canto da praia|apartamento|3 quartos,Canto da Praia · apartamento · 3 quartos,Canto da Praia,apartamento,3,3 quartos,1,300.0,300.0,300.0,,,28.0,28.0,28.0,0,evidência insuficiente no Airbnb,1,evidência insuficiente no Airbnb,False,53.0,
median_across_captures,Mediana entre capturas,original,Valores originais,centro|casa|1 quarto,Centro · casa · 1 quarto,Centro,casa,1,1 quarto,1,283.0,283.0,283.0,,,11.0,11.0,11.0,0,evidência insuficiente no Airbnb,1,evidência insuficiente no Airbnb,False,54.0,
median_across_captures,Mediana entre capturas,original,Valores originais,morretes|casa|1 quarto,Morretes · casa · 1 quarto,Morretes,casa,1,1 quarto,2,282.0,237.5,326.5,,,60.0,53.5,66.5,0,evidência insuficiente no Airbnb,0,evidência insuficiente no Airbnb,False,55.0,
median_across_captures,Mediana entre capturas,original,Valores originais,ilhota|casa|2 quartos,Ilhota · casa · 2 quartos,Ilhota,casa,2,2 quartos,2,280.0,245.0,315.0,,,33.5,31.25,35.75,0,evidência insuficiente no Airbnb,1,evidência insuficiente no Airbnb,False,56.0,
median_across_captures,Mediana entre capturas,original,Valores originais,casa branca|casa|1 quarto,Casa Branca · casa · 1 quarto,Casa Branca,casa,1,1 quarto,2,274.5,261.75,287.25,,,34.0,22.0,46.0,0,evidência insuficiente no Airbnb,1,evidência insuficiente no Airbnb,False,57.0,
median_across_captures,Mediana entre capturas,original,Valores originais,sertaozinho|casa|1 quarto,Sertaozinho · casa · 1 quarto,Sertaozinho,casa,1,1 quarto,2,274.5,227.25,321.75,,,67.0,61.5,72.5,0,evidência insuficiente no Airbnb,0,evidência insuficiente no Airbnb,False,57.0,
median_across_captures,Mediana entre capturas,original,Valores originais,alto sao bento|apartamento|1 quarto,Alto Sao Bento · apartamento · 1 quarto,Alto Sao Bento,apartamento,1,1 quarto,2,230.0,205.0,255.0,,,67.5,65.25,69.75,0,evidência insuficiente no Airbnb,1,evidência insuficiente no Airbnb,False,59.0,
median_across_captures,Mediana entre capturas,original,Valores originais,jardim praiamar|casa|1 quarto,Jardim Praiamar · casa · 1 quarto,Jardim Praiamar,casa,1,1 quarto,1,200.0,200.0,200.0,,,60.0,60.0,60.0,0,evidência insuficiente no Airbnb,0,evidência insuficiente no Airbnb,False,60.0,
median_across_captures,Mediana entre capturas,original,Valores originais,leopoldo zarling|casa|1 quarto,Leopoldo Zarling · casa · 1 quarto,Leopoldo Zarling,casa,1,1 quarto,1,200.0,200.0,200.0,,,70.0,70.0,70.0,0,evidência insuficiente no Airbnb,0,evidência insuficiente no Airbnb,False,60.0,
median_across_captures,Mediana entre capturas,original,Valores originais,alto sao bento|apartamento|2 quartos,Alto Sao Bento · apartamento · 2 quartos,Alto Sao Bento,apartamento,2,2 quartos,1,199.0,199.0,199.0,,,48.0,48.0,48.0,0,evidência insuficiente no Airbnb,1,evidência insuficiente no Airbnb,False,62.0,
median_across_captures,Mediana entre capturas,original,Valores originais,meia praia|casa|1 quarto,Meia Praia · casa · 1 quarto,Meia Praia,casa,1,1 quarto,1,195.0,195.0,195.0,,,68.0,68.0,68.0,0,evidência insuficiente no Airbnb,1,evidência insuficiente no Airbnb,False,63.0,
median_across_captures,Mediana entre capturas,original,Valores originais,varzea|casa|1 quarto,Varzea · casa · 1 quarto,Varzea,casa,1,1 quarto,3,185.0,167.0,317.5,,,35.0,22.0,41.5,0,evidência insuficiente no Airbnb,1,evidência insuficiente no Airbnb,False,64.0,
snapshot_2025_01_20,Captura de 20/01,exclude_affected_listings,Sem os três imóveis afetados,sertaozinho|casa|6 quartos,Sertaozinho · casa · 6 quartos,Sertaozinho,casa,6,6 quartos,2,2581.25,2121.875,3040.625,,,80.5,78.75,82.25,0,evidência insuficiente no Airbnb,2,evidência insuficiente no Airbnb,False,1.0,
snapshot_2025_01_20,Captura de 20/01,exclude_affected_listings,Sem os três imóveis afetados,alto sao bento|casa|12 quartos,Alto Sao Bento · casa · 12 quartos,Alto Sao Bento,casa,12,12 quartos,1,2500.0,2500.0,2500.0,,,62.0,62.0,62.0,0,evidência insuficiente no Airbnb,1,evidência insuficiente no Airbnb,False,2.0,
snapshot_2025_01_20,Captura de 20/01,exclude_affected_listings,Sem os três imóveis afetados,tabuleiro dos oliveiras|casa|4 quartos,Tabuleiro dos Oliveiras · casa · 4 quartos,Tabuleiro dos Oliveiras,casa,4,4 quartos,1,1700.0,1700.0,1700.0,,,62.0,62.0,62.0,0,evidência insuficiente no Airbnb,1,evidência insuficiente no Airbnb,False,3.0,
snapshot_2025_01_20,Captura de 20/01,exclude_affected_listings,Sem os três imóveis afetados,varzea|casa|5 quartos,Varzea · casa · 5 quartos,Varzea,casa,5,5 quartos,1,1500.0,1500.0,1500.0,,,89.0,89.0,89.0,0,evidência insuficiente no Airbnb,1,evidência insuficiente no Airbnb,False,4.0,
snapshot_2025_01_20,Captura de 20/01,exclude_affected_listings,Sem os três imóveis afetados,centro|casa|4 quartos,Centro · casa · 4 quartos,Centro,casa,4,4 quartos,2,1400.0,1200.0,1600.0,,,59.0,49.0,69.0,0,evidência insuficiente no Airbnb,2,evidência insuficiente no Airbnb,False,5.0,
snapshot_2025_01_20,Captura de 20/01,exclude_affected_listings,Sem os três imóveis afetados,morretes|casa|4 quartos,Morretes · casa · 4 quartos,Morretes,casa,4,4 quartos,2,1100.0,1050.0,1150.0,,,32.0,20.0,44.0,0,evidência insuficiente no Airbnb,2,evidência insuficiente no Airbnb,False,6.0,
snapshot_2025_01_20,Captura de 20/01,exclude_affected_listings,Sem os três imóveis afetados,sertao do trombudo|casa|4 quartos,Sertao do Trombudo · casa · 4 quartos,Sertao do Trombudo,casa,4,4 quartos,1,1000.0,1000.0,1000.0,,,37.0,37.0,37.0,0,evidência insuficiente no Airbnb,1,evidência insuficiente no Airbnb,False,7.0,
snapshot_2025_01_20,Captura de 20/01,exclude_affected_listings,Sem os três imóveis afetados,ilhota|casa|4 quartos,Ilhota · casa · 4 quartos,Ilhota,casa,4,4 quartos,1,946.0,946.0,946.0,,,48.0,48.0,48.0,0,evidência insuficiente no Airbnb,1,evidência insuficiente no Airbnb,False,8.0,
snapshot_2025_01_20,Captura de 20/01,exclude_affected_listings,Sem os três imóveis afetados,meia praia|apartamento|5 quartos,Meia Praia · apartamento · 5 quartos,Meia Praia,apartamento,5,5 quartos,1,900.0,900.0,900.0,,,16.0,16.0,16.0,0,evidência insuficiente no Airbnb,1,evidência insuficiente no Airbnb,False,9.0,
snapshot_2025_01_20,Captura de 20/01,exclude_affected_listings,Sem os três imóveis afetados,meia praia|apartamento|4 quartos,Meia Praia · apartamento · 4 quartos,Meia Praia,apartamento,4,4 quartos,43,899.0,735.0,1537.0,849.0,1400.0,48.0,34.5,71.5,0,principal no Airbnb,43,principal no Airbnb,True,10.0,1.0
snapshot_2025_01_20,Captura de 20/01,exclude_affected_listings,Sem os três imóveis afetados,varzea|casa|3 quartos,Varzea · casa · 3 quartos,Varzea,casa,3,3 quartos,1,700.0,700.0,700.0,,,18.0,18.0,18.0,0,evidência insuficiente no Airbnb,1,evidência insuficiente no Airbnb,False,11.0,
snapshot_2025_01_20,Captura de 20/01,exclude_affected_listings,Sem os três imóveis afetados,centro|apartamento|3 quartos,Centro · apartamento · 3 quartos,Centro,apartamento,3,3 quartos,38,664.0,500.0,832.75,523.0,800.0,57.5,32.75,65.25,0,principal no Airbnb,38,principal no Airbnb,True,12.0,2.0
snapshot_2025_01_20,Captura de 20/01,exclude_affected_listings,Sem os três imóveis afetados,meia praia|apartamento|3 quartos,Meia Praia · apartamento · 3 quartos,Meia Praia,apartamento,3,3 quartos,284,650.0,500.0,816.499975,601.9875,700.0,54.0,35.75,68.0,0,principal no Airbnb,284,principal no Airbnb,True,13.0,3.0
snapshot_2025_01_20,Captura de 20/01,exclude_affected_listings,Sem os três imóveis afetados,morretes|apartamento|3 quartos,Morretes · apartamento · 3 quartos,Morretes,apartamento,3,3 quartos,9,650.0,550.0,1010.5,500.0,1010.7874999999997,55.0,30.0,66.0,0,evidência insuficiente no Airbnb,9,evidência insuficiente no Airbnb,False,13.0,
snapshot_2025_01_20,Captura de 20/01,exclude_affected_listings,Sem os três imóveis afetados,tabuleiro dos oliveiras|apartamento|3 quartos,Tabuleiro dos Oliveiras · apartamento · 3 quartos,Tabuleiro dos Oliveiras,apartamento,3,3 quartos,3,640.0,585.0,655.0,,,78.0,75.0,81.5,0,evidência insuficiente no Airbnb,3,evidência insuficiente no Airbnb,False,15.0,
snapshot_2025_01_20,Captura de 20/01,exclude_affected_listings,Sem os três imóveis afetados,centro|apartamento|2 quartos,Centro · apartamento · 2 quartos,Centro,apartamento,2,2 quartos,59,600.0,399.0,682.0,450.0,627.75,61.0,45.5,74.0,0,principal no Airbnb,59,principal no Airbnb,True,16.0,4.0
snapshot_2025_01_20,Captura de 20/01,exclude_affected_listings,Sem os três imóveis afetados,ilhota|casa|3 quartos,Ilhota · casa · 3 quartos,Ilhota,casa,3,3 quartos,2,595.0,542.5,647.5,,,77.5,75.75,79.25,0,evidência insuficiente no Airbnb,2,evidência insuficiente no Airbnb,False,17.0,
snapshot_2025_01_20,Captura de 20/01,exclude_affected_listings,Sem os três imóveis afetados,morretes|apartamento|4 quartos,Morretes · apartamento · 4 quartos,Morretes,apartamento,4,4 quartos,1,590.0,590.0,590.0,,,41.0,41.0,41.0,0,evidência insuficiente no Airbnb,1,evidência insuficiente no Airbnb,False,18.0,
snapshot_2025_01_20,Captura de 20/01,exclude_affected_listings,Sem os três imóveis afetados,ilhota|apartamento|2 quartos,Ilhota · apartamento · 2 quartos,Ilhota,apartamento,2,2 quartos,1,585.0,585.0,585.0,,,69.0,69.0,69.0,0,evidência insuficiente no Airbnb,1,evidência insuficiente no Airbnb,False,19.0,
snapshot_2025_01_20,Captura de 20/01,exclude_affected_listings,Sem os três imóveis afetados,areal|casa|1 quarto,Areal · casa · 1 quarto,Areal,casa,1,1 quarto,1,556.0,556.0,556.0,,,37.0,37.0,37.0,0,evidência insuficiente no Airbnb,1,evidência insuficiente no Airbnb,False,20.0,
snapshot_2025_01_20,Captura de 20/01,exclude_affected_listings,Sem os três imóveis afetados,canto da praia|apartamento|2 quartos,Canto da Praia · apartamento · 2 quartos,Canto da Praia,apartamento,2,2 quartos,4,509.0,494.75,534.25,,,62.0,46.75,65.0,0,evidência insuficiente no Airbnb,4,evidência insuficiente no Airbnb,False,21.0,
snapshot_2025_01_20,Captura de 20/01,exclude_affected_listings,Sem os três imóveis afetados,meia praia|casa|4 quartos,Meia Praia · casa · 4 quartos,Meia Praia,casa,4,4 quartos,1,500.0,500.0,500.0,,,59.0,59.0,59.0,0,evidência insuficiente no Airbnb,1,evidência insuficiente no Airbnb,False,22.0,
snapshot_2025_01_20,Captura de 20/01,exclude_affected_listings,Sem os três imóveis afetados,sertaozinho|casa|2 quartos,Sertaozinho · casa · 2 quartos,Sertaozinho,casa,2,2 quartos,1,500.0,500.0,500.0,,,86.0,86.0,86.0,0,evidência insuficiente no Airbnb,1,evidência insuficiente no Airbnb,False,22.0,
snapshot_2025_01_20,Captura de 20/01,exclude_affected_listings,Sem os três imóveis afetados,morretes|apartamento|2 quartos,Morretes · apartamento · 2 quartos,Morretes,apartamento,2,2 quartos,42,451.75,350.75,541.25,402.45625,500.0,63.5,45.75,74.0,0,principal no Airbnb,43,principal no Airbnb,True,24.0,5.0
snapshot_2025_01_20,Captura de 20/01,exclude_affected_listings,Sem os três imóveis afetados,centro|apartamento|1 quarto,Centro · apartamento · 1 quarto,Centro,apartamento,1,1 quarto,75,450.0,378.25,497.0,402.0,471.0,67.0,59.5,73.5,0,principal no Airbnb,75,principal no Airbnb,True,25.0,6.0
snapshot_2025_01_20,Captura de 20/01,exclude_affected_listings,Sem os três imóveis afetados,centro|apartamento|4 quartos,Centro · apartamento · 4 quartos,Centro,apartamento,4,4 quartos,1,450.0,450.0,450.0,,,19.0,19.0,19.0,0,evidência insuficiente no Airbnb,1,evidência insuficiente no Airbnb,False,25.0,
snapshot_2025_01_20,Captura de 20/01,exclude_affected_listings,Sem os três imóveis afetados,varzea|casa|1 quarto,Varzea · casa · 1 quarto,Varzea,casa,1,1 quarto,1,450.0,450.0,450.0,,,9.0,9.0,9.0,0,evidência insuficiente no Airbnb,1,evidência insuficiente no Airbnb,False,25.0,
snapshot_2025_01_20,Captura de 20/01,exclude_affected_listings,Sem os três imóveis afetados,meia praia|apartamento|2 quartos,Meia Praia · apartamento · 2 quartos,Meia Praia,apartamento,2,2 quartos,126,448.0,350.0,550.0,400.0,460.08333,52.0,34.0,65.0,0,principal no Airbnb,126,principal no Airbnb,True,28.0,7.0
snapshot_2025_01_20,Captura de 20/01,exclude_affected_listings,Sem os três imóveis afetados,meia praia|apartamento|1 quarto,Meia Praia · apartamento · 1 quarto,Meia Praia,apartamento,1,1 quarto,16,440.0,382.875,510.75,380.75,509.0,57.5,43.5,70.0,0,exploratório no Airbnb,16,exploratório no Airbnb,False,29.0,
snapshot_2025_01_20,Captura de 20/01,exclude_affected_listings,Sem os três imóveis afetados,casa branca|apartamento|3 quartos,Casa Branca · apartamento · 3 quartos,Casa Branca,apartamento,3,3 quartos,2,403.0,354.5,451.5,,,56.5,51.25,61.75,0,evidência insuficiente no Airbnb,2,evidência insuficiente no Airbnb,False,30.0,
snapshot_2025_01_20,Captura de 20/01,exclude_affected_listings,Sem os três imóveis afetados,morretes|apartamento|1 quarto,Morretes · apartamento · 1 quarto,Morretes,apartamento,1,1 quarto,3,400.0,375.0,440.0,,,12.0,11.0,33.5,0,evidência insuficiente no Airbnb,3,evidência insuficiente no Airbnb,False,31.0,
snapshot_2025_01_20,Captura de 20/01,exclude_affected_listings,Sem os três imóveis afetados,tabuleiro dos oliveiras|apartamento|2 quartos,Tabuleiro dos Oliveiras · apartamento · 2 quartos,Tabuleiro dos Oliveiras,apartamento,2,2 quartos,12,399.5,380.0,553.25,363.5,583.5,54.0,36.0,69.25,0,exploratório no Airbnb,12,exploratório no Airbnb,False,32.0,
snapshot_2025_01_20,Captura de 20/01,exclude_affected_listings,Sem os três imóveis afetados,meia praia|apartamento|0 quartos,Meia Praia · apartamento · 0 quartos,Meia Praia,apartamento,0,0 quartos,7,380.0,315.4,515.0,300.0,540.0,63.0,50.0,72.0,0,evidência insuficiente no Airbnb,7,evidência insuficiente no Airbnb,False,33.0,
snapshot_2025_01_20,Captura de 20/01,exclude_affected_listings,Sem os três imóveis afetados,sertao do trombudo|casa|1 quarto,Sertao do Trombudo · casa · 1 quarto,Sertao do Trombudo,casa,1,1 quarto,2,380.0,375.0,385.0,,,79.5,77.25,81.75,0,evidência insuficiente no Airbnb,2,evidência insuficiente no Airbnb,False,33.0,
snapshot_2025_01_20,Captura de 20/01,exclude_affected_listings,Sem os três imóveis afetados,ilhota|apartamento|1 quarto,Ilhota · apartamento · 1 quarto,Ilhota,apartamento,1,1 quarto,2,345.5,343.25,347.75,,,83.5,81.75,85.25,0,evidência insuficiente no Airbnb,2,evidência insuficiente no Airbnb,False,35.0,
snapshot_2025_01_20,Captura de 20/01,exclude_affected_listings,Sem os três imóveis afetados,morretes|casa|2 quartos,Morretes · casa · 2 quartos,Morretes,casa,2,2 quartos,8,323.5,298.8125,380.75,298.25,440.0,49.5,39.5,65.0,0,evidência insuficiente no Airbnb,8,evidência insuficiente no Airbnb,False,36.0,
snapshot_2025_01_20,Captura de 20/01,exclude_affected_listings,Sem os três imóveis afetados,canto da praia|apartamento|3 quartos,Canto da Praia · apartamento · 3 quartos,Canto da Praia,apartamento,3,3 quartos,1,307.625,307.625,307.625,,,28.0,28.0,28.0,0,evidência insuficiente no Airbnb,1,evidência insuficiente no Airbnb,False,37.0,
snapshot_2025_01_20,Captura de 20/01,exclude_affected_listings,Sem os três imóveis afetados,casa branca|casa|1 quarto,Casa Branca · casa · 1 quarto,Casa Branca,casa,1,1 quarto,1,300.0,300.0,300.0,,,58.0,58.0,58.0,0,evidência insuficiente no Airbnb,1,evidência insuficiente no Airbnb,False,38.0,
snapshot_2025_01_20,Captura de 20/01,exclude_affected_listings,Sem os três imóveis afetados,centro|casa|1 quarto,Centro · casa · 1 quarto,Centro,casa,1,1 quarto,1,283.0,283.0,283.0,,,11.0,11.0,11.0,0,evidência insuficiente no Airbnb,1,evidência insuficiente no Airbnb,False,39.0,
snapshot_2025_01_20,Captura de 20/01,exclude_affected_listings,Sem os três imóveis afetados,alto sao bento|apartamento|1 quarto,Alto Sao Bento · apartamento · 1 quarto,Alto Sao Bento,apartamento,1,1 quarto,1,280.0,280.0,280.0,,,63.0,63.0,63.0,0,evidência insuficiente no Airbnb,1,evidência insuficiente no Airbnb,False,40.0,
snapshot_2025_01_20,Captura de 20/01,exclude_affected_listings,Sem os três imóveis afetados,casa branca|apartamento|2 quartos,Casa Branca · apartamento · 2 quartos,Casa Branca,apartamento,2,2 quartos,4,260.0,233.75,297.25,,,54.5,51.25,62.75,0,evidência insuficiente no Airbnb,4,evidência insuficiente no Airbnb,False,41.0,
snapshot_2025_01_20,Captura de 20/01,exclude_affected_listings,Sem os três imóveis afetados,centro|casa|2 quartos,Centro · casa · 2 quartos,Centro,casa,2,2 quartos,1,250.0,250.0,250.0,,,38.0,38.0,38.0,0,evidência insuficiente no Airbnb,1,evidência insuficiente no Airbnb,False,42.0,
snapshot_2025_01_20,Captura de 20/01,exclude_affected_listings,Sem os três imóveis afetados,ilhota|casa|2 quartos,Ilhota · casa · 2 quartos,Ilhota,casa,2,2 quartos,1,210.0,210.0,210.0,,,29.0,29.0,29.0,0,evidência insuficiente no Airbnb,1,evidência insuficiente no Airbnb,False,43.0,
snapshot_2025_01_20,Captura de 20/01,exclude_affected_listings,Sem os três imóveis afetados,alto sao bento|apartamento|2 quartos,Alto Sao Bento · apartamento · 2 quartos,Alto Sao Bento,apartamento,2,2 quartos,1,199.0,199.0,199.0,,,48.0,48.0,48.0,0,evidência insuficiente no Airbnb,1,evidência insuficiente no Airbnb,False,44.0,
snapshot_2025_01_20,Captura de 20/01,exclude_affected_listings,Sem os três imóveis afetados,meia praia|casa|1 quarto,Meia Praia · casa · 1 quarto,Meia Praia,casa,1,1 quarto,1,195.0,195.0,195.0,,,68.0,68.0,68.0,0,evidência insuficiente no Airbnb,1,evidência insuficiente no Airbnb,False,45.0,
snapshot_2025_01_20,Captura de 20/01,exclude_suspicious_prices,Sem preços ≥ 10 mil,sertaozinho|casa|6 quartos,Sertaozinho · casa · 6 quartos,Sertaozinho,casa,6,6 quartos,2,2581.25,2121.875,3040.625,,,80.5,78.75,82.25,0,evidência insuficiente no Airbnb,2,evidência insuficiente no Airbnb,False,1.0,
snapshot_2025_01_20,Captura de 20/01,exclude_suspicious_prices,Sem preços ≥ 10 mil,alto sao bento|casa|12 quartos,Alto Sao Bento · casa · 12 quartos,Alto Sao Bento,casa,12,12 quartos,1,2500.0,2500.0,2500.0,,,62.0,62.0,62.0,0,evidência insuficiente no Airbnb,1,evidência insuficiente no Airbnb,False,2.0,
snapshot_2025_01_20,Captura de 20/01,exclude_suspicious_prices,Sem preços ≥ 10 mil,tabuleiro dos oliveiras|casa|4 quartos,Tabuleiro dos Oliveiras · casa · 4 quartos,Tabuleiro dos Oliveiras,casa,4,4 quartos,1,1700.0,1700.0,1700.0,,,62.0,62.0,62.0,0,evidência insuficiente no Airbnb,1,evidência insuficiente no Airbnb,False,3.0,
snapshot_2025_01_20,Captura de 20/01,exclude_suspicious_prices,Sem preços ≥ 10 mil,varzea|casa|5 quartos,Varzea · casa · 5 quartos,Varzea,casa,5,5 quartos,1,1500.0,1500.0,1500.0,,,89.0,89.0,89.0,0,evidência insuficiente no Airbnb,1,evidência insuficiente no Airbnb,False,4.0,
snapshot_2025_01_20,Captura de 20/01,exclude_suspicious_prices,Sem preços ≥ 10 mil,centro|casa|4 quartos,Centro · casa · 4 quartos,Centro,casa,4,4 quartos,2,1400.0,1200.0,1600.0,,,59.0,49.0,69.0,0,evidência insuficiente no Airbnb,2,evidência insuficiente no Airbnb,False,5.0,
snapshot_2025_01_20,Captura de 20/01,exclude_suspicious_prices,Sem preços ≥ 10 mil,morretes|casa|4 quartos,Morretes · casa · 4 quartos,Morretes,casa,4,4 quartos,2,1100.0,1050.0,1150.0,,,32.0,20.0,44.0,0,evidência insuficiente no Airbnb,2,evidência insuficiente no Airbnb,False,6.0,
snapshot_2025_01_20,Captura de 20/01,exclude_suspicious_prices,Sem preços ≥ 10 mil,sertao do trombudo|casa|4 quartos,Sertao do Trombudo · casa · 4 quartos,Sertao do Trombudo,casa,4,4 quartos,1,1000.0,1000.0,1000.0,,,37.0,37.0,37.0,0,evidência insuficiente no Airbnb,1,evidência insuficiente no Airbnb,False,7.0,
snapshot_2025_01_20,Captura de 20/01,exclude_suspicious_prices,Sem preços ≥ 10 mil,ilhota|casa|4 quartos,Ilhota · casa · 4 quartos,Ilhota,casa,4,4 quartos,1,946.0,946.0,946.0,,,48.0,48.0,48.0,0,evidência insuficiente no Airbnb,1,evidência insuficiente no Airbnb,False,8.0,
snapshot_2025_01_20,Captura de 20/01,exclude_suspicious_prices,Sem preços ≥ 10 mil,meia praia|apartamento|5 quartos,Meia Praia · apartamento · 5 quartos,Meia Praia,apartamento,5,5 quartos,1,900.0,900.0,900.0,,,16.0,16.0,16.0,0,evidência insuficiente no Airbnb,1,evidência insuficiente no Airbnb,False,9.0,
snapshot_2025_01_20,Captura de 20/01,exclude_suspicious_prices,Sem preços ≥ 10 mil,meia praia|apartamento|4 quartos,Meia Praia · apartamento · 4 quartos,Meia Praia,apartamento,4,4 quartos,43,899.0,735.0,1537.0,849.0,1400.0,48.0,34.5,71.5,0,principal no Airbnb,43,principal no Airbnb,True,10.0,1.0
snapshot_2025_01_20,Captura de 20/01,exclude_suspicious_prices,Sem preços ≥ 10 mil,varzea|casa|3 quartos,Varzea · casa · 3 quartos,Varzea,casa,3,3 quartos,1,700.0,700.0,700.0,,,18.0,18.0,18.0,0,evidência insuficiente no Airbnb,1,evidência insuficiente no Airbnb,False,11.0,
snapshot_2025_01_20,Captura de 20/01,exclude_suspicious_prices,Sem preços ≥ 10 mil,centro|apartamento|3 quartos,Centro · apartamento · 3 quartos,Centro,apartamento,3,3 quartos,38,664.0,500.0,832.75,523.0,800.0,57.5,32.75,65.25,0,principal no Airbnb,38,principal no Airbnb,True,12.0,2.0
snapshot_2025_01_20,Captura de 20/01,exclude_suspicious_prices,Sem preços ≥ 10 mil,meia praia|apartamento|3 quartos,Meia Praia · apartamento · 3 quartos,Meia Praia,apartamento,3,3 quartos,284,650.0,500.0,816.499975,600.0,700.0,54.0,35.75,68.0,0,principal no Airbnb,284,principal no Airbnb,True,13.0,3.0
snapshot_2025_01_20,Captura de 20/01,exclude_suspicious_prices,Sem preços ≥ 10 mil,morretes|apartamento|3 quartos,Morretes · apartamento · 3 quartos,Morretes,apartamento,3,3 quartos,9,650.0,550.0,1010.5,548.7500000000001,1022.0,55.0,30.0,66.0,0,evidência insuficiente no Airbnb,9,evidência insuficiente no Airbnb,False,13.0,
snapshot_2025_01_20,Captura de 20/01,exclude_suspicious_prices,Sem preços ≥ 10 mil,tabuleiro dos oliveiras|apartamento|3 quartos,Tabuleiro dos Oliveiras · apartamento · 3 quartos,Tabuleiro dos Oliveiras,apartamento,3,3 quartos,3,640.0,585.0,655.0,,,78.0,75.0,81.5,0,evidência insuficiente no Airbnb,3,evidência insuficiente no Airbnb,False,15.0,
snapshot_2025_01_20,Captura de 20/01,exclude_suspicious_prices,Sem preços ≥ 10 mil,centro|apartamento|2 quartos,Centro · apartamento · 2 quartos,Centro,apartamento,2,2 quartos,59,600.0,399.0,682.0,480.0,627.7937499999999,61.0,45.5,74.0,0,principal no Airbnb,59,principal no Airbnb,True,16.0,4.0
snapshot_2025_01_20,Captura de 20/01,exclude_suspicious_prices,Sem preços ≥ 10 mil,ilhota|casa|3 quartos,Ilhota · casa · 3 quartos,Ilhota,casa,3,3 quartos,2,595.0,542.5,647.5,,,77.5,75.75,79.25,0,evidência insuficiente no Airbnb,2,evidência insuficiente no Airbnb,False,17.0,
snapshot_2025_01_20,Captura de 20/01,exclude_suspicious_prices,Sem preços ≥ 10 mil,morretes|apartamento|4 quartos,Morretes · apartamento · 4 quartos,Morretes,apartamento,4,4 quartos,1,590.0,590.0,590.0,,,41.0,41.0,41.0,0,evidência insuficiente no Airbnb,1,evidência insuficiente no Airbnb,False,18.0,
snapshot_2025_01_20,Captura de 20/01,exclude_suspicious_prices,Sem preços ≥ 10 mil,ilhota|apartamento|2 quartos,Ilhota · apartamento · 2 quartos,Ilhota,apartamento,2,2 quartos,1,585.0,585.0,585.0,,,69.0,69.0,69.0,0,evidência insuficiente no Airbnb,1,evidência insuficiente no Airbnb,False,19.0,
snapshot_2025_01_20,Captura de 20/01,exclude_suspicious_prices,Sem preços ≥ 10 mil,areal|casa|1 quarto,Areal · casa · 1 quarto,Areal,casa,1,1 quarto,1,556.0,556.0,556.0,,,37.0,37.0,37.0,0,evidência insuficiente no Airbnb,1,evidência insuficiente no Airbnb,False,20.0,
snapshot_2025_01_20,Captura de 20/01,exclude_suspicious_prices,Sem preços ≥ 10 mil,canto da praia|apartamento|2 quartos,Canto da Praia · apartamento · 2 quartos,Canto da Praia,apartamento,2,2 quartos,4,509.0,494.75,534.25,,,62.0,46.75,65.0,0,evidência insuficiente no Airbnb,4,evidência insuficiente no Airbnb,False,21.0,
snapshot_2025_01_20,Captura de 20/01,exclude_suspicious_prices,Sem preços ≥ 10 mil,meia praia|casa|4 quartos,Meia Praia · casa · 4 quartos,Meia Praia,casa,4,4 quartos,1,500.0,500.0,500.0,,,59.0,59.0,59.0,0,evidência insuficiente no Airbnb,1,evidência insuficiente no Airbnb,False,22.0,
snapshot_2025_01_20,Captura de 20/01,exclude_suspicious_prices,Sem preços ≥ 10 mil,sertaozinho|casa|2 quartos,Sertaozinho · casa · 2 quartos,Sertaozinho,casa,2,2 quartos,1,500.0,500.0,500.0,,,86.0,86.0,86.0,0,evidência insuficiente no Airbnb,1,evidência insuficiente no Airbnb,False,22.0,
snapshot_2025_01_20,Captura de 20/01,exclude_suspicious_prices,Sem preços ≥ 10 mil,morretes|apartamento|2 quartos,Morretes · apartamento · 2 quartos,Morretes,apartamento,2,2 quartos,42,451.75,350.75,541.25,403.20625,500.0,63.5,45.75,74.0,0,principal no Airbnb,43,principal no Airbnb,True,24.0,5.0
snapshot_2025_01_20,Captura de 20/01,exclude_suspicious_prices,Sem preços ≥ 10 mil,centro|apartamento|1 quarto,Centro · apartamento · 1 quarto,Centro,apartamento,1,1 quarto,75,450.0,378.25,497.0,402.0,471.0,67.0,59.5,73.5,0,principal no Airbnb,75,principal no Airbnb,True,25.0,6.0
snapshot_2025_01_20,Captura de 20/01,exclude_suspicious_prices,Sem preços ≥ 10 mil,centro|apartamento|4 quartos,Centro · apartamento · 4 quartos,Centro,apartamento,4,4 quartos,1,450.0,450.0,450.0,,,19.0,19.0,19.0,0,evidência insuficiente no Airbnb,1,evidência insuficiente no Airbnb,False,25.0,
snapshot_2025_01_20,Captura de 20/01,exclude_suspicious_prices,Sem preços ≥ 10 mil,varzea|casa|1 quarto,Varzea · casa · 1 quarto,Varzea,casa,1,1 quarto,1,450.0,450.0,450.0,,,9.0,9.0,9.0,0,evidência insuficiente no Airbnb,1,evidência insuficiente no Airbnb,False,25.0,
snapshot_2025_01_20,Captura de 20/01,exclude_suspicious_prices,Sem preços ≥ 10 mil,meia praia|apartamento|2 quartos,Meia Praia · apartamento · 2 quartos,Meia Praia,apartamento,2,2 quartos,126,448.0,350.0,550.0,400.0,464.16666,52.0,34.0,65.0,0,principal no Airbnb,126,principal no Airbnb,True,28.0,7.0
snapshot_2025_01_20,Captura de 20/01,exclude_suspicious_prices,Sem preços ≥ 10 mil,meia praia|apartamento|1 quarto,Meia Praia · apartamento · 1 quarto,Meia Praia,apartamento,1,1 quarto,16,440.0,382.875,510.75,385.0,509.0,57.5,43.5,70.0,0,exploratório no Airbnb,16,exploratório no Airbnb,False,29.0,
snapshot_2025_01_20,Captura de 20/01,exclude_suspicious_prices,Sem preços ≥ 10 mil,casa branca|apartamento|3 quartos,Casa Branca · apartamento · 3 quartos,Casa Branca,apartamento,3,3 quartos,2,403.0,354.5,451.5,,,56.5,51.25,61.75,0,evidência insuficiente no Airbnb,2,evidência insuficiente no Airbnb,False,30.0,
snapshot_2025_01_20,Captura de 20/01,exclude_suspicious_prices,Sem preços ≥ 10 mil,morretes|apartamento|1 quarto,Morretes · apartamento · 1 quarto,Morretes,apartamento,1,1 quarto,3,400.0,375.0,440.0,,,12.0,11.0,33.5,0,evidência insuficiente no Airbnb,3,evidência insuficiente no Airbnb,False,31.0,
snapshot_2025_01_20,Captura de 20/01,exclude_suspicious_prices,Sem preços ≥ 10 mil,tabuleiro dos oliveiras|apartamento|2 quartos,Tabuleiro dos Oliveiras · apartamento · 2 quartos,Tabuleiro dos Oliveiras,apartamento,2,2 quartos,12,399.5,380.0,553.25,370.0,583.5,54.0,36.0,69.25,0,exploratório no Airbnb,12,exploratório no Airbnb,False,32.0,
snapshot_2025_01_20,Captura de 20/01,exclude_suspicious_prices,Sem preços ≥ 10 mil,meia praia|apartamento|0 quartos,Meia Praia · apartamento · 0 quartos,Meia Praia,apartamento,0,0 quartos,7,380.0,315.4,515.0,300.0,540.0,63.0,50.0,72.0,0,evidência insuficiente no Airbnb,7,evidência insuficiente no Airbnb,False,33.0,
snapshot_2025_01_20,Captura de 20/01,exclude_suspicious_prices,Sem preços ≥ 10 mil,sertao do trombudo|casa|1 quarto,Sertao do Trombudo · casa · 1 quarto,Sertao do Trombudo,casa,1,1 quarto,2,380.0,375.0,385.0,,,79.5,77.25,81.75,0,evidência insuficiente no Airbnb,2,evidência insuficiente no Airbnb,False,33.0,
snapshot_2025_01_20,Captura de 20/01,exclude_suspicious_prices,Sem preços ≥ 10 mil,ilhota|apartamento|1 quarto,Ilhota · apartamento · 1 quarto,Ilhota,apartamento,1,1 quarto,2,345.5,343.25,347.75,,,83.5,81.75,85.25,0,evidência insuficiente no Airbnb,2,evidência insuficiente no Airbnb,False,35.0,
snapshot_2025_01_20,Captura de 20/01,exclude_suspicious_prices,Sem preços ≥ 10 mil,morretes|casa|2 quartos,Morretes · casa · 2 quartos,Morretes,casa,2,2 quartos,8,323.5,298.8125,380.75,298.25,400.5,49.5,39.5,65.0,0,evidência insuficiente no Airbnb,8,evidência insuficiente no Airbnb,False,36.0,
snapshot_2025_01_20,Captura de 20/01,exclude_suspicious_prices,Sem preços ≥ 10 mil,canto da praia|apartamento|3 quartos,Canto da Praia · apartamento · 3 quartos,Canto da Praia,apartamento,3,3 quartos,1,307.625,307.625,307.625,,,28.0,28.0,28.0,0,evidência insuficiente no Airbnb,1,evidência insuficiente no Airbnb,False,37.0,
snapshot_2025_01_20,Captura de 20/01,exclude_suspicious_prices,Sem preços ≥ 10 mil,casa branca|casa|1 quarto,Casa Branca · casa · 1 quarto,Casa Branca,casa,1,1 quarto,1,300.0,300.0,300.0,,,58.0,58.0,58.0,0,evidência insuficiente no Airbnb,1,evidência insuficiente no Airbnb,False,38.0,
snapshot_2025_01_20,Captura de 20/01,exclude_suspicious_prices,Sem preços ≥ 10 mil,centro|casa|1 quarto,Centro · casa · 1 quarto,Centro,casa,1,1 quarto,1,283.0,283.0,283.0,,,11.0,11.0,11.0,0,evidência insuficiente no Airbnb,1,evidência insuficiente no Airbnb,False,39.0,
snapshot_2025_01_20,Captura de 20/01,exclude_suspicious_prices,Sem preços ≥ 10 mil,alto sao bento|apartamento|1 quarto,Alto Sao Bento · apartamento · 1 quarto,Alto Sao Bento,apartamento,1,1 quarto,1,280.0,280.0,280.0,,,63.0,63.0,63.0,0,evidência insuficiente no Airbnb,1,evidência insuficiente no Airbnb,False,40.0,
snapshot_2025_01_20,Captura de 20/01,exclude_suspicious_prices,Sem preços ≥ 10 mil,casa branca|apartamento|2 quartos,Casa Branca · apartamento · 2 quartos,Casa Branca,apartamento,2,2 quartos,4,260.0,233.75,297.25,,,54.5,51.25,62.75,0,evidência insuficiente no Airbnb,4,evidência insuficiente no Airbnb,False,41.0,
snapshot_2025_01_20,Captura de 20/01,exclude_suspicious_prices,Sem preços ≥ 10 mil,centro|casa|2 quartos,Centro · casa · 2 quartos,Centro,casa,2,2 quartos,1,250.0,250.0,250.0,,,38.0,38.0,38.0,0,evidência insuficiente no Airbnb,1,evidência insuficiente no Airbnb,False,42.0,
snapshot_2025_01_20,Captura de 20/01,exclude_suspicious_prices,Sem preços ≥ 10 mil,ilhota|casa|2 quartos,Ilhota · casa · 2 quartos,Ilhota,casa,2,2 quartos,1,210.0,210.0,210.0,,,29.0,29.0,29.0,0,evidência insuficiente no Airbnb,1,evidência insuficiente no Airbnb,False,43.0,
snapshot_2025_01_20,Captura de 20/01,exclude_suspicious_prices,Sem preços ≥ 10 mil,alto sao bento|apartamento|2 quartos,Alto Sao Bento · apartamento · 2 quartos,Alto Sao Bento,apartamento,2,2 quartos,1,199.0,199.0,199.0,,,48.0,48.0,48.0,0,evidência insuficiente no Airbnb,1,evidência insuficiente no Airbnb,False,44.0,
snapshot_2025_01_20,Captura de 20/01,exclude_suspicious_prices,Sem preços ≥ 10 mil,meia praia|casa|1 quarto,Meia Praia · casa · 1 quarto,Meia Praia,casa,1,1 quarto,1,195.0,195.0,195.0,,,68.0,68.0,68.0,0,evidência insuficiente no Airbnb,1,evidência insuficiente no Airbnb,False,45.0,
snapshot_2025_01_20,Captura de 20/01,original,Valores originais,sertaozinho|casa|6 quartos,Sertaozinho · casa · 6 quartos,Sertaozinho,casa,6,6 quartos,2,2581.25,2121.875,3040.625,,,80.5,78.75,82.25,0,evidência insuficiente no Airbnb,2,evidência insuficiente no Airbnb,False,1.0,
snapshot_2025_01_20,Captura de 20/01,original,Valores originais,alto sao bento|casa|12 quartos,Alto Sao Bento · casa · 12 quartos,Alto Sao Bento,casa,12,12 quartos,1,2500.0,2500.0,2500.0,,,62.0,62.0,62.0,0,evidência insuficiente no Airbnb,1,evidência insuficiente no Airbnb,False,2.0,
snapshot_2025_01_20,Captura de 20/01,original,Valores originais,tabuleiro dos oliveiras|casa|4 quartos,Tabuleiro dos Oliveiras · casa · 4 quartos,Tabuleiro dos Oliveiras,casa,4,4 quartos,1,1700.0,1700.0,1700.0,,,62.0,62.0,62.0,0,evidência insuficiente no Airbnb,1,evidência insuficiente no Airbnb,False,3.0,
snapshot_2025_01_20,Captura de 20/01,original,Valores originais,varzea|casa|5 quartos,Varzea · casa · 5 quartos,Varzea,casa,5,5 quartos,1,1500.0,1500.0,1500.0,,,89.0,89.0,89.0,0,evidência insuficiente no Airbnb,1,evidência insuficiente no Airbnb,False,4.0,
snapshot_2025_01_20,Captura de 20/01,original,Valores originais,centro|casa|4 quartos,Centro · casa · 4 quartos,Centro,casa,4,4 quartos,2,1400.0,1200.0,1600.0,,,59.0,49.0,69.0,0,evidência insuficiente no Airbnb,2,evidência insuficiente no Airbnb,False,5.0,
snapshot_2025_01_20,Captura de 20/01,original,Valores originais,morretes|casa|4 quartos,Morretes · casa · 4 quartos,Morretes,casa,4,4 quartos,2,1100.0,1050.0,1150.0,,,32.0,20.0,44.0,0,evidência insuficiente no Airbnb,2,evidência insuficiente no Airbnb,False,6.0,
snapshot_2025_01_20,Captura de 20/01,original,Valores originais,sertao do trombudo|casa|4 quartos,Sertao do Trombudo · casa · 4 quartos,Sertao do Trombudo,casa,4,4 quartos,1,1000.0,1000.0,1000.0,,,37.0,37.0,37.0,0,evidência insuficiente no Airbnb,1,evidência insuficiente no Airbnb,False,7.0,
snapshot_2025_01_20,Captura de 20/01,original,Valores originais,ilhota|casa|4 quartos,Ilhota · casa · 4 quartos,Ilhota,casa,4,4 quartos,1,946.0,946.0,946.0,,,48.0,48.0,48.0,0,evidência insuficiente no Airbnb,1,evidência insuficiente no Airbnb,False,8.0,
snapshot_2025_01_20,Captura de 20/01,original,Valores originais,meia praia|apartamento|5 quartos,Meia Praia · apartamento · 5 quartos,Meia Praia,apartamento,5,5 quartos,1,900.0,900.0,900.0,,,16.0,16.0,16.0,0,evidência insuficiente no Airbnb,1,evidência insuficiente no Airbnb,False,9.0,
snapshot_2025_01_20,Captura de 20/01,original,Valores originais,meia praia|apartamento|4 quartos,Meia Praia · apartamento · 4 quartos,Meia Praia,apartamento,4,4 quartos,43,899.0,735.0,1537.0,820.0,1400.0,48.0,34.5,71.5,0,principal no Airbnb,43,principal no Airbnb,True,10.0,1.0
snapshot_2025_01_20,Captura de 20/01,original,Valores originais,varzea|casa|3 quartos,Varzea · casa · 3 quartos,Varzea,casa,3,3 quartos,1,700.0,700.0,700.0,,,18.0,18.0,18.0,0,evidência insuficiente no Airbnb,1,evidência insuficiente no Airbnb,False,11.0,
snapshot_2025_01_20,Captura de 20/01,original,Valores originais,centro|apartamento|3 quartos,Centro · apartamento · 3 quartos,Centro,apartamento,3,3 quartos,38,664.0,500.0,832.75,522.9375,800.0,57.5,32.75,65.25,0,principal no Airbnb,38,principal no Airbnb,True,12.0,2.0
snapshot_2025_01_20,Captura de 20/01,original,Valores originais,meia praia|apartamento|3 quartos,Meia Praia · apartamento · 3 quartos,Meia Praia,apartamento,3,3 quartos,284,650.0,500.0,816.499975,602.0,700.0,54.0,35.75,68.0,0,principal no Airbnb,284,principal no Airbnb,True,13.0,3.0
snapshot_2025_01_20,Captura de 20/01,original,Valores originais,morretes|apartamento|3 quartos,Morretes · apartamento · 3 quartos,Morretes,apartamento,3,3 quartos,9,650.0,550.0,1010.5,550.0,1022.0,55.0,30.0,66.0,0,evidência insuficiente no Airbnb,9,evidência insuficiente no Airbnb,False,13.0,
snapshot_2025_01_20,Captura de 20/01,original,Valores originais,tabuleiro dos oliveiras|apartamento|3 quartos,Tabuleiro dos Oliveiras · apartamento · 3 quartos,Tabuleiro dos Oliveiras,apartamento,3,3 quartos,3,640.0,585.0,655.0,,,78.0,75.0,81.5,0,evidência insuficiente no Airbnb,3,evidência insuficiente no Airbnb,False,15.0,
snapshot_2025_01_20,Captura de 20/01,original,Valores originais,centro|apartamento|2 quartos,Centro · apartamento · 2 quartos,Centro,apartamento,2,2 quartos,59,600.0,399.0,682.0,480.0,627.75,61.0,45.5,74.0,0,principal no Airbnb,59,principal no Airbnb,True,16.0,4.0
snapshot_2025_01_20,Captura de 20/01,original,Valores originais,ilhota|casa|3 quartos,Ilhota · casa · 3 quartos,Ilhota,casa,3,3 quartos,2,595.0,542.5,647.5,,,77.5,75.75,79.25,0,evidência insuficiente no Airbnb,2,evidência insuficiente no Airbnb,False,17.0,
snapshot_2025_01_20,Captura de 20/01,original,Valores originais,morretes|apartamento|4 quartos,Morretes · apartamento · 4 quartos,Morretes,apartamento,4,4 quartos,1,590.0,590.0,590.0,,,41.0,41.0,41.0,0,evidência insuficiente no Airbnb,1,evidência insuficiente no Airbnb,False,18.0,
snapshot_2025_01_20,Captura de 20/01,original,Valores originais,ilhota|apartamento|2 quartos,Ilhota · apartamento · 2 quartos,Ilhota,apartamento,2,2 quartos,1,585.0,585.0,585.0,,,69.0,69.0,69.0,0,evidência insuficiente no Airbnb,1,evidência insuficiente no Airbnb,False,19.0,
snapshot_2025_01_20,Captura de 20/01,original,Valores originais,areal|casa|1 quarto,Areal · casa · 1 quarto,Areal,casa,1,1 quarto,1,556.0,556.0,556.0,,,37.0,37.0,37.0,0,evidência insuficiente no Airbnb,1,evidência insuficiente no Airbnb,False,20.0,
snapshot_2025_01_20,Captura de 20/01,original,Valores originais,canto da praia|apartamento|2 quartos,Canto da Praia · apartamento · 2 quartos,Canto da Praia,apartamento,2,2 quartos,4,509.0,494.75,534.25,,,62.0,46.75,65.0,0,evidência insuficiente no Airbnb,4,evidência insuficiente no Airbnb,False,21.0,
snapshot_2025_01_20,Captura de 20/01,original,Valores originais,meia praia|casa|4 quartos,Meia Praia · casa · 4 quartos,Meia Praia,casa,4,4 quartos,1,500.0,500.0,500.0,,,59.0,59.0,59.0,0,evidência insuficiente no Airbnb,1,evidência insuficiente no Airbnb,False,22.0,
snapshot_2025_01_20,Captura de 20/01,original,Valores originais,sertaozinho|casa|2 quartos,Sertaozinho · casa · 2 quartos,Sertaozinho,casa,2,2 quartos,1,500.0,500.0,500.0,,,86.0,86.0,86.0,0,evidência insuficiente no Airbnb,1,evidência insuficiente no Airbnb,False,22.0,
snapshot_2025_01_20,Captura de 20/01,original,Valores originais,morretes|apartamento|2 quartos,Morretes · apartamento · 2 quartos,Morretes,apartamento,2,2 quartos,43,453.5,351.5,553.75,407.5,500.0,62.0,45.0,73.0,1,principal no Airbnb,43,principal no Airbnb,True,24.0,5.0
snapshot_2025_01_20,Captura de 20/01,original,Valores originais,centro|apartamento|1 quarto,Centro · apartamento · 1 quarto,Centro,apartamento,1,1 quarto,75,450.0,378.25,497.0,402.0,471.0,67.0,59.5,73.5,0,principal no Airbnb,75,principal no Airbnb,True,25.0,6.0
snapshot_2025_01_20,Captura de 20/01,original,Valores originais,centro|apartamento|4 quartos,Centro · apartamento · 4 quartos,Centro,apartamento,4,4 quartos,1,450.0,450.0,450.0,,,19.0,19.0,19.0,0,evidência insuficiente no Airbnb,1,evidência insuficiente no Airbnb,False,25.0,
snapshot_2025_01_20,Captura de 20/01,original,Valores originais,varzea|casa|1 quarto,Varzea · casa · 1 quarto,Varzea,casa,1,1 quarto,1,450.0,450.0,450.0,,,9.0,9.0,9.0,0,evidência insuficiente no Airbnb,1,evidência insuficiente no Airbnb,False,25.0,
snapshot_2025_01_20,Captura de 20/01,original,Valores originais,meia praia|apartamento|2 quartos,Meia Praia · apartamento · 2 quartos,Meia Praia,apartamento,2,2 quartos,126,448.0,350.0,550.0,400.0,461.0,52.0,34.0,65.0,0,principal no Airbnb,126,principal no Airbnb,True,28.0,7.0
snapshot_2025_01_20,Captura de 20/01,original,Valores originais,meia praia|apartamento|1 quarto,Meia Praia · apartamento · 1 quarto,Meia Praia,apartamento,1,1 quarto,16,440.0,382.875,510.75,385.0,509.0,57.5,43.5,70.0,0,exploratório no Airbnb,16,exploratório no Airbnb,False,29.0,
snapshot_2025_01_20,Captura de 20/01,original,Valores originais,casa branca|apartamento|3 quartos,Casa Branca · apartamento · 3 quartos,Casa Branca,apartamento,3,3 quartos,2,403.0,354.5,451.5,,,56.5,51.25,61.75,0,evidência insuficiente no Airbnb,2,evidência insuficiente no Airbnb,False,30.0,
snapshot_2025_01_20,Captura de 20/01,original,Valores originais,morretes|apartamento|1 quarto,Morretes · apartamento · 1 quarto,Morretes,apartamento,1,1 quarto,3,400.0,375.0,440.0,,,12.0,11.0,33.5,0,evidência insuficiente no Airbnb,3,evidência insuficiente no Airbnb,False,31.0,
snapshot_2025_01_20,Captura de 20/01,original,Valores originais,tabuleiro dos oliveiras|apartamento|2 quartos,Tabuleiro dos Oliveiras · apartamento · 2 quartos,Tabuleiro dos Oliveiras,apartamento,2,2 quartos,12,399.5,380.0,553.25,370.0,583.5,54.0,36.0,69.25,0,exploratório no Airbnb,12,exploratório no Airbnb,False,32.0,
snapshot_2025_01_20,Captura de 20/01,original,Valores originais,meia praia|apartamento|0 quartos,Meia Praia · apartamento · 0 quartos,Meia Praia,apartamento,0,0 quartos,7,380.0,315.4,515.0,300.0,540.0,63.0,50.0,72.0,0,evidência insuficiente no Airbnb,7,evidência insuficiente no Airbnb,False,33.0,
snapshot_2025_01_20,Captura de 20/01,original,Valores originais,sertao do trombudo|casa|1 quarto,Sertao do Trombudo · casa · 1 quarto,Sertao do Trombudo,casa,1,1 quarto,2,380.0,375.0,385.0,,,79.5,77.25,81.75,0,evidência insuficiente no Airbnb,2,evidência insuficiente no Airbnb,False,33.0,
snapshot_2025_01_20,Captura de 20/01,original,Valores originais,ilhota|apartamento|1 quarto,Ilhota · apartamento · 1 quarto,Ilhota,apartamento,1,1 quarto,2,345.5,343.25,347.75,,,83.5,81.75,85.25,0,evidência insuficiente no Airbnb,2,evidência insuficiente no Airbnb,False,35.0,
snapshot_2025_01_20,Captura de 20/01,original,Valores originais,morretes|casa|2 quartos,Morretes · casa · 2 quartos,Morretes,casa,2,2 quartos,8,323.5,298.8125,380.75,298.25,440.0,49.5,39.5,65.0,0,evidência insuficiente no Airbnb,8,evidência insuficiente no Airbnb,False,36.0,
snapshot_2025_01_20,Captura de 20/01,original,Valores originais,canto da praia|apartamento|3 quartos,Canto da Praia · apartamento · 3 quartos,Canto da Praia,apartamento,3,3 quartos,1,307.625,307.625,307.625,,,28.0,28.0,28.0,0,evidência insuficiente no Airbnb,1,evidência insuficiente no Airbnb,False,37.0,
snapshot_2025_01_20,Captura de 20/01,original,Valores originais,casa branca|casa|1 quarto,Casa Branca · casa · 1 quarto,Casa Branca,casa,1,1 quarto,1,300.0,300.0,300.0,,,58.0,58.0,58.0,0,evidência insuficiente no Airbnb,1,evidência insuficiente no Airbnb,False,38.0,
snapshot_2025_01_20,Captura de 20/01,original,Valores originais,centro|casa|1 quarto,Centro · casa · 1 quarto,Centro,casa,1,1 quarto,1,283.0,283.0,283.0,,,11.0,11.0,11.0,0,evidência insuficiente no Airbnb,1,evidência insuficiente no Airbnb,False,39.0,
snapshot_2025_01_20,Captura de 20/01,original,Valores originais,alto sao bento|apartamento|1 quarto,Alto Sao Bento · apartamento · 1 quarto,Alto Sao Bento,apartamento,1,1 quarto,1,280.0,280.0,280.0,,,63.0,63.0,63.0,0,evidência insuficiente no Airbnb,1,evidência insuficiente no Airbnb,False,40.0,
snapshot_2025_01_20,Captura de 20/01,original,Valores originais,casa branca|apartamento|2 quartos,Casa Branca · apartamento · 2 quartos,Casa Branca,apartamento,2,2 quartos,4,260.0,233.75,297.25,,,54.5,51.25,62.75,0,evidência insuficiente no Airbnb,4,evidência insuficiente no Airbnb,False,41.0,
snapshot_2025_01_20,Captura de 20/01,original,Valores originais,centro|casa|2 quartos,Centro · casa · 2 quartos,Centro,casa,2,2 quartos,1,250.0,250.0,250.0,,,38.0,38.0,38.0,0,evidência insuficiente no Airbnb,1,evidência insuficiente no Airbnb,False,42.0,
snapshot_2025_01_20,Captura de 20/01,original,Valores originais,ilhota|casa|2 quartos,Ilhota · casa · 2 quartos,Ilhota,casa,2,2 quartos,1,210.0,210.0,210.0,,,29.0,29.0,29.0,0,evidência insuficiente no Airbnb,1,evidência insuficiente no Airbnb,False,43.0,
snapshot_2025_01_20,Captura de 20/01,original,Valores originais,alto sao bento|apartamento|2 quartos,Alto Sao Bento · apartamento · 2 quartos,Alto Sao Bento,apartamento,2,2 quartos,1,199.0,199.0,199.0,,,48.0,48.0,48.0,0,evidência insuficiente no Airbnb,1,evidência insuficiente no Airbnb,False,44.0,
snapshot_2025_01_20,Captura de 20/01,original,Valores originais,meia praia|casa|1 quarto,Meia Praia · casa · 1 quarto,Meia Praia,casa,1,1 quarto,1,195.0,195.0,195.0,,,68.0,68.0,68.0,0,evidência insuficiente no Airbnb,1,evidência insuficiente no Airbnb,False,45.0,
