metodo,metodo_label,tratamento_outlier,tratamento_outlier_label,metrica,metrica_label,tratamento_capacidade,segment_key,segmento_imoveis,bairro,tipo_imovel,quartos,n_listings,preco_mediano,preco_p25,preco_p75,bootstrap_host_ic95_inferior,bootstrap_host_ic95_superior,suporte_metrica,n_hosts,listings_maior_host,participacao_maior_host,n_hosts_empatados_topo,mediana_peso_igual_host,mediana_sem_maior_host_min,mediana_sem_maior_host_max,rank_dentro_metodo_metrica
latest_available,Preço mais recente,exclude_affected_listings,Sem os três imóveis afetados,preco_por_hospede,Preço anunciado por hóspede comportado,todas as capacidades positivas,canto da praia|casa|4 quartos,Canto da Praia · casa · 4 quartos,Canto da Praia,casa,4,1,487.5,487.5,487.5,,,evidência insuficiente,1,1,1.0,1,487.5,,,1.0
latest_available,Preço mais recente,exclude_affected_listings,Sem os três imóveis afetados,preco_por_hospede,Preço anunciado por hóspede comportado,sem capacidades positivas suspeitas,canto da praia|casa|4 quartos,Canto da Praia · casa · 4 quartos,Canto da Praia,casa,4,1,487.5,487.5,487.5,,,evidência insuficiente,1,1,1.0,1,487.5,,,1.0
latest_available,Preço mais recente,exclude_affected_listings,Sem os três imóveis afetados,preco_por_hospede,Preço anunciado por hóspede comportado,todas as capacidades positivas,desconhecido|casa|1 quarto,Desconhecido · casa · 1 quarto,Desconhecido,casa,1,3,295.0,247.5,324.75,,,evidência insuficiente,3,1,0.3333333333333333,3,295.0,247.5,324.75,2.0
latest_available,Preço mais recente,exclude_affected_listings,Sem os três imóveis afetados,preco_por_hospede,Preço anunciado por hóspede comportado,sem capacidades positivas suspeitas,desconhecido|casa|1 quarto,Desconhecido · casa · 1 quarto,Desconhecido,casa,1,3,295.0,247.5,324.75,,,evidência insuficiente,3,1,0.3333333333333333,3,295.0,247.5,324.75,2.0
latest_available,Preço mais recente,exclude_affected_listings,Sem os três imóveis afetados,preco_por_hospede,Preço anunciado por hóspede comportado,todas as capacidades positivas,areal|casa|1 quarto,Areal · casa · 1 quarto,Areal,casa,1,1,278.0,278.0,278.0,,,evidência insuficiente,1,1,1.0,1,278.0,,,3.0
latest_available,Preço mais recente,exclude_affected_listings,Sem os três imóveis afetados,preco_por_hospede,Preço anunciado por hóspede comportado,sem capacidades positivas suspeitas,areal|casa|1 quarto,Areal · casa · 1 quarto,Areal,casa,1,1,278.0,278.0,278.0,,,evidência insuficiente,1,1,1.0,1,278.0,,,3.0
latest_available,Preço mais recente,exclude_affected_listings,Sem os três imóveis afetados,preco_por_hospede,Preço anunciado por hóspede comportado,todas as capacidades positivas,alto sao bento|casa|1 quarto,Alto Sao Bento · casa · 1 quarto,Alto Sao Bento,casa,1,1,200.0,200.0,200.0,,,evidência insuficiente,1,1,1.0,1,200.0,,,4.0
latest_available,Preço mais recente,exclude_affected_listings,Sem os três imóveis afetados,preco_por_hospede,Preço anunciado por hóspede comportado,sem capacidades positivas suspeitas,alto sao bento|casa|1 quarto,Alto Sao Bento · casa · 1 quarto,Alto Sao Bento,casa,1,1,200.0,200.0,200.0,,,evidência insuficiente,1,1,1.0,1,200.0,,,4.0
latest_available,Preço mais recente,exclude_affected_listings,Sem os três imóveis afetados,preco_por_hospede,Preço anunciado por hóspede comportado,todas as capacidades positivas,sertao do trombudo|casa|1 quarto,Sertao do Trombudo · casa · 1 quarto,Sertao do Trombudo,casa,1,2,190.0,187.5,192.5,,,evidência insuficiente,1,2,1.0,1,190.0,,,5.0
latest_available,Preço mais recente,exclude_affected_listings,Sem os três imóveis afetados,preco_por_hospede,Preço anunciado por hóspede comportado,sem capacidades positivas suspeitas,sertao do trombudo|casa|1 quarto,Sertao do Trombudo · casa · 1 quarto,Sertao do Trombudo,casa,1,2,190.0,187.5,192.5,,,evidência insuficiente,1,2,1.0,1,190.0,,,5.0
latest_available,Preço mais recente,exclude_affected_listings,Sem os três imóveis afetados,preco_por_hospede,Preço anunciado por hóspede comportado,todas as capacidades positivas,sertaozinho|casa|6 quartos,Sertaozinho · casa · 6 quartos,Sertaozinho,casa,6,2,160.9765625,132.08984375,189.86328125,,,evidência insuficiente,2,1,0.5,2,160.9765625,103.203125,218.75,6.0
latest_available,Preço mais recente,exclude_affected_listings,Sem os três imóveis afetados,preco_por_hospede,Preço anunciado por hóspede comportado,sem capacidades positivas suspeitas,sertaozinho|casa|6 quartos,Sertaozinho · casa · 6 quartos,Sertaozinho,casa,6,2,160.9765625,132.08984375,189.86328125,,,evidência insuficiente,2,1,0.5,2,160.9765625,103.203125,218.75,6.0
latest_available,Preço mais recente,exclude_affected_listings,Sem os três imóveis afetados,preco_por_hospede,Preço anunciado por hóspede comportado,todas as capacidades positivas,canto da praia|casa|1 quarto,Canto da Praia · casa · 1 quarto,Canto da Praia,casa,1,1,158.6,158.6,158.6,,,evidência insuficiente,1,1,1.0,1,158.6,,,7.0
latest_available,Preço mais recente,exclude_affected_listings,Sem os três imóveis afetados,preco_por_hospede,Preço anunciado por hóspede comportado,sem capacidades positivas suspeitas,canto da praia|casa|1 quarto,Canto da Praia · casa · 1 quarto,Canto da Praia,casa,1,1,158.6,158.6,158.6,,,evidência insuficiente,1,1,1.0,1,158.6,,,7.0
latest_available,Preço mais recente,exclude_affected_listings,Sem os três imóveis afetados,preco_por_hospede,Preço anunciado por hóspede comportado,todas as capacidades positivas,alto sao bento|casa|12 quartos,Alto Sao Bento · casa · 12 quartos,Alto Sao Bento,casa,12,1,156.25,156.25,156.25,,,evidência insuficiente,1,1,1.0,1,156.25,,,8.0
latest_available,Preço mais recente,exclude_affected_listings,Sem os três imóveis afetados,preco_por_hospede,Preço anunciado por hóspede comportado,sem capacidades positivas suspeitas,alto sao bento|casa|12 quartos,Alto Sao Bento · casa · 12 quartos,Alto Sao Bento,casa,12,1,156.25,156.25,156.25,,,evidência insuficiente,1,1,1.0,1,156.25,,,8.0
latest_available,Preço mais recente,exclude_affected_listings,Sem os três imóveis afetados,preco_por_hospede,Preço anunciado por hóspede comportado,todas as capacidades positivas,tabuleiro dos oliveiras|casa|4 quartos,Tabuleiro dos Oliveiras · casa · 4 quartos,Tabuleiro dos Oliveiras,casa,4,1,141.66666666666666,141.66666666666666,141.66666666666666,,,evidência insuficiente,1,1,1.0,1,141.66666666666666,,,9.0
latest_available,Preço mais recente,exclude_affected_listings,Sem os três imóveis afetados,preco_por_hospede,Preço anunciado por hóspede comportado,sem capacidades positivas suspeitas,tabuleiro dos oliveiras|casa|4 quartos,Tabuleiro dos Oliveiras · casa · 4 quartos,Tabuleiro dos Oliveiras,casa,4,1,141.66666666666666,141.66666666666666,141.66666666666666,,,evidência insuficiente,1,1,1.0,1,141.66666666666666,,,9.0
latest_available,Preço mais recente,exclude_affected_listings,Sem os três imóveis afetados,preco_por_hospede,Preço anunciado por hóspede comportado,todas as capacidades positivas,morretes|casa|1 quarto,Morretes · casa · 1 quarto,Morretes,casa,1,2,141.0,118.75,163.25,,,evidência insuficiente,2,1,0.5,2,141.0,96.5,185.5,10.0
latest_available,Preço mais recente,exclude_affected_listings,Sem os três imóveis afetados,preco_por_hospede,Preço anunciado por hóspede comportado,sem capacidades positivas suspeitas,morretes|casa|1 quarto,Morretes · casa · 1 quarto,Morretes,casa,1,2,141.0,118.75,163.25,,,evidência insuficiente,2,1,0.5,2,141.0,96.5,185.5,10.0
latest_available,Preço mais recente,exclude_affected_listings,Sem os três imóveis afetados,preco_por_hospede,Preço anunciado por hóspede comportado,todas as capacidades positivas,centro|apartamento|1 quarto,Centro · apartamento · 1 quarto,Centro,apartamento,1,78,138.0,123.75,188.25,108.56547583333334,147.25,principal,20,54,0.6923076923076923,1,124.7875,112.5,112.5,11.0
latest_available,Preço mais recente,exclude_affected_listings,Sem os três imóveis afetados,preco_por_hospede,Preço anunciado por hóspede comportado,sem capacidades positivas suspeitas,centro|apartamento|1 quarto,Centro · apartamento · 1 quarto,Centro,apartamento,1,78,138.0,123.75,188.25,107.66666666666667,150.0,principal,20,54,0.6923076923076923,1,124.7875,112.5,112.5,11.0
latest_available,Preço mais recente,exclude_affected_listings,Sem os três imóveis afetados,preco_por_hospede,Preço anunciado por hóspede comportado,todas as capacidades positivas,sertaozinho|casa|1 quarto,Sertaozinho · casa · 1 quarto,Sertaozinho,casa,1,2,137.25,113.625,160.875,,,evidência insuficiente,2,1,0.5,2,137.25,90.0,184.5,12.0
latest_available,Preço mais recente,exclude_affected_listings,Sem os três imóveis afetados,preco_por_hospede,Preço anunciado por hóspede comportado,todas as capacidades positivas,casa branca|casa|1 quarto,Casa Branca · casa · 1 quarto,Casa Branca,casa,1,2,137.25,130.875,143.625,,,evidência insuficiente,2,1,0.5,2,137.25,124.5,150.0,12.0
latest_available,Preço mais recente,exclude_affected_listings,Sem os três imóveis afetados,preco_por_hospede,Preço anunciado por hóspede comportado,sem capacidades positivas suspeitas,sertaozinho|casa|1 quarto,Sertaozinho · casa · 1 quarto,Sertaozinho,casa,1,2,137.25,113.625,160.875,,,evidência insuficiente,2,1,0.5,2,137.25,90.0,184.5,12.0
latest_available,Preço mais recente,exclude_affected_listings,Sem os três imóveis afetados,preco_por_hospede,Preço anunciado por hóspede comportado,sem capacidades positivas suspeitas,casa branca|casa|1 quarto,Casa Branca · casa · 1 quarto,Casa Branca,casa,1,2,137.25,130.875,143.625,,,evidência insuficiente,2,1,0.5,2,137.25,124.5,150.0,12.0
latest_available,Preço mais recente,exclude_affected_listings,Sem os três imóveis afetados,preco_por_hospede,Preço anunciado por hóspede comportado,todas as capacidades positivas,ilhota|apartamento|2 quartos,Ilhota · apartamento · 2 quartos,Ilhota,apartamento,2,2,132.25,124.625,139.875,,,evidência insuficiente,2,1,0.5,2,132.25,117.0,147.5,14.0
latest_available,Preço mais recente,exclude_affected_listings,Sem os três imóveis afetados,preco_por_hospede,Preço anunciado por hóspede comportado,sem capacidades positivas suspeitas,ilhota|apartamento|2 quartos,Ilhota · apartamento · 2 quartos,Ilhota,apartamento,2,2,132.25,124.625,139.875,,,evidência insuficiente,2,1,0.5,2,132.25,117.0,147.5,14.0
latest_available,Preço mais recente,exclude_affected_listings,Sem os três imóveis afetados,preco_por_hospede,Preço anunciado por hóspede comportado,todas as capacidades positivas,meia praia|apartamento|5 quartos,Meia Praia · apartamento · 5 quartos,Meia Praia,apartamento,5,5,131.25,118.5625,145.0,64.28571428571429,153.33333333333334,evidência insuficiente,5,1,0.2,5,131.25,124.90625,138.125,15.0
latest_available,Preço mais recente,exclude_affected_listings,Sem os três imóveis afetados,preco_por_hospede,Preço anunciado por hóspede comportado,sem capacidades positivas suspeitas,meia praia|apartamento|5 quartos,Meia Praia · apartamento · 5 quartos,Meia Praia,apartamento,5,5,131.25,118.5625,145.0,64.28571428571429,153.33333333333334,evidência insuficiente,5,1,0.2,5,131.25,124.90625,138.125,15.0
latest_available,Preço mais recente,exclude_affected_listings,Sem os três imóveis afetados,preco_por_hospede,Preço anunciado por hóspede comportado,todas as capacidades positivas,meia praia|apartamento|1 quarto,Meia Praia · apartamento · 1 quarto,Meia Praia,apartamento,1,19,122.5,100.0,165.75,100.0,189.0,exploratório,15,3,0.15789473684210525,1,122.5,116.25,116.25,16.0
latest_available,Preço mais recente,exclude_affected_listings,Sem os três imóveis afetados,preco_por_hospede,Preço anunciado por hóspede comportado,sem capacidades positivas suspeitas,meia praia|apartamento|1 quarto,Meia Praia · apartamento · 1 quarto,Meia Praia,apartamento,1,19,122.5,100.0,165.75,100.0,189.0,exploratório,15,3,0.15789473684210525,1,122.5,116.25,116.25,16.0
latest_available,Preço mais recente,exclude_affected_listings,Sem os três imóveis afetados,preco_por_hospede,Preço anunciado por hóspede comportado,todas as capacidades positivas,morretes|apartamento|1 quarto,Morretes · apartamento · 1 quarto,Morretes,apartamento,1,4,118.33333333333334,96.25,122.8125,,,evidência insuficiente,4,1,0.25,4,118.33333333333334,116.66666666666667,120.0,17.0
latest_available,Preço mais recente,exclude_affected_listings,Sem os três imóveis afetados,preco_por_hospede,Preço anunciado por hóspede comportado,sem capacidades positivas suspeitas,morretes|apartamento|1 quarto,Morretes · apartamento · 1 quarto,Morretes,apartamento,1,4,118.33333333333334,96.25,122.8125,,,evidência insuficiente,4,1,0.25,4,118.33333333333334,116.66666666666667,120.0,17.0
latest_available,Preço mais recente,exclude_affected_listings,Sem os três imóveis afetados,preco_por_hospede,Preço anunciado por hóspede comportado,todas as capacidades positivas,centro|casa|4 quartos,Centro · casa · 4 quartos,Centro,casa,4,4,116.28787878787878,88.63636363636363,150.0,,,evidência insuficiente,4,1,0.25,4,116.28787878787878,90.9090909090909,141.66666666666666,18.0
latest_available,Preço mais recente,exclude_affected_listings,Sem os três imóveis afetados,preco_por_hospede,Preço anunciado por hóspede comportado,sem capacidades positivas suspeitas,centro|casa|4 quartos,Centro · casa · 4 quartos,Centro,casa,4,4,116.28787878787878,88.63636363636363,150.0,,,evidência insuficiente,4,1,0.25,4,116.28787878787878,90.9090909090909,141.66666666666666,18.0
latest_available,Preço mais recente,exclude_affected_listings,Sem os três imóveis afetados,preco_por_hospede,Preço anunciado por hóspede comportado,todas as capacidades positivas,canto da praia|apartamento|2 quartos,Canto da Praia · apartamento · 2 quartos,Canto da Praia,apartamento,2,4,111.675,102.67916666666666,121.0625,,,evidência insuficiente,4,1,0.25,4,111.675,103.6,119.75,19.0
latest_available,Preço mais recente,exclude_affected_listings,Sem os três imóveis afetados,preco_por_hospede,Preço anunciado por hóspede comportado,sem capacidades positivas suspeitas,canto da praia|apartamento|2 quartos,Canto da Praia · apartamento · 2 quartos,Canto da Praia,apartamento,2,4,111.675,102.67916666666666,121.0625,,,evidência insuficiente,4,1,0.25,4,111.675,103.6,119.75,19.0
latest_available,Preço mais recente,exclude_affected_listings,Sem os três imóveis afetados,preco_por_hospede,Preço anunciado por hóspede comportado,todas as capacidades positivas,tabuleiro dos oliveiras|apartamento|4 quartos,Tabuleiro dos Oliveiras · apartamento · 4 quartos,Tabuleiro dos Oliveiras,apartamento,4,1,110.0,110.0,110.0,,,evidência insuficiente,1,1,1.0,1,110.0,,,20.0
latest_available,Preço mais recente,exclude_affected_listings,Sem os três imóveis afetados,preco_por_hospede,Preço anunciado por hóspede comportado,sem capacidades positivas suspeitas,tabuleiro dos oliveiras|apartamento|4 quartos,Tabuleiro dos Oliveiras · apartamento · 4 quartos,Tabuleiro dos Oliveiras,apartamento,4,1,110.0,110.0,110.0,,,evidência insuficiente,1,1,1.0,1,110.0,,,20.0
latest_available,Preço mais recente,exclude_affected_listings,Sem os três imóveis afetados,preco_por_hospede,Preço anunciado por hóspede comportado,todas as capacidades positivas,meia praia|apartamento|4 quartos,Meia Praia · apartamento · 4 quartos,Meia Praia,apartamento,4,60,106.25,78.03819444444444,152.25,92.3076923076923,135.02935606060603,principal,55,2,0.03333333333333333,5,106.25,106.21875,107.75,21.0
latest_available,Preço mais recente,exclude_affected_listings,Sem os três imóveis afetados,preco_por_hospede,Preço anunciado por hóspede comportado,sem capacidades positivas suspeitas,meia praia|apartamento|4 quartos,Meia Praia · apartamento · 4 quartos,Meia Praia,apartamento,4,60,106.25,78.03819444444444,152.25,94.44444444444444,136.36363636363637,principal,55,2,0.03333333333333333,5,106.25,106.21875,107.75,21.0
latest_available,Preço mais recente,exclude_affected_listings,Sem os três imóveis afetados,preco_por_hospede,Preço anunciado por hóspede comportado,todas as capacidades positivas,centro|apartamento|3 quartos,Centro · apartamento · 3 quartos,Centro,apartamento,3,45,105.46875,83.0,125.0,92.83333333333333,112.375,principal,41,4,0.08888888888888889,1,104.75,104.75,104.75,22.0
latest_available,Preço mais recente,exclude_affected_listings,Sem os três imóveis afetados,preco_por_hospede,Preço anunciado por hóspede comportado,sem capacidades positivas suspeitas,centro|apartamento|3 quartos,Centro · apartamento · 3 quartos,Centro,apartamento,3,45,105.46875,83.0,125.0,99.91041666666668,112.375,principal,41,4,0.08888888888888889,1,104.75,104.75,104.75,22.0
latest_available,Preço mais recente,exclude_affected_listings,Sem os três imóveis afetados,preco_por_hospede,Preço anunciado por hóspede comportado,todas as capacidades positivas,tabuleiro dos oliveiras|casa|7 quartos,Tabuleiro dos Oliveiras · casa · 7 quartos,Tabuleiro dos Oliveiras,casa,7,1,103.84615384615384,103.84615384615384,103.84615384615384,,,evidência insuficiente,1,1,1.0,1,103.84615384615384,,,23.0
latest_available,Preço mais recente,exclude_affected_listings,Sem os três imóveis afetados,preco_por_hospede,Preço anunciado por hóspede comportado,sem capacidades positivas suspeitas,tabuleiro dos oliveiras|casa|7 quartos,Tabuleiro dos Oliveiras · casa · 7 quartos,Tabuleiro dos Oliveiras,casa,7,1,103.84615384615384,103.84615384615384,103.84615384615384,,,evidência insuficiente,1,1,1.0,1,103.84615384615384,,,23.0
latest_available,Preço mais recente,exclude_affected_listings,Sem os três imóveis afetados,preco_por_hospede,Preço anunciado por hóspede comportado,todas as capacidades positivas,leopoldo zarling|casa|1 quarto,Leopoldo Zarling · casa · 1 quarto,Leopoldo Zarling,casa,1,1,100.0,100.0,100.0,,,evidência insuficiente,1,1,1.0,1,100.0,,,24.0
latest_available,Preço mais recente,exclude_affected_listings,Sem os três imóveis afetados,preco_por_hospede,Preço anunciado por hóspede comportado,todas as capacidades positivas,centro|apartamento|2 quartos,Centro · apartamento · 2 quartos,Centro,apartamento,2,65,100.0,68.0,141.42857142857142,68.99375,116.54166666666667,principal,41,20,0.3076923076923077,1,80.25,78.75926111111112,78.75926111111112,24.0
latest_available,Preço mais recente,exclude_affected_listings,Sem os três imóveis afetados,preco_por_hospede,Preço anunciado por hóspede comportado,todas as capacidades positivas,varzea|casa|5 quartos,Varzea · casa · 5 quartos,Varzea,casa,5,1,100.0,100.0,100.0,,,evidência insuficiente,1,1,1.0,1,100.0,,,24.0
latest_available,Preço mais recente,exclude_affected_listings,Sem os três imóveis afetados,preco_por_hospede,Preço anunciado por hóspede comportado,todas as capacidades positivas,canto da praia|casa|3 quartos,Canto da Praia · casa · 3 quartos,Canto da Praia,casa,3,2,100.0,100.0,100.0,,,evidência insuficiente,2,1,0.5,2,100.0,100.0,100.0,24.0
latest_available,Preço mais recente,exclude_affected_listings,Sem os três imóveis afetados,preco_por_hospede,Preço anunciado por hóspede comportado,todas as capacidades positivas,sertaozinho|casa|2 quartos,Sertaozinho · casa · 2 quartos,Sertaozinho,casa,2,1,100.0,100.0,100.0,,,evidência insuficiente,1,1,1.0,1,100.0,,,24.0
latest_available,Preço mais recente,exclude_affected_listings,Sem os três imóveis afetados,preco_por_hospede,Preço anunciado por hóspede comportado,todas as capacidades positivas,varzea|casa|3 quartos,Varzea · casa · 3 quartos,Varzea,casa,3,1,100.0,100.0,100.0,,,evidência insuficiente,1,1,1.0,1,100.0,,,24.0
latest_available,Preço mais recente,exclude_affected_listings,Sem os três imóveis afetados,preco_por_hospede,Preço anunciado por hóspede comportado,sem capacidades positivas suspeitas,leopoldo zarling|casa|1 quarto,Leopoldo Zarling · casa · 1 quarto,Leopoldo Zarling,casa,1,1,100.0,100.0,100.0,,,evidência insuficiente,1,1,1.0,1,100.0,,,24.0
latest_available,Preço mais recente,exclude_affected_listings,Sem os três imóveis afetados,preco_por_hospede,Preço anunciado por hóspede comportado,sem capacidades positivas suspeitas,centro|apartamento|2 quartos,Centro · apartamento · 2 quartos,Centro,apartamento,2,65,100.0,68.0,141.42857142857142,69.0,116.52083333333334,principal,41,20,0.3076923076923077,1,80.25,78.75926111111112,78.75926111111112,24.0
latest_available,Preço mais recente,exclude_affected_listings,Sem os três imóveis afetados,preco_por_hospede,Preço anunciado por hóspede comportado,sem capacidades positivas suspeitas,varzea|casa|5 quartos,Varzea · casa · 5 quartos,Varzea,casa,5,1,100.0,100.0,100.0,,,evidência insuficiente,1,1,1.0,1,100.0,,,24.0
latest_available,Preço mais recente,exclude_affected_listings,Sem os três imóveis afetados,preco_por_hospede,Preço anunciado por hóspede comportado,sem capacidades positivas suspeitas,canto da praia|casa|3 quartos,Canto da Praia · casa · 3 quartos,Canto da Praia,casa,3,2,100.0,100.0,100.0,,,evidência insuficiente,2,1,0.5,2,100.0,100.0,100.0,24.0
latest_available,Preço mais recente,exclude_affected_listings,Sem os três imóveis afetados,preco_por_hospede,Preço anunciado por hóspede comportado,sem capacidades positivas suspeitas,sertaozinho|casa|2 quartos,Sertaozinho · casa · 2 quartos,Sertaozinho,casa,2,1,100.0,100.0,100.0,,,evidência insuficiente,1,1,1.0,1,100.0,,,24.0
latest_available,Preço mais recente,exclude_affected_listings,Sem os três imóveis afetados,preco_por_hospede,Preço anunciado por hóspede comportado,sem capacidades positivas suspeitas,varzea|casa|3 quartos,Varzea · casa · 3 quartos,Varzea,casa,3,1,100.0,100.0,100.0,,,evidência insuficiente,1,1,1.0,1,100.0,,,24.0
latest_available,Preço mais recente,exclude_affected_listings,Sem os três imóveis afetados,preco_por_hospede,Preço anunciado por hóspede comportado,todas as capacidades positivas,tabuleiro dos oliveiras|apartamento|3 quartos,Tabuleiro dos Oliveiras · apartamento · 3 quartos,Tabuleiro dos Oliveiras,apartamento,3,4,99.5,82.5,116.5,,,evidência insuficiente,4,1,0.25,4,99.5,88.33333333333333,110.66666666666667,30.0
latest_available,Preço mais recente,exclude_affected_listings,Sem os três imóveis afetados,preco_por_hospede,Preço anunciado por hóspede comportado,sem capacidades positivas suspeitas,tabuleiro dos oliveiras|apartamento|3 quartos,Tabuleiro dos Oliveiras · apartamento · 3 quartos,Tabuleiro dos Oliveiras,apartamento,3,4,99.5,82.5,116.5,,,evidência insuficiente,4,1,0.25,4,99.5,88.33333333333333,110.66666666666667,30.0
latest_available,Preço mais recente,exclude_affected_listings,Sem os três imóveis afetados,preco_por_hospede,Preço anunciado por hóspede comportado,todas as capacidades positivas,centro|apartamento|4 quartos,Centro · apartamento · 4 quartos,Centro,apartamento,4,4,99.375,83.4375,113.57142857142857,,,evidência insuficiente,4,1,0.25,4,99.375,98.75,100.0,31.0
latest_available,Preço mais recente,exclude_affected_listings,Sem os três imóveis afetados,preco_por_hospede,Preço anunciado por hóspede comportado,sem capacidades positivas suspeitas,centro|apartamento|4 quartos,Centro · apartamento · 4 quartos,Centro,apartamento,4,4,99.375,83.4375,113.57142857142857,,,evidência insuficiente,4,1,0.25,4,99.375,98.75,100.0,31.0
latest_available,Preço mais recente,exclude_affected_listings,Sem os três imóveis afetados,preco_por_hospede,Preço anunciado por hóspede comportado,todas as capacidades positivas,ilhota|casa|4 quartos,Ilhota · casa · 4 quartos,Ilhota,casa,4,1,94.6,94.6,94.6,,,evidência insuficiente,1,1,1.0,1,94.6,,,32.0
latest_available,Preço mais recente,exclude_affected_listings,Sem os três imóveis afetados,preco_por_hospede,Preço anunciado por hóspede comportado,sem capacidades positivas suspeitas,ilhota|casa|4 quartos,Ilhota · casa · 4 quartos,Ilhota,casa,4,1,94.6,94.6,94.6,,,evidência insuficiente,1,1,1.0,1,94.6,,,32.0
latest_available,Preço mais recente,exclude_affected_listings,Sem os três imóveis afetados,preco_por_hospede,Preço anunciado por hóspede comportado,todas as capacidades positivas,morretes|apartamento|2 quartos,Morretes · apartamento · 2 quartos,Morretes,apartamento,2,50,90.43333333333334,63.333333333333336,117.47916666666667,68.33333333333334,103.16666666666667,principal,40,7,0.14,1,86.0,84.5,84.5,33.0
latest_available,Preço mais recente,exclude_affected_listings,Sem os três imóveis afetados,preco_por_hospede,Preço anunciado por hóspede comportado,sem capacidades positivas suspeitas,morretes|apartamento|2 quartos,Morretes · apartamento · 2 quartos,Morretes,apartamento,2,50,90.43333333333334,63.333333333333336,117.47916666666667,70.0,107.85833333333332,principal,40,7,0.14,1,86.0,84.5,84.5,33.0
latest_available,Preço mais recente,exclude_affected_listings,Sem os três imóveis afetados,preco_por_hospede,Preço anunciado por hóspede comportado,todas as capacidades positivas,meia praia|apartamento|3 quartos,Meia Praia · apartamento · 3 quartos,Meia Praia,apartamento,3,327,88.54166875,66.66666666666667,114.64285714285714,83.33333333333333,94.0,principal,275,12,0.03669724770642202,2,87.75,88.0,89.125,34.0
latest_available,Preço mais recente,exclude_affected_listings,Sem os três imóveis afetados,preco_por_hospede,Preço anunciado por hóspede comportado,sem capacidades positivas suspeitas,meia praia|apartamento|3 quartos,Meia Praia · apartamento · 3 quartos,Meia Praia,apartamento,3,326,88.33333437499999,66.66666666666667,114.82142857142857,83.33333333333333,93.75,principal,274,12,0.03680981595092025,2,87.625,87.875,89.10795454545455,34.0
latest_available,Preço mais recente,exclude_affected_listings,Sem os três imóveis afetados,preco_por_hospede,Preço anunciado por hóspede comportado,todas as capacidades positivas,ilhota|apartamento|1 quarto,Ilhota · apartamento · 1 quarto,Ilhota,apartamento,1,2,86.375,85.8125,86.9375,,,evidência insuficiente,1,2,1.0,1,86.375,,,35.0
latest_available,Preço mais recente,exclude_affected_listings,Sem os três imóveis afetados,preco_por_hospede,Preço anunciado por hóspede comportado,sem capacidades positivas suspeitas,ilhota|apartamento|1 quarto,Ilhota · apartamento · 1 quarto,Ilhota,apartamento,1,2,86.375,85.8125,86.9375,,,evidência insuficiente,1,2,1.0,1,86.375,,,35.0
latest_available,Preço mais recente,exclude_affected_listings,Sem os três imóveis afetados,preco_por_hospede,Preço anunciado por hóspede comportado,todas as capacidades positivas,meia praia|apartamento|0 quartos,Meia Praia · apartamento · 0 quartos,Meia Praia,apartamento,0,8,85.625,68.4625,101.875,58.55,122.5,evidência insuficiente,8,1,0.125,8,85.625,81.25,90.0,36.0
latest_available,Preço mais recente,exclude_affected_listings,Sem os três imóveis afetados,preco_por_hospede,Preço anunciado por hóspede comportado,sem capacidades positivas suspeitas,meia praia|apartamento|0 quartos,Meia Praia · apartamento · 0 quartos,Meia Praia,apartamento,0,8,85.625,68.4625,101.875,58.55,122.5,evidência insuficiente,8,1,0.125,8,85.625,81.25,90.0,36.0
latest_available,Preço mais recente,exclude_affected_listings,Sem os três imóveis afetados,preco_por_hospede,Preço anunciado por hóspede comportado,todas as capacidades positivas,morretes|apartamento|4 quartos,Morretes · apartamento · 4 quartos,Morretes,apartamento,4,3,83.33333333333333,78.54166666666666,135.41666666666666,,,evidência insuficiente,3,1,0.3333333333333333,3,83.33333333333333,78.54166666666666,135.41666666666666,37.0
latest_available,Preço mais recente,exclude_affected_listings,Sem os três imóveis afetados,preco_por_hospede,Preço anunciado por hóspede comportado,sem capacidades positivas suspeitas,morretes|apartamento|3 quartos,Morretes · apartamento · 3 quartos,Morretes,apartamento,3,9,83.33333333333333,62.216665,124.125,61.42857142857143,127.75,evidência insuficiente,9,1,0.1111111111111111,9,83.33333333333333,79.16666666666666,88.33333333333333,37.0
latest_available,Preço mais recente,exclude_affected_listings,Sem os três imóveis afetados,preco_por_hospede,Preço anunciado por hóspede comportado,sem capacidades positivas suspeitas,morretes|apartamento|4 quartos,Morretes · apartamento · 4 quartos,Morretes,apartamento,4,3,83.33333333333333,78.54166666666666,135.41666666666666,,,evidência insuficiente,3,1,0.3333333333333333,3,83.33333333333333,78.54166666666666,135.41666666666666,37.0
latest_available,Preço mais recente,exclude_affected_listings,Sem os três imóveis afetados,preco_por_hospede,Preço anunciado por hóspede comportado,todas as capacidades positivas,meia praia|casa|7 quartos,Meia Praia · casa · 7 quartos,Meia Praia,casa,7,1,81.25,81.25,81.25,,,evidência insuficiente,1,1,1.0,1,81.25,,,38.0
latest_available,Preço mais recente,exclude_affected_listings,Sem os três imóveis afetados,preco_por_hospede,Preço anunciado por hóspede comportado,sem capacidades positivas suspeitas,meia praia|casa|7 quartos,Meia Praia · casa · 7 quartos,Meia Praia,casa,7,1,81.25,81.25,81.25,,,evidência insuficiente,1,1,1.0,1,81.25,,,39.0
latest_available,Preço mais recente,exclude_affected_listings,Sem os três imóveis afetados,preco_por_hospede,Preço anunciado por hóspede comportado,todas as capacidades positivas,centro|casa|3 quartos,Centro · casa · 3 quartos,Centro,casa,3,2,80.55555555555556,65.27777777777777,95.83333333333334,,,evidência insuficiente,2,1,0.5,2,80.55555555555556,50.0,111.11111111111111,39.0
latest_available,Preço mais recente,exclude_affected_listings,Sem os três imóveis afetados,preco_por_hospede,Preço anunciado por hóspede comportado,sem capacidades positivas suspeitas,centro|casa|3 quartos,Centro · casa · 3 quartos,Centro,casa,3,2,80.55555555555556,65.27777777777777,95.83333333333334,,,evidência insuficiente,2,1,0.5,2,80.55555555555556,50.0,111.11111111111111,40.0
latest_available,Preço mais recente,exclude_affected_listings,Sem os três imóveis afetados,preco_por_hospede,Preço anunciado por hóspede comportado,todas as capacidades positivas,alto sao bento|apartamento|1 quarto,Alto Sao Bento · apartamento · 1 quarto,Alto Sao Bento,apartamento,1,2,80.0,75.0,85.0,,,evidência insuficiente,2,1,0.5,2,80.0,70.0,90.0,40.0
latest_available,Preço mais recente,exclude_affected_listings,Sem os três imóveis afetados,preco_por_hospede,Preço anunciado por hóspede comportado,sem capacidades positivas suspeitas,alto sao bento|apartamento|1 quarto,Alto Sao Bento · apartamento · 1 quarto,Alto Sao Bento,apartamento,1,2,80.0,75.0,85.0,,,evidência insuficiente,2,1,0.5,2,80.0,70.0,90.0,41.0
latest_available,Preço mais recente,exclude_affected_listings,Sem os três imóveis afetados,preco_por_hospede,Preço anunciado por hóspede comportado,sem capacidades positivas suspeitas,tabuleiro dos oliveiras|apartamento|2 quartos,Tabuleiro dos Oliveiras · apartamento · 2 quartos,Tabuleiro dos Oliveiras,apartamento,2,11,79.8,70.83333333333334,127.15,66.66666666666667,128.8,exploratório,10,2,0.18181818181818182,1,79.6,79.4,79.4,42.0
latest_available,Preço mais recente,exclude_affected_listings,Sem os três imóveis afetados,preco_por_hospede,Preço anunciado por hóspede comportado,todas as capacidades positivas,tabuleiro dos oliveiras|apartamento|2 quartos,Tabuleiro dos Oliveiras · apartamento · 2 quartos,Tabuleiro dos Oliveiras,apartamento,2,12,79.6,64.58333333333334,126.325,58.333333333333336,128.8,exploratório,11,2,0.16666666666666666,1,79.4,77.2,77.2,41.0
latest_available,Preço mais recente,exclude_affected_listings,Sem os três imóveis afetados,preco_por_hospede,Preço anunciado por hóspede comportado,todas as capacidades positivas,morretes|apartamento|3 quartos,Morretes · apartamento · 3 quartos,Morretes,apartamento,3,10,79.16666666666666,61.62559482142857,116.42708333333333,57.9833325,124.125,exploratório,10,1,0.1,10,79.16666666666666,75.0,83.33333333333333,42.0
latest_available,Preço mais recente,exclude_affected_listings,Sem os três imóveis afetados,preco_por_hospede,Preço anunciado por hóspede comportado,todas as capacidades positivas,meia praia|apartamento|2 quartos,Meia Praia · apartamento · 2 quartos,Meia Praia,apartamento,2,186,78.0,62.976190476190474,100.0,70.62678571428572,83.33333333333333,principal,162,7,0.03763440860215054,1,75.0,75.0,75.0,43.0
latest_available,Preço mais recente,exclude_affected_listings,Sem os três imóveis afetados,preco_por_hospede,Preço anunciado por hóspede comportado,sem capacidades positivas suspeitas,meia praia|apartamento|2 quartos,Meia Praia · apartamento · 2 quartos,Meia Praia,apartamento,2,186,78.0,62.976190476190474,100.0,70.0,83.33333333333333,principal,162,7,0.03763440860215054,1,75.0,75.0,75.0,43.0
latest_available,Preço mais recente,exclude_affected_listings,Sem os três imóveis afetados,preco_por_hospede,Preço anunciado por hóspede comportado,todas as capacidades positivas,varzea|casa|1 quarto,Varzea · casa · 1 quarto,Varzea,casa,1,3,74.5,60.375,93.5,,,evidência insuficiente,3,1,0.3333333333333333,3,74.5,60.375,93.5,44.0
latest_available,Preço mais recente,exclude_affected_listings,Sem os três imóveis afetados,preco_por_hospede,Preço anunciado por hóspede comportado,sem capacidades positivas suspeitas,varzea|casa|1 quarto,Varzea · casa · 1 quarto,Varzea,casa,1,3,74.5,60.375,93.5,,,evidência insuficiente,3,1,0.3333333333333333,3,74.5,60.375,93.5,44.0
latest_available,Preço mais recente,exclude_affected_listings,Sem os três imóveis afetados,preco_por_hospede,Preço anunciado por hóspede comportado,todas as capacidades positivas,ilhota|casa|3 quartos,Ilhota · casa · 3 quartos,Ilhota,casa,3,2,74.375,67.8125,80.9375,,,evidência insuficiente,2,1,0.5,2,74.375,61.25,87.5,45.0
latest_available,Preço mais recente,exclude_affected_listings,Sem os três imóveis afetados,preco_por_hospede,Preço anunciado por hóspede comportado,sem capacidades positivas suspeitas,ilhota|casa|3 quartos,Ilhota · casa · 3 quartos,Ilhota,casa,3,2,74.375,67.8125,80.9375,,,evidência insuficiente,2,1,0.5,2,74.375,61.25,87.5,45.0
latest_available,Preço mais recente,exclude_affected_listings,Sem os três imóveis afetados,preco_por_hospede,Preço anunciado por hóspede comportado,todas as capacidades positivas,casa branca|apartamento|2 quartos,Casa Branca · apartamento · 2 quartos,Casa Branca,apartamento,2,11,74.0,63.65,98.33333333333334,57.5,116.66666666666667,exploratório,10,2,0.18181818181818182,1,74.45,74.0,74.0,46.0
latest_available,Preço mais recente,exclude_affected_listings,Sem os três imóveis afetados,preco_por_hospede,Preço anunciado por hóspede comportado,sem capacidades positivas suspeitas,casa branca|apartamento|2 quartos,Casa Branca · apartamento · 2 quartos,Casa Branca,apartamento,2,11,74.0,63.65,98.33333333333334,57.5,116.66666666666667,exploratório,10,2,0.18181818181818182,1,74.45,74.0,74.0,46.0
latest_available,Preço mais recente,exclude_affected_listings,Sem os três imóveis afetados,preco_por_hospede,Preço anunciado por hóspede comportado,todas as capacidades positivas,centro|apartamento|5 quartos,Centro · apartamento · 5 quartos,Centro,apartamento,5,1,70.83333333333333,70.83333333333333,70.83333333333333,,,evidência insuficiente,1,1,1.0,1,70.83333333333333,,,47.0
latest_available,Preço mais recente,exclude_affected_listings,Sem os três imóveis afetados,preco_por_hospede,Preço anunciado por hóspede comportado,sem capacidades positivas suspeitas,centro|apartamento|5 quartos,Centro · apartamento · 5 quartos,Centro,apartamento,5,1,70.83333333333333,70.83333333333333,70.83333333333333,,,evidência insuficiente,1,1,1.0,1,70.83333333333333,,,47.0
latest_available,Preço mais recente,exclude_affected_listings,Sem os três imóveis afetados,preco_por_hospede,Preço anunciado por hóspede comportado,todas as capacidades positivas,centro|casa|1 quarto,Centro · casa · 1 quarto,Centro,casa,1,1,70.75,70.75,70.75,,,evidência insuficiente,1,1,1.0,1,70.75,,,48.0
latest_available,Preço mais recente,exclude_affected_listings,Sem os três imóveis afetados,preco_por_hospede,Preço anunciado por hóspede comportado,sem capacidades positivas suspeitas,centro|casa|1 quarto,Centro · casa · 1 quarto,Centro,casa,1,1,70.75,70.75,70.75,,,evidência insuficiente,1,1,1.0,1,70.75,,,48.0
latest_available,Preço mais recente,exclude_affected_listings,Sem os três imóveis afetados,preco_por_hospede,Preço anunciado por hóspede comportado,todas as capacidades positivas,meia praia|casa|4 quartos,Meia Praia · casa · 4 quartos,Meia Praia,casa,4,2,67.3076923076923,58.65384615384615,75.96153846153845,,,evidência insuficiente,2,1,0.5,2,67.3076923076923,50.0,84.61538461538461,49.0
latest_available,Preço mais recente,exclude_affected_listings,Sem os três imóveis afetados,preco_por_hospede,Preço anunciado por hóspede comportado,sem capacidades positivas suspeitas,meia praia|casa|4 quartos,Meia Praia · casa · 4 quartos,Meia Praia,casa,4,2,67.3076923076923,58.65384615384615,75.96153846153845,,,evidência insuficiente,2,1,0.5,2,67.3076923076923,50.0,84.61538461538461,49.0
latest_available,Preço mais recente,exclude_affected_listings,Sem os três imóveis afetados,preco_por_hospede,Preço anunciado por hóspede comportado,todas as capacidades positivas,casa branca|apartamento|3 quartos,Casa Branca · apartamento · 3 quartos,Casa Branca,apartamento,3,2,67.16666666666666,59.08333333333333,75.25,,,evidência insuficiente,2,1,0.5,2,67.16666666666666,51.0,83.33333333333333,50.0
latest_available,Preço mais recente,exclude_affected_listings,Sem os três imóveis afetados,preco_por_hospede,Preço anunciado por hóspede comportado,sem capacidades positivas suspeitas,casa branca|apartamento|3 quartos,Casa Branca · apartamento · 3 quartos,Casa Branca,apartamento,3,2,67.16666666666666,59.08333333333333,75.25,,,evidência insuficiente,2,1,0.5,2,67.16666666666666,51.0,83.33333333333333,50.0
latest_available,Preço mais recente,exclude_affected_listings,Sem os três imóveis afetados,preco_por_hospede,Preço anunciado por hóspede comportado,todas as capacidades positivas,sertao do trombudo|casa|4 quartos,Sertao do Trombudo · casa · 4 quartos,Sertao do Trombudo,casa,4,1,66.66666666666667,66.66666666666667,66.66666666666667,,,evidência insuficiente,1,1,1.0,1,66.66666666666667,,,51.0
latest_available,Preço mais recente,exclude_affected_listings,Sem os três imóveis afetados,preco_por_hospede,Preço anunciado por hóspede comportado,sem capacidades positivas suspeitas,sertao do trombudo|casa|4 quartos,Sertao do Trombudo · casa · 4 quartos,Sertao do Trombudo,casa,4,1,66.66666666666667,66.66666666666667,66.66666666666667,,,evidência insuficiente,1,1,1.0,1,66.66666666666667,,,51.0
latest_available,Preço mais recente,exclude_affected_listings,Sem os três imóveis afetados,preco_por_hospede,Preço anunciado por hóspede comportado,todas as capacidades positivas,meia praia|casa|1 quarto,Meia Praia · casa · 1 quarto,Meia Praia,casa,1,1,65.0,65.0,65.0,,,evidência insuficiente,1,1,1.0,1,65.0,,,52.0
latest_available,Preço mais recente,exclude_affected_listings,Sem os três imóveis afetados,preco_por_hospede,Preço anunciado por hóspede comportado,sem capacidades positivas suspeitas,meia praia|casa|1 quarto,Meia Praia · casa · 1 quarto,Meia Praia,casa,1,1,65.0,65.0,65.0,,,evidência insuficiente,1,1,1.0,1,65.0,,,52.0
latest_available,Preço mais recente,exclude_affected_listings,Sem os três imóveis afetados,preco_por_hospede,Preço anunciado por hóspede comportado,todas as capacidades positivas,morretes|casa|4 quartos,Morretes · casa · 4 quartos,Morretes,casa,4,2,63.541666666666664,53.64583333333333,73.4375,,,evidência insuficiente,2,1,0.5,2,63.541666666666664,43.75,83.33333333333333,53.0
latest_available,Preço mais recente,exclude_affected_listings,Sem os três imóveis afetados,preco_por_hospede,Preço anunciado por hóspede comportado,sem capacidades positivas suspeitas,morretes|casa|4 quartos,Morretes · casa · 4 quartos,Morretes,casa,4,2,63.541666666666664,53.64583333333333,73.4375,,,evidência insuficiente,2,1,0.5,2,63.541666666666664,43.75,83.33333333333333,53.0
latest_available,Preço mais recente,exclude_affected_listings,Sem os três imóveis afetados,preco_por_hospede,Preço anunciado por hóspede comportado,todas as capacidades positivas,meia praia|casa|3 quartos,Meia Praia · casa · 3 quartos,Meia Praia,casa,3,5,63.333333333333336,50.0,72.22222222222223,50.0,85.71428571428571,evidência insuficiente,5,1,0.2,5,63.333333333333336,56.66666666666667,67.77777777777779,54.0
latest_available,Preço mais recente,exclude_affected_listings,Sem os três imóveis afetados,preco_por_hospede,Preço anunciado por hóspede comportado,sem capacidades positivas suspeitas,meia praia|casa|3 quartos,Meia Praia · casa · 3 quartos,Meia Praia,casa,3,5,63.333333333333336,50.0,72.22222222222223,50.0,85.71428571428571,evidência insuficiente,5,1,0.2,5,63.333333333333336,56.66666666666667,67.77777777777779,54.0
latest_available,Preço mais recente,exclude_affected_listings,Sem os três imóveis afetados,preco_por_hospede,Preço anunciado por hóspede comportado,todas as capacidades positivas,ilhota|apartamento|3 quartos,Ilhota · apartamento · 3 quartos,Ilhota,apartamento,3,1,62.5,62.5,62.5,,,evidência insuficiente,1,1,1.0,1,62.5,,,55.0
latest_available,Preço mais recente,exclude_affected_listings,Sem os três imóveis afetados,preco_por_hospede,Preço anunciado por hóspede comportado,todas as capacidades positivas,sertaozinho|casa|3 quartos,Sertaozinho · casa · 3 quartos,Sertaozinho,casa,3,1,62.5,62.5,62.5,,,evidência insuficiente,1,1,1.0,1,62.5,,,55.0
latest_available,Preço mais recente,exclude_affected_listings,Sem os três imóveis afetados,preco_por_hospede,Preço anunciado por hóspede comportado,sem capacidades positivas suspeitas,ilhota|apartamento|3 quartos,Ilhota · apartamento · 3 quartos,Ilhota,apartamento,3,1,62.5,62.5,62.5,,,evidência insuficiente,1,1,1.0,1,62.5,,,55.0
latest_available,Preço mais recente,exclude_affected_listings,Sem os três imóveis afetados,preco_por_hospede,Preço anunciado por hóspede comportado,sem capacidades positivas suspeitas,sertaozinho|casa|3 quartos,Sertaozinho · casa · 3 quartos,Sertaozinho,casa,3,1,62.5,62.5,62.5,,,evidência insuficiente,1,1,1.0,1,62.5,,,55.0
latest_available,Preço mais recente,exclude_affected_listings,Sem os três imóveis afetados,preco_por_hospede,Preço anunciado por hóspede comportado,sem capacidades positivas suspeitas,meia praia|casa|2 quartos,Meia Praia · casa · 2 quartos,Meia Praia,casa,2,2,62.375,56.1875,68.5625,,,evidência insuficiente,2,1,0.5,2,62.375,50.0,74.75,57.0
latest_available,Preço mais recente,exclude_affected_listings,Sem os três imóveis afetados,preco_por_hospede,Preço anunciado por hóspede comportado,todas as capacidades positivas,centro|casa|2 quartos,Centro · casa · 2 quartos,Centro,casa,2,2,60.4,55.2,65.6,,,evidência insuficiente,2,1,0.5,2,60.4,50.0,70.8,57.0
latest_available,Preço mais recente,exclude_affected_listings,Sem os três imóveis afetados,preco_por_hospede,Preço anunciado por hóspede comportado,sem capacidades positivas suspeitas,centro|casa|2 quartos,Centro · casa · 2 quartos,Centro,casa,2,2,60.4,55.2,65.6,,,evidência insuficiente,2,1,0.5,2,60.4,50.0,70.8,58.0
latest_available,Preço mais recente,exclude_affected_listings,Sem os três imóveis afetados,preco_por_hospede,Preço anunciado por hóspede comportado,todas as capacidades positivas,morretes|casa|2 quartos,Morretes · casa · 2 quartos,Morretes,casa,2,9,50.75,50.0,75.0,32.81818181818182,100.0,evidência insuficiente,8,2,0.2222222222222222,1,62.75,74.75,74.75,58.0
latest_available,Preço mais recente,exclude_affected_listings,Sem os três imóveis afetados,preco_por_hospede,Preço anunciado por hóspede comportado,sem capacidades positivas suspeitas,morretes|casa|2 quartos,Morretes · casa · 2 quartos,Morretes,casa,2,9,50.75,50.0,75.0,32.81818181818182,100.0,evidência insuficiente,8,2,0.2222222222222222,1,62.75,74.75,74.75,59.0
latest_available,Preço mais recente,exclude_affected_listings,Sem os três imóveis afetados,preco_por_hospede,Preço anunciado por hóspede comportado,todas as capacidades positivas,meia praia|casa|2 quartos,Meia Praia · casa · 2 quartos,Meia Praia,casa,2,3,50.0,38.9375,62.375,,,evidência insuficiente,3,1,0.3333333333333333,3,50.0,38.9375,62.375,59.0
latest_available,Preço mais recente,exclude_affected_listings,Sem os três imóveis afetados,preco_por_hospede,Preço anunciado por hóspede comportado,todas as capacidades positivas,jardim praiamar|casa|1 quarto,Jardim Praiamar · casa · 1 quarto,Jardim Praiamar,casa,1,1,50.0,50.0,50.0,,,evidência insuficiente,1,1,1.0,1,50.0,,,59.0
latest_available,Preço mais recente,exclude_affected_listings,Sem os três imóveis afetados,preco_por_hospede,Preço anunciado por hóspede comportado,todas as capacidades positivas,morretes|casa|3 quartos,Morretes · casa · 3 quartos,Morretes,casa,3,1,50.0,50.0,50.0,,,evidência insuficiente,1,1,1.0,1,50.0,,,59.0
latest_available,Preço mais recente,exclude_affected_listings,Sem os três imóveis afetados,preco_por_hospede,Preço anunciado por hóspede comportado,sem capacidades positivas suspeitas,jardim praiamar|casa|1 quarto,Jardim Praiamar · casa · 1 quarto,Jardim Praiamar,casa,1,1,50.0,50.0,50.0,,,evidência insuficiente,1,1,1.0,1,50.0,,,60.0
latest_available,Preço mais recente,exclude_affected_listings,Sem os três imóveis afetados,preco_por_hospede,Preço anunciado por hóspede comportado,sem capacidades positivas suspeitas,morretes|casa|3 quartos,Morretes · casa · 3 quartos,Morretes,casa,3,1,50.0,50.0,50.0,,,evidência insuficiente,1,1,1.0,1,50.0,,,60.0
latest_available,Preço mais recente,exclude_affected_listings,Sem os três imóveis afetados,preco_por_hospede,Preço anunciado por hóspede comportado,todas as capacidades positivas,alto sao bento|apartamento|2 quartos,Alto Sao Bento · apartamento · 2 quartos,Alto Sao Bento,apartamento,2,1,49.75,49.75,49.75,,,evidência insuficiente,1,1,1.0,1,49.75,,,62.0
latest_available,Preço mais recente,exclude_affected_listings,Sem os três imóveis afetados,preco_por_hospede,Preço anunciado por hóspede comportado,sem capacidades positivas suspeitas,alto sao bento|apartamento|2 quartos,Alto Sao Bento · apartamento · 2 quartos,Alto Sao Bento,apartamento,2,1,49.75,49.75,49.75,,,evidência insuficiente,1,1,1.0,1,49.75,,,62.0
latest_available,Preço mais recente,exclude_affected_listings,Sem os três imóveis afetados,preco_por_hospede,Preço anunciado por hóspede comportado,todas as capacidades positivas,ilhota|casa|2 quartos,Ilhota · casa · 2 quartos,Ilhota,casa,2,2,38.5,36.75,40.25,,,evidência insuficiente,2,1,0.5,2,38.5,35.0,42.0,63.0
latest_available,Preço mais recente,exclude_affected_listings,Sem os três imóveis afetados,preco_por_hospede,Preço anunciado por hóspede comportado,sem capacidades positivas suspeitas,ilhota|casa|2 quartos,Ilhota · casa · 2 quartos,Ilhota,casa,2,2,38.5,36.75,40.25,,,evidência insuficiente,2,1,0.5,2,38.5,35.0,42.0,63.0
latest_available,Preço mais recente,exclude_affected_listings,Sem os três imóveis afetados,preco_por_hospede,Preço anunciado por hóspede comportado,todas as capacidades positivas,canto da praia|apartamento|3 quartos,Canto da Praia · apartamento · 3 quartos,Canto da Praia,apartamento,3,1,38.453125,38.453125,38.453125,,,evidência insuficiente,1,1,1.0,1,38.453125,,,64.0
latest_available,Preço mais recente,exclude_affected_listings,Sem os três imóveis afetados,preco_por_hospede,Preço anunciado por hóspede comportado,sem capacidades positivas suspeitas,canto da praia|apartamento|3 quartos,Canto da Praia · apartamento · 3 quartos,Canto da Praia,apartamento,3,1,38.453125,38.453125,38.453125,,,evidência insuficiente,1,1,1.0,1,38.453125,,,64.0
latest_available,Preço mais recente,exclude_affected_listings,Sem os três imóveis afetados,preco_por_quarto,Preço anunciado por quarto,não aplicável,canto da praia|casa|4 quartos,Canto da Praia · casa · 4 quartos,Canto da Praia,casa,4,1,975.0,975.0,975.0,,,evidência insuficiente,1,1,1.0,1,975.0,,,1.0
latest_available,Preço mais recente,exclude_affected_listings,Sem os três imóveis afetados,preco_por_quarto,Preço anunciado por quarto,não aplicável,canto da praia|casa|1 quarto,Canto da Praia · casa · 1 quarto,Canto da Praia,casa,1,1,793.0,793.0,793.0,,,evidência insuficiente,1,1,1.0,1,793.0,,,2.0
latest_available,Preço mais recente,exclude_affected_listings,Sem os três imóveis afetados,preco_por_quarto,Preço anunciado por quarto,não aplicável,desconhecido|casa|1 quarto,Desconhecido · casa · 1 quarto,Desconhecido,casa,1,3,709.0,649.5,754.5,,,evidência insuficiente,3,1,0.3333333333333333,3,709.0,649.5,754.5,3.0
latest_available,Preço mais recente,exclude_affected_listings,Sem os três imóveis afetados,preco_por_quarto,Preço anunciado por quarto,não aplicável,areal|casa|1 quarto,Areal · casa · 1 quarto,Areal,casa,1,1,556.0,556.0,556.0,,,evidência insuficiente,1,1,1.0,1,556.0,,,4.0
latest_available,Preço mais recente,exclude_affected_listings,Sem os três imóveis afetados,preco_por_quarto,Preço anunciado por quarto,não aplicável,meia praia|apartamento|1 quarto,Meia Praia · apartamento · 1 quarto,Meia Praia,apartamento,1,19,480.0,389.0,530.5,389.0,545.0,exploratório,15,3,0.15789473684210525,1,402.0,401.0,401.0,5.0
latest_available,Preço mais recente,exclude_affected_listings,Sem os três imóveis afetados,preco_por_quarto,Preço anunciado por quarto,não aplicável,centro|apartamento|1 quarto,Centro · apartamento · 1 quarto,Centro,apartamento,1,78,445.0,376.25,523.999975,386.2875,483.5,principal,20,54,0.6923076923076923,1,445.0,450.0,450.0,6.0
latest_available,Preço mais recente,exclude_affected_listings,Sem os três imóveis afetados,preco_por_quarto,Preço anunciado por quarto,não aplicável,sertaozinho|casa|6 quartos,Sertaozinho · casa · 6 quartos,Sertaozinho,casa,6,2,429.27083333333337,352.2395833333333,506.30208333333337,,,evidência insuficiente,2,1,0.5,2,429.27083333333337,275.2083333333333,583.3333333333334,7.0
latest_available,Preço mais recente,exclude_affected_listings,Sem os três imóveis afetados,preco_por_quarto,Preço anunciado por quarto,não aplicável,tabuleiro dos oliveiras|casa|4 quartos,Tabuleiro dos Oliveiras · casa · 4 quartos,Tabuleiro dos Oliveiras,casa,4,1,425.0,425.0,425.0,,,evidência insuficiente,1,1,1.0,1,425.0,,,8.0
latest_available,Preço mais recente,exclude_affected_listings,Sem os três imóveis afetados,preco_por_quarto,Preço anunciado por quarto,não aplicável,morretes|apartamento|1 quarto,Morretes · apartamento · 1 quarto,Morretes,apartamento,1,4,415.0,306.25,491.25,,,evidência insuficiente,4,1,0.25,4,415.0,350.0,480.0,9.0
latest_available,Preço mais recente,exclude_affected_listings,Sem os três imóveis afetados,preco_por_quarto,Preço anunciado por quarto,não aplicável,alto sao bento|casa|1 quarto,Alto Sao Bento · casa · 1 quarto,Alto Sao Bento,casa,1,1,400.0,400.0,400.0,,,evidência insuficiente,1,1,1.0,1,400.0,,,10.0
latest_available,Preço mais recente,exclude_affected_listings,Sem os três imóveis afetados,preco_por_quarto,Preço anunciado por quarto,não aplicável,sertao do trombudo|casa|1 quarto,Sertao do Trombudo · casa · 1 quarto,Sertao do Trombudo,casa,1,2,380.0,375.0,385.0,,,evidência insuficiente,1,2,1.0,1,380.0,,,11.0
latest_available,Preço mais recente,exclude_affected_listings,Sem os três imóveis afetados,preco_por_quarto,Preço anunciado por quarto,não aplicável,meia praia|apartamento|5 quartos,Meia Praia · apartamento · 5 quartos,Meia Praia,apartamento,5,5,379.4,290.0,420.0,180.0,460.0,evidência insuficiente,5,1,0.2,5,379.4,334.7,399.7,12.0
latest_available,Preço mais recente,exclude_affected_listings,Sem os três imóveis afetados,preco_por_quarto,Preço anunciado por quarto,não aplicável,ilhota|apartamento|1 quarto,Ilhota · apartamento · 1 quarto,Ilhota,apartamento,1,2,345.5,343.25,347.75,,,evidência insuficiente,1,2,1.0,1,345.5,,,13.0
latest_available,Preço mais recente,exclude_affected_listings,Sem os três imóveis afetados,preco_por_quarto,Preço anunciado por quarto,não aplicável,centro|casa|4 quartos,Centro · casa · 4 quartos,Centro,casa,4,4,337.5,243.75,450.0,,,evidência insuficiente,4,1,0.25,4,337.5,250.0,425.0,14.0
latest_available,Preço mais recente,exclude_affected_listings,Sem os três imóveis afetados,preco_por_quarto,Preço anunciado por quarto,não aplicável,varzea|casa|5 quartos,Varzea · casa · 5 quartos,Varzea,casa,5,1,300.0,300.0,300.0,,,evidência insuficiente,1,1,1.0,1,300.0,,,15.0
latest_available,Preço mais recente,exclude_affected_listings,Sem os três imóveis afetados,preco_por_quarto,Preço anunciado por quarto,não aplicável,ilhota|apartamento|2 quartos,Ilhota · apartamento · 2 quartos,Ilhota,apartamento,2,2,293.75,293.125,294.375,,,evidência insuficiente,2,1,0.5,2,293.75,292.5,295.0,16.0
latest_available,Preço mais recente,exclude_affected_listings,Sem os três imóveis afetados,preco_por_quarto,Preço anunciado por quarto,não aplicável,centro|apartamento|2 quartos,Centro · apartamento · 2 quartos,Centro,apartamento,2,65,290.0,185.0,356.5,199.5,339.0,principal,41,20,0.3076923076923077,1,225.0,202.5,202.5,17.0
latest_available,Preço mais recente,exclude_affected_listings,Sem os três imóveis afetados,preco_por_quarto,Preço anunciado por quarto,não aplicável,centro|casa|1 quarto,Centro · casa · 1 quarto,Centro,casa,1,1,283.0,283.0,283.0,,,evidência insuficiente,1,1,1.0,1,283.0,,,18.0
latest_available,Preço mais recente,exclude_affected_listings,Sem os três imóveis afetados,preco_por_quarto,Preço anunciado por quarto,não aplicável,morretes|casa|1 quarto,Morretes · casa · 1 quarto,Morretes,casa,1,2,282.0,237.5,326.5,,,evidência insuficiente,2,1,0.5,2,282.0,193.0,371.0,19.0
latest_available,Preço mais recente,exclude_affected_listings,Sem os três imóveis afetados,preco_por_quarto,Preço anunciado por quarto,não aplicável,tabuleiro dos oliveiras|apartamento|4 quartos,Tabuleiro dos Oliveiras · apartamento · 4 quartos,Tabuleiro dos Oliveiras,apartamento,4,1,275.0,275.0,275.0,,,evidência insuficiente,1,1,1.0,1,275.0,,,20.0
latest_available,Preço mais recente,exclude_affected_listings,Sem os três imóveis afetados,preco_por_quarto,Preço anunciado por quarto,não aplicável,sertaozinho|casa|1 quarto,Sertaozinho · casa · 1 quarto,Sertaozinho,casa,1,2,274.5,227.25,321.75,,,evidência insuficiente,2,1,0.5,2,274.5,180.0,369.0,21.0
latest_available,Preço mais recente,exclude_affected_listings,Sem os três imóveis afetados,preco_por_quarto,Preço anunciado por quarto,não aplicável,casa branca|casa|1 quarto,Casa Branca · casa · 1 quarto,Casa Branca,casa,1,2,274.5,261.75,287.25,,,evidência insuficiente,2,1,0.5,2,274.5,249.0,300.0,21.0
latest_available,Preço mais recente,exclude_affected_listings,Sem os três imóveis afetados,preco_por_quarto,Preço anunciado por quarto,não aplicável,centro|apartamento|3 quartos,Centro · apartamento · 3 quartos,Centro,apartamento,3,45,263.3333333333333,174.33333333333334,283.3333333333333,216.66666666666666,275.59062500000005,principal,41,4,0.08888888888888889,1,250.0,263.3333333333333,263.3333333333333,23.0
latest_available,Preço mais recente,exclude_affected_listings,Sem os três imóveis afetados,preco_por_quarto,Preço anunciado por quarto,não aplicável,canto da praia|apartamento|2 quartos,Canto da Praia · apartamento · 2 quartos,Canto da Praia,apartamento,2,4,254.5,247.375,269.1875,,,evidência insuficiente,4,1,0.25,4,254.5,250.0,259.0,24.0
latest_available,Preço mais recente,exclude_affected_listings,Sem os três imóveis afetados,preco_por_quarto,Preço anunciado por quarto,não aplicável,meia praia|apartamento|4 quartos,Meia Praia · apartamento · 4 quartos,Meia Praia,apartamento,4,60,253.125,203.75,412.9375,218.5,375.0,principal,55,2,0.03333333333333333,5,243.75,234.375,281.25,25.0
latest_available,Preço mais recente,exclude_affected_listings,Sem os três imóveis afetados,preco_por_quarto,Preço anunciado por quarto,não aplicável,morretes|apartamento|4 quartos,Morretes · apartamento · 4 quartos,Morretes,apartamento,4,3,250.0,198.75,312.5,,,evidência insuficiente,3,1,0.3333333333333333,3,250.0,198.75,312.5,26.0
latest_available,Preço mais recente,exclude_affected_listings,Sem os três imóveis afetados,preco_por_quarto,Preço anunciado por quarto,não aplicável,sertaozinho|casa|2 quartos,Sertaozinho · casa · 2 quartos,Sertaozinho,casa,2,1,250.0,250.0,250.0,,,evidência insuficiente,1,1,1.0,1,250.0,,,26.0
latest_available,Preço mais recente,exclude_affected_listings,Sem os três imóveis afetados,preco_por_quarto,Preço anunciado por quarto,não aplicável,sertao do trombudo|casa|4 quartos,Sertao do Trombudo · casa · 4 quartos,Sertao do Trombudo,casa,4,1,250.0,250.0,250.0,,,evidência insuficiente,1,1,1.0,1,250.0,,,26.0
latest_available,Preço mais recente,exclude_affected_listings,Sem os três imóveis afetados,preco_por_quarto,Preço anunciado por quarto,não aplicável,ilhota|casa|4 quartos,Ilhota · casa · 4 quartos,Ilhota,casa,4,1,236.5,236.5,236.5,,,evidência insuficiente,1,1,1.0,1,236.5,,,29.0
latest_available,Preço mais recente,exclude_affected_listings,Sem os três imóveis afetados,preco_por_quarto,Preço anunciado por quarto,não aplicável,canto da praia|casa|3 quartos,Canto da Praia · casa · 3 quartos,Canto da Praia,casa,3,2,233.33333333333334,216.66666666666669,250.0,,,evidência insuficiente,2,1,0.5,2,233.33333333333334,200.0,266.6666666666667,30.0
latest_available,Preço mais recente,exclude_affected_listings,Sem os três imóveis afetados,preco_por_quarto,Preço anunciado por quarto,não aplicável,varzea|casa|3 quartos,Varzea · casa · 3 quartos,Varzea,casa,3,1,233.33333333333334,233.33333333333334,233.33333333333334,,,evidência insuficiente,1,1,1.0,1,233.33333333333334,,,30.0
latest_available,Preço mais recente,exclude_affected_listings,Sem os três imóveis afetados,preco_por_quarto,Preço anunciado por quarto,não aplicável,morretes|apartamento|2 quartos,Morretes · apartamento · 2 quartos,Morretes,apartamento,2,50,230.5,175.0,277.8125,191.25,250.0,principal,40,7,0.14,1,223.1875,211.25,211.25,32.0
latest_available,Preço mais recente,exclude_affected_listings,Sem os três imóveis afetados,preco_por_quarto,Preço anunciado por quarto,não aplicável,alto sao bento|apartamento|1 quarto,Alto Sao Bento · apartamento · 1 quarto,Alto Sao Bento,apartamento,1,2,230.0,205.0,255.0,,,evidência insuficiente,2,1,0.5,2,230.0,180.0,280.0,33.0
latest_available,Preço mais recente,exclude_affected_listings,Sem os três imóveis afetados,preco_por_quarto,Preço anunciado por quarto,não aplicável,meia praia|apartamento|2 quartos,Meia Praia · apartamento · 2 quartos,Meia Praia,apartamento,2,186,225.0,180.0,291.125,202.5,250.0,principal,162,7,0.03763440860215054,1,225.0,225.0,225.0,34.0
latest_available,Preço mais recente,exclude_affected_listings,Sem os três imóveis afetados,preco_por_quarto,Preço anunciado por quarto,não aplicável,centro|casa|3 quartos,Centro · casa · 3 quartos,Centro,casa,3,2,225.0,170.83333333333331,279.16666666666663,,,evidência insuficiente,2,1,0.5,2,225.0,116.66666666666667,333.3333333333333,34.0
latest_available,Preço mais recente,exclude_affected_listings,Sem os três imóveis afetados,preco_por_quarto,Preço anunciado por quarto,não aplicável,meia praia|casa|2 quartos,Meia Praia · casa · 2 quartos,Meia Praia,casa,2,3,223.0,186.25,236.5,,,evidência insuficiente,3,1,0.3333333333333333,3,223.0,186.25,236.5,36.0
latest_available,Preço mais recente,exclude_affected_listings,Sem os três imóveis afetados,preco_por_quarto,Preço anunciado por quarto,não aplicável,meia praia|apartamento|3 quartos,Meia Praia · apartamento · 3 quartos,Meia Praia,apartamento,3,327,218.41666666666666,166.66666666666666,277.5,208.31388875000002,233.33333333333334,principal,275,12,0.03669724770642202,2,216.66666666666666,218.66666666666666,226.66666666666666,37.0
latest_available,Preço mais recente,exclude_affected_listings,Sem os três imóveis afetados,preco_por_quarto,Preço anunciado por quarto,não aplicável,tabuleiro dos oliveiras|apartamento|2 quartos,Tabuleiro dos Oliveiras · apartamento · 2 quartos,Tabuleiro dos Oliveiras,apartamento,2,12,212.5,192.625,290.5,175.0,301.0,exploratório,11,2,0.16666666666666666,1,200.0,199.75,199.75,38.0
latest_available,Preço mais recente,exclude_affected_listings,Sem os três imóveis afetados,preco_por_quarto,Preço anunciado por quarto,não aplicável,morretes|casa|4 quartos,Morretes · casa · 4 quartos,Morretes,casa,4,2,212.5,193.75,231.25,,,evidência insuficiente,2,1,0.5,2,212.5,175.0,250.0,38.0
latest_available,Preço mais recente,exclude_affected_listings,Sem os três imóveis afetados,preco_por_quarto,Preço anunciado por quarto,não aplicável,alto sao bento|casa|12 quartos,Alto Sao Bento · casa · 12 quartos,Alto Sao Bento,casa,12,1,208.33333333333334,208.33333333333334,208.33333333333334,,,evidência insuficiente,1,1,1.0,1,208.33333333333334,,,40.0
latest_available,Preço mais recente,exclude_affected_listings,Sem os três imóveis afetados,preco_por_quarto,Preço anunciado por quarto,não aplicável,morretes|apartamento|3 quartos,Morretes · apartamento · 3 quartos,Morretes,apartamento,3,10,203.69444166666665,171.66666666666666,302.4166666666667,166.625,331.0,exploratório,10,1,0.1,10,203.69444166666665,200.0,207.38888333333333,41.0
latest_available,Preço mais recente,exclude_affected_listings,Sem os três imóveis afetados,preco_por_quarto,Preço anunciado por quarto,não aplicável,leopoldo zarling|casa|1 quarto,Leopoldo Zarling · casa · 1 quarto,Leopoldo Zarling,casa,1,1,200.0,200.0,200.0,,,evidência insuficiente,1,1,1.0,1,200.0,,,42.0
latest_available,Preço mais recente,exclude_affected_listings,Sem os três imóveis afetados,preco_por_quarto,Preço anunciado por quarto,não aplicável,meia praia|casa|4 quartos,Meia Praia · casa · 4 quartos,Meia Praia,casa,4,2,200.0,162.5,237.5,,,evidência insuficiente,2,1,0.5,2,200.0,125.0,275.0,42.0
latest_available,Preço mais recente,exclude_affected_listings,Sem os três imóveis afetados,preco_por_quarto,Preço anunciado por quarto,não aplicável,jardim praiamar|casa|1 quarto,Jardim Praiamar · casa · 1 quarto,Jardim Praiamar,casa,1,1,200.0,200.0,200.0,,,evidência insuficiente,1,1,1.0,1,200.0,,,42.0
latest_available,Preço mais recente,exclude_affected_listings,Sem os três imóveis afetados,preco_por_quarto,Preço anunciado por quarto,não aplicável,tabuleiro dos oliveiras|apartamento|3 quartos,Tabuleiro dos Oliveiras · apartamento · 3 quartos,Tabuleiro dos Oliveiras,apartamento,3,4,199.0,165.0,221.83333333333334,,,evidência insuficiente,4,1,0.25,4,199.0,176.66666666666666,221.33333333333334,45.0
latest_available,Preço mais recente,exclude_affected_listings,Sem os três imóveis afetados,preco_por_quarto,Preço anunciado por quarto,não aplicável,ilhota|casa|3 quartos,Ilhota · casa · 3 quartos,Ilhota,casa,3,2,198.33333333333334,180.83333333333334,215.83333333333334,,,evidência insuficiente,2,1,0.5,2,198.33333333333334,163.33333333333334,233.33333333333334,46.0
latest_available,Preço mais recente,exclude_affected_listings,Sem os três imóveis afetados,preco_por_quarto,Preço anunciado por quarto,não aplicável,meia praia|casa|1 quarto,Meia Praia · casa · 1 quarto,Meia Praia,casa,1,1,195.0,195.0,195.0,,,evidência insuficiente,1,1,1.0,1,195.0,,,47.0
latest_available,Preço mais recente,exclude_affected_listings,Sem os três imóveis afetados,preco_por_quarto,Preço anunciado por quarto,não aplicável,tabuleiro dos oliveiras|casa|7 quartos,Tabuleiro dos Oliveiras · casa · 7 quartos,Tabuleiro dos Oliveiras,casa,7,1,192.85714285714286,192.85714285714286,192.85714285714286,,,evidência insuficiente,1,1,1.0,1,192.85714285714286,,,48.0
latest_available,Preço mais recente,exclude_affected_listings,Sem os três imóveis afetados,preco_por_quarto,Preço anunciado por quarto,não aplicável,centro|apartamento|4 quartos,Centro · apartamento · 4 quartos,Centro,apartamento,4,4,186.25,159.375,215.625,,,evidência insuficiente,4,1,0.25,4,186.25,175.0,197.5,49.0
latest_available,Preço mais recente,exclude_affected_listings,Sem os três imóveis afetados,preco_por_quarto,Preço anunciado por quarto,não aplicável,meia praia|casa|7 quartos,Meia Praia · casa · 7 quartos,Meia Praia,casa,7,1,185.71428571428572,185.71428571428572,185.71428571428572,,,evidência insuficiente,1,1,1.0,1,185.71428571428572,,,50.0
latest_available,Preço mais recente,exclude_affected_listings,Sem os três imóveis afetados,preco_por_quarto,Preço anunciado por quarto,não aplicável,varzea|casa|1 quarto,Varzea · casa · 1 quarto,Varzea,casa,1,3,185.0,167.0,317.5,,,evidência insuficiente,3,1,0.3333333333333333,3,185.0,167.0,317.5,51.0
latest_available,Preço mais recente,exclude_affected_listings,Sem os três imóveis afetados,preco_por_quarto,Preço anunciado por quarto,não aplicável,casa branca|apartamento|2 quartos,Casa Branca · apartamento · 2 quartos,Casa Branca,apartamento,2,11,175.0,148.75,192.5,140.0,200.0,exploratório,10,2,0.18181818181818182,1,175.0,175.0,175.0,52.0
latest_available,Preço mais recente,exclude_affected_listings,Sem os três imóveis afetados,preco_por_quarto,Preço anunciado por quarto,não aplicável,morretes|casa|2 quartos,Morretes · casa · 2 quartos,Morretes,casa,2,9,173.5,150.0,203.0,149.5,400.0,evidência insuficiente,8,2,0.2222222222222222,1,163.5,150.0,150.0,53.0
latest_available,Preço mais recente,exclude_affected_listings,Sem os três imóveis afetados,preco_por_quarto,Preço anunciado por quarto,não aplicável,centro|apartamento|5 quartos,Centro · apartamento · 5 quartos,Centro,apartamento,5,1,170.0,170.0,170.0,,,evidência insuficiente,1,1,1.0,1,170.0,,,54.0
latest_available,Preço mais recente,exclude_affected_listings,Sem os três imóveis afetados,preco_por_quarto,Preço anunciado por quarto,não aplicável,ilhota|apartamento|3 quartos,Ilhota · apartamento · 3 quartos,Ilhota,apartamento,3,1,166.66666666666666,166.66666666666666,166.66666666666666,,,evidência insuficiente,1,1,1.0,1,166.66666666666666,,,55.0
latest_available,Preço mais recente,exclude_affected_listings,Sem os três imóveis afetados,preco_por_quarto,Preço anunciado por quarto,não aplicável,sertaozinho|casa|3 quartos,Sertaozinho · casa · 3 quartos,Sertaozinho,casa,3,1,166.66666666666666,166.66666666666666,166.66666666666666,,,evidência insuficiente,1,1,1.0,1,166.66666666666666,,,55.0
latest_available,Preço mais recente,exclude_affected_listings,Sem os três imóveis afetados,preco_por_quarto,Preço anunciado por quarto,não aplicável,morretes|casa|3 quartos,Morretes · casa · 3 quartos,Morretes,casa,3,1,166.66666666666666,166.66666666666666,166.66666666666666,,,evidência insuficiente,1,1,1.0,1,166.66666666666666,,,55.0
latest_available,Preço mais recente,exclude_affected_listings,Sem os três imóveis afetados,preco_por_quarto,Preço anunciado por quarto,não aplicável,centro|casa|2 quartos,Centro · casa · 2 quartos,Centro,casa,2,2,151.0,138.0,164.0,,,evidência insuficiente,2,1,0.5,2,151.0,125.0,177.0,58.0
latest_available,Preço mais recente,exclude_affected_listings,Sem os três imóveis afetados,preco_por_quarto,Preço anunciado por quarto,não aplicável,meia praia|casa|3 quartos,Meia Praia · casa · 3 quartos,Meia Praia,casa,3,5,150.0,133.33333333333334,200.0,126.66666666666667,216.66666666666666,evidência insuficiente,5,1,0.2,5,150.0,141.66666666666669,175.0,59.0
latest_available,Preço mais recente,exclude_affected_listings,Sem os três imóveis afetados,preco_por_quarto,Preço anunciado por quarto,não aplicável,ilhota|casa|2 quartos,Ilhota · casa · 2 quartos,Ilhota,casa,2,2,140.0,122.5,157.5,,,evidência insuficiente,2,1,0.5,2,140.0,105.0,175.0,60.0
latest_available,Preço mais recente,exclude_affected_listings,Sem os três imóveis afetados,preco_por_quarto,Preço anunciado por quarto,não aplicável,casa branca|apartamento|3 quartos,Casa Branca · apartamento · 3 quartos,Casa Branca,apartamento,3,2,134.33333333333331,118.16666666666666,150.5,,,evidência insuficiente,2,1,0.5,2,134.33333333333331,102.0,166.66666666666666,61.0
latest_available,Preço mais recente,exclude_affected_listings,Sem os três imóveis afetados,preco_por_quarto,Preço anunciado por quarto,não aplicável,canto da praia|apartamento|3 quartos,Canto da Praia · apartamento · 3 quartos,Canto da Praia,apartamento,3,1,102.54166666666667,102.54166666666667,102.54166666666667,,,evidência insuficiente,1,1,1.0,1,102.54166666666667,,,62.0
latest_available,Preço mais recente,exclude_affected_listings,Sem os três imóveis afetados,preco_por_quarto,Preço anunciado por quarto,não aplicável,alto sao bento|apartamento|2 quartos,Alto Sao Bento · apartamento · 2 quartos,Alto Sao Bento,apartamento,2,1,99.5,99.5,99.5,,,evidência insuficiente,1,1,1.0,1,99.5,,,63.0
latest_available,Preço mais recente,exclude_affected_listings,Sem os três imóveis afetados,preco_total,Preço anunciado total,não aplicável,canto da praia|casa|4 quartos,Canto da Praia · casa · 4 quartos,Canto da Praia,casa,4,1,3900.0,3900.0,3900.0,,,evidência insuficiente,1,1,1.0,1,3900.0,,,1.0
latest_available,Preço mais recente,exclude_affected_listings,Sem os três imóveis afetados,preco_total,Preço anunciado total,não aplicável,sertaozinho|casa|6 quartos,Sertaozinho · casa · 6 quartos,Sertaozinho,casa,6,2,2575.625,2113.4375,3037.8125,,,evidência insuficiente,2,1,0.5,2,2575.625,1651.25,3500.0,2.0
latest_available,Preço mais recente,exclude_affected_listings,Sem os três imóveis afetados,preco_total,Preço anunciado total,não aplicável,alto sao bento|casa|12 quartos,Alto Sao Bento · casa · 12 quartos,Alto Sao Bento,casa,12,1,2500.0,2500.0,2500.0,,,evidência insuficiente,1,1,1.0,1,2500.0,,,3.0
latest_available,Preço mais recente,exclude_affected_listings,Sem os três imóveis afetados,preco_total,Preço anunciado total,não aplicável,meia praia|apartamento|5 quartos,Meia Praia · apartamento · 5 quartos,Meia Praia,apartamento,5,5,1897.0,1450.0,2100.0,900.0,2300.0,evidência insuficiente,5,1,0.2,5,1897.0,1673.5,1998.5,4.0
latest_available,Preço mais recente,exclude_affected_listings,Sem os três imóveis afetados,preco_total,Preço anunciado total,não aplicável,tabuleiro dos oliveiras|casa|4 quartos,Tabuleiro dos Oliveiras · casa · 4 quartos,Tabuleiro dos Oliveiras,casa,4,1,1700.0,1700.0,1700.0,,,evidência insuficiente,1,1,1.0,1,1700.0,,,5.0
latest_available,Preço mais recente,exclude_affected_listings,Sem os três imóveis afetados,preco_total,Preço anunciado total,não aplicável,varzea|casa|5 quartos,Varzea · casa · 5 quartos,Varzea,casa,5,1,1500.0,1500.0,1500.0,,,evidência insuficiente,1,1,1.0,1,1500.0,,,6.0
latest_available,Preço mais recente,exclude_affected_listings,Sem os três imóveis afetados,preco_total,Preço anunciado total,não aplicável,centro|casa|4 quartos,Centro · casa · 4 quartos,Centro,casa,4,4,1350.0,975.0,1800.0,,,evidência insuficiente,4,1,0.25,4,1350.0,1000.0,1700.0,7.0
latest_available,Preço mais recente,exclude_affected_listings,Sem os três imóveis afetados,preco_total,Preço anunciado total,não aplicável,tabuleiro dos oliveiras|casa|7 quartos,Tabuleiro dos Oliveiras · casa · 7 quartos,Tabuleiro dos Oliveiras,casa,7,1,1350.0,1350.0,1350.0,,,evidência insuficiente,1,1,1.0,1,1350.0,,,7.0
latest_available,Preço mais recente,exclude_affected_listings,Sem os três imóveis afetados,preco_total,Preço anunciado total,não aplicável,meia praia|casa|7 quartos,Meia Praia · casa · 7 quartos,Meia Praia,casa,7,1,1300.0,1300.0,1300.0,,,evidência insuficiente,1,1,1.0,1,1300.0,,,9.0
latest_available,Preço mais recente,exclude_affected_listings,Sem os três imóveis afetados,preco_total,Preço anunciado total,não aplicável,tabuleiro dos oliveiras|apartamento|4 quartos,Tabuleiro dos Oliveiras · apartamento · 4 quartos,Tabuleiro dos Oliveiras,apartamento,4,1,1100.0,1100.0,1100.0,,,evidência insuficiente,1,1,1.0,1,1100.0,,,10.0
latest_available,Preço mais recente,exclude_affected_listings,Sem os três imóveis afetados,preco_total,Preço anunciado total,não aplicável,meia praia|apartamento|4 quartos,Meia Praia · apartamento · 4 quartos,Meia Praia,apartamento,4,60,1012.5,815.0,1651.75,874.0,1450.0,principal,55,2,0.03333333333333333,5,975.0,937.5,1125.0,11.0
latest_available,Preço mais recente,exclude_affected_listings,Sem os três imóveis afetados,preco_total,Preço anunciado total,não aplicável,morretes|apartamento|4 quartos,Morretes · apartamento · 4 quartos,Morretes,apartamento,4,3,1000.0,795.0,1250.0,,,evidência insuficiente,3,1,0.3333333333333333,3,1000.0,795.0,1250.0,12.0
latest_available,Preço mais recente,exclude_affected_listings,Sem os três imóveis afetados,preco_total,Preço anunciado total,não aplicável,sertao do trombudo|casa|4 quartos,Sertao do Trombudo · casa · 4 quartos,Sertao do Trombudo,casa,4,1,1000.0,1000.0,1000.0,,,evidência insuficiente,1,1,1.0,1,1000.0,,,12.0
latest_available,Preço mais recente,exclude_affected_listings,Sem os três imóveis afetados,preco_total,Preço anunciado total,não aplicável,ilhota|casa|4 quartos,Ilhota · casa · 4 quartos,Ilhota,casa,4,1,946.0,946.0,946.0,,,evidência insuficiente,1,1,1.0,1,946.0,,,14.0
latest_available,Preço mais recente,exclude_affected_listings,Sem os três imóveis afetados,preco_total,Preço anunciado total,não aplicável,morretes|casa|4 quartos,Morretes · casa · 4 quartos,Morretes,casa,4,2,850.0,775.0,925.0,,,evidência insuficiente,2,1,0.5,2,850.0,700.0,1000.0,15.0
latest_available,Preço mais recente,exclude_affected_listings,Sem os três imóveis afetados,preco_total,Preço anunciado total,não aplicável,centro|apartamento|5 quartos,Centro · apartamento · 5 quartos,Centro,apartamento,5,1,850.0,850.0,850.0,,,evidência insuficiente,1,1,1.0,1,850.0,,,15.0
latest_available,Preço mais recente,exclude_affected_listings,Sem os três imóveis afetados,preco_total,Preço anunciado total,não aplicável,meia praia|casa|4 quartos,Meia Praia · casa · 4 quartos,Meia Praia,casa,4,2,800.0,650.0,950.0,,,evidência insuficiente,2,1,0.5,2,800.0,500.0,1100.0,17.0
latest_available,Preço mais recente,exclude_affected_listings,Sem os três imóveis afetados,preco_total,Preço anunciado total,não aplicável,canto da praia|casa|1 quarto,Canto da Praia · casa · 1 quarto,Canto da Praia,casa,1,1,793.0,793.0,793.0,,,evidência insuficiente,1,1,1.0,1,793.0,,,18.0
latest_available,Preço mais recente,exclude_affected_listings,Sem os três imóveis afetados,preco_total,Preço anunciado total,não aplicável,centro|apartamento|3 quartos,Centro · apartamento · 3 quartos,Centro,apartamento,3,45,790.0,523.0,850.0,641.5,842.0,principal,41,4,0.08888888888888889,1,750.0,790.0,790.0,19.0
latest_available,Preço mais recente,exclude_affected_listings,Sem os três imóveis afetados,preco_total,Preço anunciado total,não aplicável,centro|apartamento|4 quartos,Centro · apartamento · 4 quartos,Centro,apartamento,4,4,745.0,637.5,862.5,,,evidência insuficiente,4,1,0.25,4,745.0,700.0,790.0,20.0
latest_available,Preço mais recente,exclude_affected_listings,Sem os três imóveis afetados,preco_total,Preço anunciado total,não aplicável,desconhecido|casa|1 quarto,Desconhecido · casa · 1 quarto,Desconhecido,casa,1,3,709.0,649.5,754.5,,,evidência insuficiente,3,1,0.3333333333333333,3,709.0,649.5,754.5,21.0
latest_available,Preço mais recente,exclude_affected_listings,Sem os três imóveis afetados,preco_total,Preço anunciado total,não aplicável,canto da praia|casa|3 quartos,Canto da Praia · casa · 3 quartos,Canto da Praia,casa,3,2,700.0,650.0,750.0,,,evidência insuficiente,2,1,0.5,2,700.0,600.0,800.0,22.0
latest_available,Preço mais recente,exclude_affected_listings,Sem os três imóveis afetados,preco_total,Preço anunciado total,não aplicável,varzea|casa|3 quartos,Varzea · casa · 3 quartos,Varzea,casa,3,1,700.0,700.0,700.0,,,evidência insuficiente,1,1,1.0,1,700.0,,,22.0
latest_available,Preço mais recente,exclude_affected_listings,Sem os três imóveis afetados,preco_total,Preço anunciado total,não aplicável,centro|casa|3 quartos,Centro · casa · 3 quartos,Centro,casa,3,2,675.0,512.5,837.5,,,evidência insuficiente,2,1,0.5,2,675.0,350.0,1000.0,24.0
latest_available,Preço mais recente,exclude_affected_listings,Sem os três imóveis afetados,preco_total,Preço anunciado total,não aplicável,meia praia|apartamento|3 quartos,Meia Praia · apartamento · 3 quartos,Meia Praia,apartamento,3,327,655.25,500.0,832.5,620.3333,700.0,principal,275,12,0.03669724770642202,2,650.0,656.0,680.0,25.0
latest_available,Preço mais recente,exclude_affected_listings,Sem os três imóveis afetados,preco_total,Preço anunciado total,não aplicável,morretes|apartamento|3 quartos,Morretes · apartamento · 3 quartos,Morretes,apartamento,3,10,611.0833250000001,515.0,907.25,495.0,993.0,exploratório,10,1,0.1,10,611.0833250000001,600.0,622.16665,26.0
latest_available,Preço mais recente,exclude_affected_listings,Sem os três imóveis afetados,preco_total,Preço anunciado total,não aplicável,tabuleiro dos oliveiras|apartamento|3 quartos,Tabuleiro dos Oliveiras · apartamento · 3 quartos,Tabuleiro dos Oliveiras,apartamento,3,4,597.0,495.0,665.5,,,evidência insuficiente,4,1,0.25,4,597.0,530.0,664.0,27.0
latest_available,Preço mais recente,exclude_affected_listings,Sem os três imóveis afetados,preco_total,Preço anunciado total,não aplicável,ilhota|casa|3 quartos,Ilhota · casa · 3 quartos,Ilhota,casa,3,2,595.0,542.5,647.5,,,evidência insuficiente,2,1,0.5,2,595.0,490.0,700.0,28.0
latest_available,Preço mais recente,exclude_affected_listings,Sem os três imóveis afetados,preco_total,Preço anunciado total,não aplicável,ilhota|apartamento|2 quartos,Ilhota · apartamento · 2 quartos,Ilhota,apartamento,2,2,587.5,586.25,588.75,,,evidência insuficiente,2,1,0.5,2,587.5,585.0,590.0,29.0
latest_available,Preço mais recente,exclude_affected_listings,Sem os três imóveis afetados,preco_total,Preço anunciado total,não aplicável,centro|apartamento|2 quartos,Centro · apartamento · 2 quartos,Centro,apartamento,2,65,580.0,370.0,713.0,399.0,678.0,principal,41,20,0.3076923076923077,1,450.0,405.0,405.0,30.0
latest_available,Preço mais recente,exclude_affected_listings,Sem os três imóveis afetados,preco_total,Preço anunciado total,não aplicável,areal|casa|1 quarto,Areal · casa · 1 quarto,Areal,casa,1,1,556.0,556.0,556.0,,,evidência insuficiente,1,1,1.0,1,556.0,,,31.0
latest_available,Preço mais recente,exclude_affected_listings,Sem os três imóveis afetados,preco_total,Preço anunciado total,não aplicável,canto da praia|apartamento|2 quartos,Canto da Praia · apartamento · 2 quartos,Canto da Praia,apartamento,2,4,509.0,494.75,538.375,,,evidência insuficiente,4,1,0.25,4,509.0,500.0,518.0,32.0
latest_available,Preço mais recente,exclude_affected_listings,Sem os três imóveis afetados,preco_total,Preço anunciado total,não aplicável,sertaozinho|casa|2 quartos,Sertaozinho · casa · 2 quartos,Sertaozinho,casa,2,1,500.0,500.0,500.0,,,evidência insuficiente,1,1,1.0,1,500.0,,,33.0
latest_available,Preço mais recente,exclude_affected_listings,Sem os três imóveis afetados,preco_total,Preço anunciado total,não aplicável,ilhota|apartamento|3 quartos,Ilhota · apartamento · 3 quartos,Ilhota,apartamento,3,1,500.0,500.0,500.0,,,evidência insuficiente,1,1,1.0,1,500.0,,,33.0
latest_available,Preço mais recente,exclude_affected_listings,Sem os três imóveis afetados,preco_total,Preço anunciado total,não aplicável,sertaozinho|casa|3 quartos,Sertaozinho · casa · 3 quartos,Sertaozinho,casa,3,1,500.0,500.0,500.0,,,evidência insuficiente,1,1,1.0,1,500.0,,,33.0
latest_available,Preço mais recente,exclude_affected_listings,Sem os três imóveis afetados,preco_total,Preço anunciado total,não aplicável,morretes|casa|3 quartos,Morretes · casa · 3 quartos,Morretes,casa,3,1,500.0,500.0,500.0,,,evidência insuficiente,1,1,1.0,1,500.0,,,33.0
latest_available,Preço mais recente,exclude_affected_listings,Sem os três imóveis afetados,preco_total,Preço anunciado total,não aplicável,meia praia|apartamento|1 quarto,Meia Praia · apartamento · 1 quarto,Meia Praia,apartamento,1,19,480.0,389.0,530.5,378.0,545.0,exploratório,15,3,0.15789473684210525,1,402.0,401.0,401.0,37.0
latest_available,Preço mais recente,exclude_affected_listings,Sem os três imóveis afetados,preco_total,Preço anunciado total,não aplicável,morretes|apartamento|2 quartos,Morretes · apartamento · 2 quartos,Morretes,apartamento,2,50,461.0,350.0,555.625,385.0,500.0,principal,40,7,0.14,1,446.375,422.5,422.5,38.0
latest_available,Preço mais recente,exclude_affected_listings,Sem os três imóveis afetados,preco_total,Preço anunciado total,não aplicável,meia praia|apartamento|2 quartos,Meia Praia · apartamento · 2 quartos,Meia Praia,apartamento,2,186,450.0,360.0,582.25,405.0,500.0,principal,162,7,0.03763440860215054,1,450.0,450.0,450.0,39.0
latest_available,Preço mais recente,exclude_affected_listings,Sem os três imóveis afetados,preco_total,Preço anunciado total,não aplicável,meia praia|casa|3 quartos,Meia Praia · casa · 3 quartos,Meia Praia,casa,3,5,450.0,400.0,600.0,380.0,650.0,evidência insuficiente,5,1,0.2,5,450.0,425.0,525.0,39.0
latest_available,Preço mais recente,exclude_affected_listings,Sem os três imóveis afetados,preco_total,Preço anunciado total,não aplicável,meia praia|casa|2 quartos,Meia Praia · casa · 2 quartos,Meia Praia,casa,2,3,446.0,372.5,473.0,,,evidência insuficiente,3,1,0.3333333333333333,3,446.0,372.5,473.0,41.0
latest_available,Preço mais recente,exclude_affected_listings,Sem os três imóveis afetados,preco_total,Preço anunciado total,não aplicável,centro|apartamento|1 quarto,Centro · apartamento · 1 quarto,Centro,apartamento,1,78,445.0,376.25,523.999975,390.0,499.0,principal,20,54,0.6923076923076923,1,445.0,450.0,450.0,42.0
latest_available,Preço mais recente,exclude_affected_listings,Sem os três imóveis afetados,preco_total,Preço anunciado total,não aplicável,meia praia|apartamento|0 quartos,Meia Praia · apartamento · 0 quartos,Meia Praia,apartamento,0,8,435.0,325.6,542.5,310.0,550.0,evidência insuficiente,8,1,0.125,8,435.0,380.0,490.0,43.0
latest_available,Preço mais recente,exclude_affected_listings,Sem os três imóveis afetados,preco_total,Preço anunciado total,não aplicável,tabuleiro dos oliveiras|apartamento|2 quartos,Tabuleiro dos Oliveiras · apartamento · 2 quartos,Tabuleiro dos Oliveiras,apartamento,2,12,425.0,385.25,581.0,350.0,560.0,exploratório,11,2,0.16666666666666666,1,400.0,399.5,399.5,44.0
latest_available,Preço mais recente,exclude_affected_listings,Sem os três imóveis afetados,preco_total,Preço anunciado total,não aplicável,morretes|apartamento|1 quarto,Morretes · apartamento · 1 quarto,Morretes,apartamento,1,4,415.0,306.25,491.25,,,evidência insuficiente,4,1,0.25,4,415.0,350.0,480.0,45.0
latest_available,Preço mais recente,exclude_affected_listings,Sem os três imóveis afetados,preco_total,Preço anunciado total,não aplicável,casa branca|apartamento|3 quartos,Casa Branca · apartamento · 3 quartos,Casa Branca,apartamento,3,2,403.0,354.5,451.5,,,evidência insuficiente,2,1,0.5,2,403.0,306.0,500.0,46.0
latest_available,Preço mais recente,exclude_affected_listings,Sem os três imóveis afetados,preco_total,Preço anunciado total,não aplicável,alto sao bento|casa|1 quarto,Alto Sao Bento · casa · 1 quarto,Alto Sao Bento,casa,1,1,400.0,400.0,400.0,,,evidência insuficiente,1,1,1.0,1,400.0,,,47.0
latest_available,Preço mais recente,exclude_affected_listings,Sem os três imóveis afetados,preco_total,Preço anunciado total,não aplicável,sertao do trombudo|casa|1 quarto,Sertao do Trombudo · casa · 1 quarto,Sertao do Trombudo,casa,1,2,380.0,375.0,385.0,,,evidência insuficiente,1,2,1.0,1,380.0,,,48.0
latest_available,Preço mais recente,exclude_affected_listings,Sem os três imóveis afetados,preco_total,Preço anunciado total,não aplicável,casa branca|apartamento|2 quartos,Casa Branca · apartamento · 2 quartos,Casa Branca,apartamento,2,11,350.0,297.5,385.0,280.0,400.0,exploratório,10,2,0.18181818181818182,1,350.0,350.0,350.0,49.0
latest_available,Preço mais recente,exclude_affected_listings,Sem os três imóveis afetados,preco_total,Preço anunciado total,não aplicável,morretes|casa|2 quartos,Morretes · casa · 2 quartos,Morretes,casa,2,9,347.0,300.0,406.0,299.5,705.4249999999978,evidência insuficiente,8,2,0.2222222222222222,1,327.0,300.0,300.0,50.0
latest_available,Preço mais recente,exclude_affected_listings,Sem os três imóveis afetados,preco_total,Preço anunciado total,não aplicável,ilhota|apartamento|1 quarto,Ilhota · apartamento · 1 quarto,Ilhota,apartamento,1,2,345.5,343.25,347.75,,,evidência insuficiente,1,2,1.0,1,345.5,,,51.0
latest_available,Preço mais recente,exclude_affected_listings,Sem os três imóveis afetados,preco_total,Preço anunciado total,não aplicável,canto da praia|apartamento|3 quartos,Canto da Praia · apartamento · 3 quartos,Canto da Praia,apartamento,3,1,307.625,307.625,307.625,,,evidência insuficiente,1,1,1.0,1,307.625,,,52.0
latest_available,Preço mais recente,exclude_affected_listings,Sem os três imóveis afetados,preco_total,Preço anunciado total,não aplicável,centro|casa|2 quartos,Centro · casa · 2 quartos,Centro,casa,2,2,302.0,276.0,328.0,,,evidência insuficiente,2,1,0.5,2,302.0,250.0,354.0,53.0
latest_available,Preço mais recente,exclude_affected_listings,Sem os três imóveis afetados,preco_total,Preço anunciado total,não aplicável,centro|casa|1 quarto,Centro · casa · 1 quarto,Centro,casa,1,1,283.0,283.0,283.0,,,evidência insuficiente,1,1,1.0,1,283.0,,,54.0
latest_available,Preço mais recente,exclude_affected_listings,Sem os três imóveis afetados,preco_total,Preço anunciado total,não aplicável,morretes|casa|1 quarto,Morretes · casa · 1 quarto,Morretes,casa,1,2,282.0,237.5,326.5,,,evidência insuficiente,2,1,0.5,2,282.0,193.0,371.0,55.0
latest_available,Preço mais recente,exclude_affected_listings,Sem os três imóveis afetados,preco_total,Preço anunciado total,não aplicável,ilhota|casa|2 quartos,Ilhota · casa · 2 quartos,Ilhota,casa,2,2,280.0,245.0,315.0,,,evidência insuficiente,2,1,0.5,2,280.0,210.0,350.0,56.0
latest_available,Preço mais recente,exclude_affected_listings,Sem os três imóveis afetados,preco_total,Preço anunciado total,não aplicável,sertaozinho|casa|1 quarto,Sertaozinho · casa · 1 quarto,Sertaozinho,casa,1,2,274.5,227.25,321.75,,,evidência insuficiente,2,1,0.5,2,274.5,180.0,369.0,57.0
latest_available,Preço mais recente,exclude_affected_listings,Sem os três imóveis afetados,preco_total,Preço anunciado total,não aplicável,casa branca|casa|1 quarto,Casa Branca · casa · 1 quarto,Casa Branca,casa,1,2,274.5,261.75,287.25,,,evidência insuficiente,2,1,0.5,2,274.5,249.0,300.0,57.0
latest_available,Preço mais recente,exclude_affected_listings,Sem os três imóveis afetados,preco_total,Preço anunciado total,não aplicável,alto sao bento|apartamento|1 quarto,Alto Sao Bento · apartamento · 1 quarto,Alto Sao Bento,apartamento,1,2,230.0,205.0,255.0,,,evidência insuficiente,2,1,0.5,2,230.0,180.0,280.0,59.0
latest_available,Preço mais recente,exclude_affected_listings,Sem os três imóveis afetados,preco_total,Preço anunciado total,não aplicável,leopoldo zarling|casa|1 quarto,Leopoldo Zarling · casa · 1 quarto,Leopoldo Zarling,casa,1,1,200.0,200.0,200.0,,,evidência insuficiente,1,1,1.0,1,200.0,,,60.0
latest_available,Preço mais recente,exclude_affected_listings,Sem os três imóveis afetados,preco_total,Preço anunciado total,não aplicável,jardim praiamar|casa|1 quarto,Jardim Praiamar · casa · 1 quarto,Jardim Praiamar,casa,1,1,200.0,200.0,200.0,,,evidência insuficiente,1,1,1.0,1,200.0,,,60.0
latest_available,Preço mais recente,exclude_affected_listings,Sem os três imóveis afetados,preco_total,Preço anunciado total,não aplicável,alto sao bento|apartamento|2 quartos,Alto Sao Bento · apartamento · 2 quartos,Alto Sao Bento,apartamento,2,1,199.0,199.0,199.0,,,evidência insuficiente,1,1,1.0,1,199.0,,,62.0
latest_available,Preço mais recente,exclude_affected_listings,Sem os três imóveis afetados,preco_total,Preço anunciado total,não aplicável,meia praia|casa|1 quarto,Meia Praia · casa · 1 quarto,Meia Praia,casa,1,1,195.0,195.0,195.0,,,evidência insuficiente,1,1,1.0,1,195.0,,,63.0
latest_available,Preço mais recente,exclude_affected_listings,Sem os três imóveis afetados,preco_total,Preço anunciado total,não aplicável,varzea|casa|1 quarto,Varzea · casa · 1 quarto,Varzea,casa,1,3,185.0,167.0,317.5,,,evidência insuficiente,3,1,0.3333333333333333,3,185.0,167.0,317.5,64.0
latest_available,Preço mais recente,exclude_suspicious_prices,Sem preços ≥ 10 mil,preco_por_hospede,Preço anunciado por hóspede comportado,todas as capacidades positivas,canto da praia|casa|4 quartos,Canto da Praia · casa · 4 quartos,Canto da Praia,casa,4,1,487.5,487.5,487.5,,,evidência insuficiente,1,1,1.0,1,487.5,,,1.0
latest_available,Preço mais recente,exclude_suspicious_prices,Sem preços ≥ 10 mil,preco_por_hospede,Preço anunciado por hóspede comportado,sem capacidades positivas suspeitas,canto da praia|casa|4 quartos,Canto da Praia · casa · 4 quartos,Canto da Praia,casa,4,1,487.5,487.5,487.5,,,evidência insuficiente,1,1,1.0,1,487.5,,,1.0
latest_available,Preço mais recente,exclude_suspicious_prices,Sem preços ≥ 10 mil,preco_por_hospede,Preço anunciado por hóspede comportado,todas as capacidades positivas,desconhecido|casa|1 quarto,Desconhecido · casa · 1 quarto,Desconhecido,casa,1,3,295.0,247.5,324.75,,,evidência insuficiente,3,1,0.3333333333333333,3,295.0,247.5,324.75,2.0
latest_available,Preço mais recente,exclude_suspicious_prices,Sem preços ≥ 10 mil,preco_por_hospede,Preço anunciado por hóspede comportado,sem capacidades positivas suspeitas,desconhecido|casa|1 quarto,Desconhecido · casa · 1 quarto,Desconhecido,casa,1,3,295.0,247.5,324.75,,,evidência insuficiente,3,1,0.3333333333333333,3,295.0,247.5,324.75,2.0
latest_available,Preço mais recente,exclude_suspicious_prices,Sem preços ≥ 10 mil,preco_por_hospede,Preço anunciado por hóspede comportado,todas as capacidades positivas,areal|casa|1 quarto,Areal · casa · 1 quarto,Areal,casa,1,1,278.0,278.0,278.0,,,evidência insuficiente,1,1,1.0,1,278.0,,,3.0
latest_available,Preço mais recente,exclude_suspicious_prices,Sem preços ≥ 10 mil,preco_por_hospede,Preço anunciado por hóspede comportado,sem capacidades positivas suspeitas,areal|casa|1 quarto,Areal · casa · 1 quarto,Areal,casa,1,1,278.0,278.0,278.0,,,evidência insuficiente,1,1,1.0,1,278.0,,,3.0
latest_available,Preço mais recente,exclude_suspicious_prices,Sem preços ≥ 10 mil,preco_por_hospede,Preço anunciado por hóspede comportado,todas as capacidades positivas,alto sao bento|casa|1 quarto,Alto Sao Bento · casa · 1 quarto,Alto Sao Bento,casa,1,1,200.0,200.0,200.0,,,evidência insuficiente,1,1,1.0,1,200.0,,,4.0
latest_available,Preço mais recente,exclude_suspicious_prices,Sem preços ≥ 10 mil,preco_por_hospede,Preço anunciado por hóspede comportado,sem capacidades positivas suspeitas,alto sao bento|casa|1 quarto,Alto Sao Bento · casa · 1 quarto,Alto Sao Bento,casa,1,1,200.0,200.0,200.0,,,evidência insuficiente,1,1,1.0,1,200.0,,,4.0
latest_available,Preço mais recente,exclude_suspicious_prices,Sem preços ≥ 10 mil,preco_por_hospede,Preço anunciado por hóspede comportado,todas as capacidades positivas,sertao do trombudo|casa|1 quarto,Sertao do Trombudo · casa · 1 quarto,Sertao do Trombudo,casa,1,2,190.0,187.5,192.5,,,evidência insuficiente,1,2,1.0,1,190.0,,,5.0
latest_available,Preço mais recente,exclude_suspicious_prices,Sem preços ≥ 10 mil,preco_por_hospede,Preço anunciado por hóspede comportado,sem capacidades positivas suspeitas,sertao do trombudo|casa|1 quarto,Sertao do Trombudo · casa · 1 quarto,Sertao do Trombudo,casa,1,2,190.0,187.5,192.5,,,evidência insuficiente,1,2,1.0,1,190.0,,,5.0
latest_available,Preço mais recente,exclude_suspicious_prices,Sem preços ≥ 10 mil,preco_por_hospede,Preço anunciado por hóspede comportado,todas as capacidades positivas,sertaozinho|casa|6 quartos,Sertaozinho · casa · 6 quartos,Sertaozinho,casa,6,2,160.9765625,132.08984375,189.86328125,,,evidência insuficiente,2,1,0.5,2,160.9765625,103.203125,218.75,6.0
latest_available,Preço mais recente,exclude_suspicious_prices,Sem preços ≥ 10 mil,preco_por_hospede,Preço anunciado por hóspede comportado,sem capacidades positivas suspeitas,sertaozinho|casa|6 quartos,Sertaozinho · casa · 6 quartos,Sertaozinho,casa,6,2,160.9765625,132.08984375,189.86328125,,,evidência insuficiente,2,1,0.5,2,160.9765625,103.203125,218.75,6.0
latest_available,Preço mais recente,exclude_suspicious_prices,Sem preços ≥ 10 mil,preco_por_hospede,Preço anunciado por hóspede comportado,todas as capacidades positivas,canto da praia|casa|1 quarto,Canto da Praia · casa · 1 quarto,Canto da Praia,casa,1,1,158.6,158.6,158.6,,,evidência insuficiente,1,1,1.0,1,158.6,,,7.0
latest_available,Preço mais recente,exclude_suspicious_prices,Sem preços ≥ 10 mil,preco_por_hospede,Preço anunciado por hóspede comportado,sem capacidades positivas suspeitas,canto da praia|casa|1 quarto,Canto da Praia · casa · 1 quarto,Canto da Praia,casa,1,1,158.6,158.6,158.6,,,evidência insuficiente,1,1,1.0,1,158.6,,,7.0
latest_available,Preço mais recente,exclude_suspicious_prices,Sem preços ≥ 10 mil,preco_por_hospede,Preço anunciado por hóspede comportado,todas as capacidades positivas,alto sao bento|casa|12 quartos,Alto Sao Bento · casa · 12 quartos,Alto Sao Bento,casa,12,1,156.25,156.25,156.25,,,evidência insuficiente,1,1,1.0,1,156.25,,,8.0
latest_available,Preço mais recente,exclude_suspicious_prices,Sem preços ≥ 10 mil,preco_por_hospede,Preço anunciado por hóspede comportado,sem capacidades positivas suspeitas,alto sao bento|casa|12 quartos,Alto Sao Bento · casa · 12 quartos,Alto Sao Bento,casa,12,1,156.25,156.25,156.25,,,evidência insuficiente,1,1,1.0,1,156.25,,,8.0
latest_available,Preço mais recente,exclude_suspicious_prices,Sem preços ≥ 10 mil,preco_por_hospede,Preço anunciado por hóspede comportado,todas as capacidades positivas,tabuleiro dos oliveiras|casa|4 quartos,Tabuleiro dos Oliveiras · casa · 4 quartos,Tabuleiro dos Oliveiras,casa,4,1,141.66666666666666,141.66666666666666,141.66666666666666,,,evidência insuficiente,1,1,1.0,1,141.66666666666666,,,9.0
latest_available,Preço mais recente,exclude_suspicious_prices,Sem preços ≥ 10 mil,preco_por_hospede,Preço anunciado por hóspede comportado,sem capacidades positivas suspeitas,tabuleiro dos oliveiras|casa|4 quartos,Tabuleiro dos Oliveiras · casa · 4 quartos,Tabuleiro dos Oliveiras,casa,4,1,141.66666666666666,141.66666666666666,141.66666666666666,,,evidência insuficiente,1,1,1.0,1,141.66666666666666,,,9.0
latest_available,Preço mais recente,exclude_suspicious_prices,Sem preços ≥ 10 mil,preco_por_hospede,Preço anunciado por hóspede comportado,todas as capacidades positivas,morretes|casa|1 quarto,Morretes · casa · 1 quarto,Morretes,casa,1,2,141.0,118.75,163.25,,,evidência insuficiente,2,1,0.5,2,141.0,96.5,185.5,10.0
latest_available,Preço mais recente,exclude_suspicious_prices,Sem preços ≥ 10 mil,preco_por_hospede,Preço anunciado por hóspede comportado,sem capacidades positivas suspeitas,morretes|casa|1 quarto,Morretes · casa · 1 quarto,Morretes,casa,1,2,141.0,118.75,163.25,,,evidência insuficiente,2,1,0.5,2,141.0,96.5,185.5,10.0
latest_available,Preço mais recente,exclude_suspicious_prices,Sem preços ≥ 10 mil,preco_por_hospede,Preço anunciado por hóspede comportado,todas as capacidades positivas,centro|apartamento|1 quarto,Centro · apartamento · 1 quarto,Centro,apartamento,1,78,138.0,123.75,188.25,107.66666666666667,150.0,principal,20,54,0.6923076923076923,1,124.7875,112.5,112.5,11.0
latest_available,Preço mais recente,exclude_suspicious_prices,Sem preços ≥ 10 mil,preco_por_hospede,Preço anunciado por hóspede comportado,sem capacidades positivas suspeitas,centro|apartamento|1 quarto,Centro · apartamento · 1 quarto,Centro,apartamento,1,78,138.0,123.75,188.25,107.66666666666667,147.25,principal,20,54,0.6923076923076923,1,124.7875,112.5,112.5,11.0
latest_available,Preço mais recente,exclude_suspicious_prices,Sem preços ≥ 10 mil,preco_por_hospede,Preço anunciado por hóspede comportado,todas as capacidades positivas,sertaozinho|casa|1 quarto,Sertaozinho · casa · 1 quarto,Sertaozinho,casa,1,2,137.25,113.625,160.875,,,evidência insuficiente,2,1,0.5,2,137.25,90.0,184.5,12.0
latest_available,Preço mais recente,exclude_suspicious_prices,Sem preços ≥ 10 mil,preco_por_hospede,Preço anunciado por hóspede comportado,todas as capacidades positivas,casa branca|casa|1 quarto,Casa Branca · casa · 1 quarto,Casa Branca,casa,1,2,137.25,130.875,143.625,,,evidência insuficiente,2,1,0.5,2,137.25,124.5,150.0,12.0
latest_available,Preço mais recente,exclude_suspicious_prices,Sem preços ≥ 10 mil,preco_por_hospede,Preço anunciado por hóspede comportado,sem capacidades positivas suspeitas,sertaozinho|casa|1 quarto,Sertaozinho · casa · 1 quarto,Sertaozinho,casa,1,2,137.25,113.625,160.875,,,evidência insuficiente,2,1,0.5,2,137.25,90.0,184.5,12.0
latest_available,Preço mais recente,exclude_suspicious_prices,Sem preços ≥ 10 mil,preco_por_hospede,Preço anunciado por hóspede comportado,sem capacidades positivas suspeitas,casa branca|casa|1 quarto,Casa Branca · casa · 1 quarto,Casa Branca,casa,1,2,137.25,130.875,143.625,,,evidência insuficiente,2,1,0.5,2,137.25,124.5,150.0,12.0
latest_available,Preço mais recente,exclude_suspicious_prices,Sem preços ≥ 10 mil,preco_por_hospede,Preço anunciado por hóspede comportado,todas as capacidades positivas,ilhota|apartamento|2 quartos,Ilhota · apartamento · 2 quartos,Ilhota,apartamento,2,2,132.25,124.625,139.875,,,evidência insuficiente,2,1,0.5,2,132.25,117.0,147.5,14.0
latest_available,Preço mais recente,exclude_suspicious_prices,Sem preços ≥ 10 mil,preco_por_hospede,Preço anunciado por hóspede comportado,sem capacidades positivas suspeitas,ilhota|apartamento|2 quartos,Ilhota · apartamento · 2 quartos,Ilhota,apartamento,2,2,132.25,124.625,139.875,,,evidência insuficiente,2,1,0.5,2,132.25,117.0,147.5,14.0
latest_available,Preço mais recente,exclude_suspicious_prices,Sem preços ≥ 10 mil,preco_por_hospede,Preço anunciado por hóspede comportado,todas as capacidades positivas,meia praia|apartamento|5 quartos,Meia Praia · apartamento · 5 quartos,Meia Praia,apartamento,5,5,131.25,118.5625,145.0,64.28571428571429,153.33333333333334,evidência insuficiente,5,1,0.2,5,131.25,124.90625,138.125,15.0
latest_available,Preço mais recente,exclude_suspicious_prices,Sem preços ≥ 10 mil,preco_por_hospede,Preço anunciado por hóspede comportado,sem capacidades positivas suspeitas,meia praia|apartamento|5 quartos,Meia Praia · apartamento · 5 quartos,Meia Praia,apartamento,5,5,131.25,118.5625,145.0,64.28571428571429,153.33333333333334,evidência insuficiente,5,1,0.2,5,131.25,124.90625,138.125,15.0
latest_available,Preço mais recente,exclude_suspicious_prices,Sem preços ≥ 10 mil,preco_por_hospede,Preço anunciado por hóspede comportado,todas as capacidades positivas,meia praia|apartamento|1 quarto,Meia Praia · apartamento · 1 quarto,Meia Praia,apartamento,1,20,122.5,97.5,154.125,95.0,189.0,exploratório,16,3,0.15,1,116.25,110.0,110.0,16.0
latest_available,Preço mais recente,exclude_suspicious_prices,Sem preços ≥ 10 mil,preco_por_hospede,Preço anunciado por hóspede comportado,sem capacidades positivas suspeitas,meia praia|apartamento|1 quarto,Meia Praia · apartamento · 1 quarto,Meia Praia,apartamento,1,20,122.5,97.5,154.125,95.24375,166.16874999999962,exploratório,16,3,0.15,1,116.25,110.0,110.0,16.0
latest_available,Preço mais recente,exclude_suspicious_prices,Sem preços ≥ 10 mil,preco_por_hospede,Preço anunciado por hóspede comportado,todas as capacidades positivas,morretes|apartamento|1 quarto,Morretes · apartamento · 1 quarto,Morretes,apartamento,1,4,118.33333333333334,96.25,122.8125,,,evidência insuficiente,4,1,0.25,4,118.33333333333334,116.66666666666667,120.0,17.0
latest_available,Preço mais recente,exclude_suspicious_prices,Sem preços ≥ 10 mil,preco_por_hospede,Preço anunciado por hóspede comportado,sem capacidades positivas suspeitas,morretes|apartamento|1 quarto,Morretes · apartamento · 1 quarto,Morretes,apartamento,1,4,118.33333333333334,96.25,122.8125,,,evidência insuficiente,4,1,0.25,4,118.33333333333334,116.66666666666667,120.0,17.0
latest_available,Preço mais recente,exclude_suspicious_prices,Sem preços ≥ 10 mil,preco_por_hospede,Preço anunciado por hóspede comportado,todas as capacidades positivas,centro|casa|4 quartos,Centro · casa · 4 quartos,Centro,casa,4,4,116.28787878787878,88.63636363636363,150.0,,,evidência insuficiente,4,1,0.25,4,116.28787878787878,90.9090909090909,141.66666666666666,18.0
latest_available,Preço mais recente,exclude_suspicious_prices,Sem preços ≥ 10 mil,preco_por_hospede,Preço anunciado por hóspede comportado,sem capacidades positivas suspeitas,centro|casa|4 quartos,Centro · casa · 4 quartos,Centro,casa,4,4,116.28787878787878,88.63636363636363,150.0,,,evidência insuficiente,4,1,0.25,4,116.28787878787878,90.9090909090909,141.66666666666666,18.0
latest_available,Preço mais recente,exclude_suspicious_prices,Sem preços ≥ 10 mil,preco_por_hospede,Preço anunciado por hóspede comportado,todas as capacidades positivas,canto da praia|apartamento|2 quartos,Canto da Praia · apartamento · 2 quartos,Canto da Praia,apartamento,2,4,111.675,102.67916666666666,121.0625,,,evidência insuficiente,4,1,0.25,4,111.675,103.6,119.75,19.0
latest_available,Preço mais recente,exclude_suspicious_prices,Sem preços ≥ 10 mil,preco_por_hospede,Preço anunciado por hóspede comportado,sem capacidades positivas suspeitas,canto da praia|apartamento|2 quartos,Canto da Praia · apartamento · 2 quartos,Canto da Praia,apartamento,2,4,111.675,102.67916666666666,121.0625,,,evidência insuficiente,4,1,0.25,4,111.675,103.6,119.75,19.0
latest_available,Preço mais recente,exclude_suspicious_prices,Sem preços ≥ 10 mil,preco_por_hospede,Preço anunciado por hóspede comportado,todas as capacidades positivas,tabuleiro dos oliveiras|apartamento|4 quartos,Tabuleiro dos Oliveiras · apartamento · 4 quartos,Tabuleiro dos Oliveiras,apartamento,4,1,110.0,110.0,110.0,,,evidência insuficiente,1,1,1.0,1,110.0,,,20.0
latest_available,Preço mais recente,exclude_suspicious_prices,Sem preços ≥ 10 mil,preco_por_hospede,Preço anunciado por hóspede comportado,sem capacidades positivas suspeitas,tabuleiro dos oliveiras|apartamento|4 quartos,Tabuleiro dos Oliveiras · apartamento · 4 quartos,Tabuleiro dos Oliveiras,apartamento,4,1,110.0,110.0,110.0,,,evidência insuficiente,1,1,1.0,1,110.0,,,20.0
latest_available,Preço mais recente,exclude_suspicious_prices,Sem preços ≥ 10 mil,preco_por_hospede,Preço anunciado por hóspede comportado,todas as capacidades positivas,meia praia|apartamento|4 quartos,Meia Praia · apartamento · 4 quartos,Meia Praia,apartamento,4,60,106.25,78.03819444444444,152.25,92.3076923076923,136.36363636363637,principal,55,2,0.03333333333333333,5,106.25,106.21875,107.75,21.0
latest_available,Preço mais recente,exclude_suspicious_prices,Sem preços ≥ 10 mil,preco_por_hospede,Preço anunciado por hóspede comportado,sem capacidades positivas suspeitas,meia praia|apartamento|4 quartos,Meia Praia · apartamento · 4 quartos,Meia Praia,apartamento,4,60,106.25,78.03819444444444,152.25,93.37606837606837,135.0151515151515,principal,55,2,0.03333333333333333,5,106.25,106.21875,107.75,21.0
latest_available,Preço mais recente,exclude_suspicious_prices,Sem preços ≥ 10 mil,preco_por_hospede,Preço anunciado por hóspede comportado,todas as capacidades positivas,centro|apartamento|3 quartos,Centro · apartamento · 3 quartos,Centro,apartamento,3,45,105.46875,83.0,125.0,100.0,112.375,principal,41,4,0.08888888888888889,1,104.75,104.75,104.75,22.0
latest_available,Preço mais recente,exclude_suspicious_prices,Sem preços ≥ 10 mil,preco_por_hospede,Preço anunciado por hóspede comportado,sem capacidades positivas suspeitas,centro|apartamento|3 quartos,Centro · apartamento · 3 quartos,Centro,apartamento,3,45,105.46875,83.0,125.0,92.83333333333333,112.375,principal,41,4,0.08888888888888889,1,104.75,104.75,104.75,22.0
latest_available,Preço mais recente,exclude_suspicious_prices,Sem preços ≥ 10 mil,preco_por_hospede,Preço anunciado por hóspede comportado,todas as capacidades positivas,tabuleiro dos oliveiras|casa|7 quartos,Tabuleiro dos Oliveiras · casa · 7 quartos,Tabuleiro dos Oliveiras,casa,7,1,103.84615384615384,103.84615384615384,103.84615384615384,,,evidência insuficiente,1,1,1.0,1,103.84615384615384,,,23.0
latest_available,Preço mais recente,exclude_suspicious_prices,Sem preços ≥ 10 mil,preco_por_hospede,Preço anunciado por hóspede comportado,sem capacidades positivas suspeitas,tabuleiro dos oliveiras|casa|7 quartos,Tabuleiro dos Oliveiras · casa · 7 quartos,Tabuleiro dos Oliveiras,casa,7,1,103.84615384615384,103.84615384615384,103.84615384615384,,,evidência insuficiente,1,1,1.0,1,103.84615384615384,,,23.0
latest_available,Preço mais recente,exclude_suspicious_prices,Sem preços ≥ 10 mil,preco_por_hospede,Preço anunciado por hóspede comportado,todas as capacidades positivas,leopoldo zarling|casa|1 quarto,Leopoldo Zarling · casa · 1 quarto,Leopoldo Zarling,casa,1,1,100.0,100.0,100.0,,,evidência insuficiente,1,1,1.0,1,100.0,,,24.0
latest_available,Preço mais recente,exclude_suspicious_prices,Sem preços ≥ 10 mil,preco_por_hospede,Preço anunciado por hóspede comportado,todas as capacidades positivas,centro|apartamento|2 quartos,Centro · apartamento · 2 quartos,Centro,apartamento,2,65,100.0,68.0,141.42857142857142,68.0,116.54166666666667,principal,41,20,0.3076923076923077,1,80.25,78.75926111111112,78.75926111111112,24.0
latest_available,Preço mais recente,exclude_suspicious_prices,Sem preços ≥ 10 mil,preco_por_hospede,Preço anunciado por hóspede comportado,todas as capacidades positivas,varzea|casa|5 quartos,Varzea · casa · 5 quartos,Varzea,casa,5,1,100.0,100.0,100.0,,,evidência insuficiente,1,1,1.0,1,100.0,,,24.0
latest_available,Preço mais recente,exclude_suspicious_prices,Sem preços ≥ 10 mil,preco_por_hospede,Preço anunciado por hóspede comportado,todas as capacidades positivas,canto da praia|casa|3 quartos,Canto da Praia · casa · 3 quartos,Canto da Praia,casa,3,2,100.0,100.0,100.0,,,evidência insuficiente,2,1,0.5,2,100.0,100.0,100.0,24.0
latest_available,Preço mais recente,exclude_suspicious_prices,Sem preços ≥ 10 mil,preco_por_hospede,Preço anunciado por hóspede comportado,todas as capacidades positivas,sertaozinho|casa|2 quartos,Sertaozinho · casa · 2 quartos,Sertaozinho,casa,2,1,100.0,100.0,100.0,,,evidência insuficiente,1,1,1.0,1,100.0,,,24.0
latest_available,Preço mais recente,exclude_suspicious_prices,Sem preços ≥ 10 mil,preco_por_hospede,Preço anunciado por hóspede comportado,todas as capacidades positivas,varzea|casa|3 quartos,Varzea · casa · 3 quartos,Varzea,casa,3,1,100.0,100.0,100.0,,,evidência insuficiente,1,1,1.0,1,100.0,,,24.0
latest_available,Preço mais recente,exclude_suspicious_prices,Sem preços ≥ 10 mil,preco_por_hospede,Preço anunciado por hóspede comportado,sem capacidades positivas suspeitas,leopoldo zarling|casa|1 quarto,Leopoldo Zarling · casa · 1 quarto,Leopoldo Zarling,casa,1,1,100.0,100.0,100.0,,,evidência insuficiente,1,1,1.0,1,100.0,,,24.0
latest_available,Preço mais recente,exclude_suspicious_prices,Sem preços ≥ 10 mil,preco_por_hospede,Preço anunciado por hóspede comportado,sem capacidades positivas suspeitas,centro|apartamento|2 quartos,Centro · apartamento · 2 quartos,Centro,apartamento,2,65,100.0,68.0,141.42857142857142,69.95,116.52135416666667,principal,41,20,0.3076923076923077,1,80.25,78.75926111111112,78.75926111111112,24.0
latest_available,Preço mais recente,exclude_suspicious_prices,Sem preços ≥ 10 mil,preco_por_hospede,Preço anunciado por hóspede comportado,sem capacidades positivas suspeitas,varzea|casa|5 quartos,Varzea · casa · 5 quartos,Varzea,casa,5,1,100.0,100.0,100.0,,,evidência insuficiente,1,1,1.0,1,100.0,,,24.0
latest_available,Preço mais recente,exclude_suspicious_prices,Sem preços ≥ 10 mil,preco_por_hospede,Preço anunciado por hóspede comportado,sem capacidades positivas suspeitas,canto da praia|casa|3 quartos,Canto da Praia · casa · 3 quartos,Canto da Praia,casa,3,2,100.0,100.0,100.0,,,evidência insuficiente,2,1,0.5,2,100.0,100.0,100.0,24.0
latest_available,Preço mais recente,exclude_suspicious_prices,Sem preços ≥ 10 mil,preco_por_hospede,Preço anunciado por hóspede comportado,sem capacidades positivas suspeitas,sertaozinho|casa|2 quartos,Sertaozinho · casa · 2 quartos,Sertaozinho,casa,2,1,100.0,100.0,100.0,,,evidência insuficiente,1,1,1.0,1,100.0,,,24.0
latest_available,Preço mais recente,exclude_suspicious_prices,Sem preços ≥ 10 mil,preco_por_hospede,Preço anunciado por hóspede comportado,sem capacidades positivas suspeitas,varzea|casa|3 quartos,Varzea · casa · 3 quartos,Varzea,casa,3,1,100.0,100.0,100.0,,,evidência insuficiente,1,1,1.0,1,100.0,,,24.0
latest_available,Preço mais recente,exclude_suspicious_prices,Sem preços ≥ 10 mil,preco_por_hospede,Preço anunciado por hóspede comportado,todas as capacidades positivas,tabuleiro dos oliveiras|apartamento|3 quartos,Tabuleiro dos Oliveiras · apartamento · 3 quartos,Tabuleiro dos Oliveiras,apartamento,3,4,99.5,82.5,116.5,,,evidência insuficiente,4,1,0.25,4,99.5,88.33333333333333,110.66666666666667,30.0
latest_available,Preço mais recente,exclude_suspicious_prices,Sem preços ≥ 10 mil,preco_por_hospede,Preço anunciado por hóspede comportado,sem capacidades positivas suspeitas,tabuleiro dos oliveiras|apartamento|3 quartos,Tabuleiro dos Oliveiras · apartamento · 3 quartos,Tabuleiro dos Oliveiras,apartamento,3,4,99.5,82.5,116.5,,,evidência insuficiente,4,1,0.25,4,99.5,88.33333333333333,110.66666666666667,30.0
latest_available,Preço mais recente,exclude_suspicious_prices,Sem preços ≥ 10 mil,preco_por_hospede,Preço anunciado por hóspede comportado,todas as capacidades positivas,centro|apartamento|4 quartos,Centro · apartamento · 4 quartos,Centro,apartamento,4,4,99.375,83.4375,113.57142857142857,,,evidência insuficiente,4,1,0.25,4,99.375,98.75,100.0,31.0
latest_available,Preço mais recente,exclude_suspicious_prices,Sem preços ≥ 10 mil,preco_por_hospede,Preço anunciado por hóspede comportado,sem capacidades positivas suspeitas,centro|apartamento|4 quartos,Centro · apartamento · 4 quartos,Centro,apartamento,4,4,99.375,83.4375,113.57142857142857,,,evidência insuficiente,4,1,0.25,4,99.375,98.75,100.0,31.0
latest_available,Preço mais recente,exclude_suspicious_prices,Sem preços ≥ 10 mil,preco_por_hospede,Preço anunciado por hóspede comportado,todas as capacidades positivas,ilhota|casa|4 quartos,Ilhota · casa · 4 quartos,Ilhota,casa,4,1,94.6,94.6,94.6,,,evidência insuficiente,1,1,1.0,1,94.6,,,32.0
latest_available,Preço mais recente,exclude_suspicious_prices,Sem preços ≥ 10 mil,preco_por_hospede,Preço anunciado por hóspede comportado,sem capacidades positivas suspeitas,ilhota|casa|4 quartos,Ilhota · casa · 4 quartos,Ilhota,casa,4,1,94.6,94.6,94.6,,,evidência insuficiente,1,1,1.0,1,94.6,,,32.0
latest_available,Preço mais recente,exclude_suspicious_prices,Sem preços ≥ 10 mil,preco_por_hospede,Preço anunciado por hóspede comportado,todas as capacidades positivas,morretes|apartamento|2 quartos,Morretes · apartamento · 2 quartos,Morretes,apartamento,2,50,90.43333333333334,63.333333333333336,117.47916666666667,72.71875,107.83333333333334,principal,40,7,0.14,1,86.0,84.5,84.5,33.0
latest_available,Preço mais recente,exclude_suspicious_prices,Sem preços ≥ 10 mil,preco_por_hospede,Preço anunciado por hóspede comportado,sem capacidades positivas suspeitas,morretes|apartamento|2 quartos,Morretes · apartamento · 2 quartos,Morretes,apartamento,2,50,90.43333333333334,63.333333333333336,117.47916666666667,73.66666666666666,107.83333333333334,principal,40,7,0.14,1,86.0,84.5,84.5,33.0
latest_available,Preço mais recente,exclude_suspicious_prices,Sem preços ≥ 10 mil,preco_por_hospede,Preço anunciado por hóspede comportado,todas as capacidades positivas,meia praia|apartamento|3 quartos,Meia Praia · apartamento · 3 quartos,Meia Praia,apartamento,3,327,88.54166875,66.66666666666667,114.64285714285714,83.33333333333333,94.0,principal,275,12,0.03669724770642202,2,87.75,88.0,89.125,34.0
latest_available,Preço mais recente,exclude_suspicious_prices,Sem preços ≥ 10 mil,preco_por_hospede,Preço anunciado por hóspede comportado,sem capacidades positivas suspeitas,meia praia|apartamento|3 quartos,Meia Praia · apartamento · 3 quartos,Meia Praia,apartamento,3,326,88.33333437499999,66.66666666666667,114.82142857142857,83.13095238095238,93.875,principal,274,12,0.03680981595092025,2,87.625,87.875,89.10795454545455,34.0
latest_available,Preço mais recente,exclude_suspicious_prices,Sem preços ≥ 10 mil,preco_por_hospede,Preço anunciado por hóspede comportado,todas as capacidades positivas,ilhota|apartamento|1 quarto,Ilhota · apartamento · 1 quarto,Ilhota,apartamento,1,2,86.375,85.8125,86.9375,,,evidência insuficiente,1,2,1.0,1,86.375,,,35.0
latest_available,Preço mais recente,exclude_suspicious_prices,Sem preços ≥ 10 mil,preco_por_hospede,Preço anunciado por hóspede comportado,sem capacidades positivas suspeitas,ilhota|apartamento|1 quarto,Ilhota · apartamento · 1 quarto,Ilhota,apartamento,1,2,86.375,85.8125,86.9375,,,evidência insuficiente,1,2,1.0,1,86.375,,,35.0
latest_available,Preço mais recente,exclude_suspicious_prices,Sem preços ≥ 10 mil,preco_por_hospede,Preço anunciado por hóspede comportado,todas as capacidades positivas,meia praia|apartamento|0 quartos,Meia Praia · apartamento · 0 quartos,Meia Praia,apartamento,0,8,85.625,68.4625,101.875,59.403124999999996,113.81249999999994,evidência insuficiente,8,1,0.125,8,85.625,81.25,90.0,36.0
latest_available,Preço mais recente,exclude_suspicious_prices,Sem preços ≥ 10 mil,preco_por_hospede,Preço anunciado por hóspede comportado,sem capacidades positivas suspeitas,meia praia|apartamento|0 quartos,Meia Praia · apartamento · 0 quartos,Meia Praia,apartamento,0,8,85.625,68.4625,101.875,41.35,122.5,evidência insuficiente,8,1,0.125,8,85.625,81.25,90.0,36.0
latest_available,Preço mais recente,exclude_suspicious_prices,Sem preços ≥ 10 mil,preco_por_hospede,Preço anunciado por hóspede comportado,todas as capacidades positivas,morretes|apartamento|4 quartos,Morretes · apartamento · 4 quartos,Morretes,apartamento,4,3,83.33333333333333,78.54166666666666,135.41666666666666,,,evidência insuficiente,3,1,0.3333333333333333,3,83.33333333333333,78.54166666666666,135.41666666666666,37.0
latest_available,Preço mais recente,exclude_suspicious_prices,Sem preços ≥ 10 mil,preco_por_hospede,Preço anunciado por hóspede comportado,sem capacidades positivas suspeitas,morretes|apartamento|3 quartos,Morretes · apartamento · 3 quartos,Morretes,apartamento,3,9,83.33333333333333,62.216665,124.125,61.42857142857143,127.75,evidência insuficiente,9,1,0.1111111111111111,9,83.33333333333333,79.16666666666666,88.33333333333333,37.0
latest_available,Preço mais recente,exclude_suspicious_prices,Sem preços ≥ 10 mil,preco_por_hospede,Preço anunciado por hóspede comportado,sem capacidades positivas suspeitas,morretes|apartamento|4 quartos,Morretes · apartamento · 4 quartos,Morretes,apartamento,4,3,83.33333333333333,78.54166666666666,135.41666666666666,,,evidência insuficiente,3,1,0.3333333333333333,3,83.33333333333333,78.54166666666666,135.41666666666666,37.0
latest_available,Preço mais recente,exclude_suspicious_prices,Sem preços ≥ 10 mil,preco_por_hospede,Preço anunciado por hóspede comportado,todas as capacidades positivas,meia praia|casa|7 quartos,Meia Praia · casa · 7 quartos,Meia Praia,casa,7,1,81.25,81.25,81.25,,,evidência insuficiente,1,1,1.0,1,81.25,,,38.0
latest_available,Preço mais recente,exclude_suspicious_prices,Sem preços ≥ 10 mil,preco_por_hospede,Preço anunciado por hóspede comportado,sem capacidades positivas suspeitas,meia praia|casa|7 quartos,Meia Praia · casa · 7 quartos,Meia Praia,casa,7,1,81.25,81.25,81.25,,,evidência insuficiente,1,1,1.0,1,81.25,,,39.0
latest_available,Preço mais recente,exclude_suspicious_prices,Sem preços ≥ 10 mil,preco_por_hospede,Preço anunciado por hóspede comportado,todas as capacidades positivas,centro|casa|3 quartos,Centro · casa · 3 quartos,Centro,casa,3,2,80.55555555555556,65.27777777777777,95.83333333333334,,,evidência insuficiente,2,1,0.5,2,80.55555555555556,50.0,111.11111111111111,39.0
latest_available,Preço mais recente,exclude_suspicious_prices,Sem preços ≥ 10 mil,preco_por_hospede,Preço anunciado por hóspede comportado,sem capacidades positivas suspeitas,centro|casa|3 quartos,Centro · casa · 3 quartos,Centro,casa,3,2,80.55555555555556,65.27777777777777,95.83333333333334,,,evidência insuficiente,2,1,0.5,2,80.55555555555556,50.0,111.11111111111111,40.0
latest_available,Preço mais recente,exclude_suspicious_prices,Sem preços ≥ 10 mil,preco_por_hospede,Preço anunciado por hóspede comportado,todas as capacidades positivas,alto sao bento|apartamento|1 quarto,Alto Sao Bento · apartamento · 1 quarto,Alto Sao Bento,apartamento,1,2,80.0,75.0,85.0,,,evidência insuficiente,2,1,0.5,2,80.0,70.0,90.0,40.0
latest_available,Preço mais recente,exclude_suspicious_prices,Sem preços ≥ 10 mil,preco_por_hospede,Preço anunciado por hóspede comportado,sem capacidades positivas suspeitas,alto sao bento|apartamento|1 quarto,Alto Sao Bento · apartamento · 1 quarto,Alto Sao Bento,apartamento,1,2,80.0,75.0,85.0,,,evidência insuficiente,2,1,0.5,2,80.0,70.0,90.0,41.0
latest_available,Preço mais recente,exclude_suspicious_prices,Sem preços ≥ 10 mil,preco_por_hospede,Preço anunciado por hóspede comportado,sem capacidades positivas suspeitas,tabuleiro dos oliveiras|apartamento|2 quartos,Tabuleiro dos Oliveiras · apartamento · 2 quartos,Tabuleiro dos Oliveiras,apartamento,2,11,79.8,70.83333333333334,127.15,66.66666666666667,128.8,exploratório,10,2,0.18181818181818182,1,79.6,79.4,79.4,42.0
latest_available,Preço mais recente,exclude_suspicious_prices,Sem preços ≥ 10 mil,preco_por_hospede,Preço anunciado por hóspede comportado,todas as capacidades positivas,tabuleiro dos oliveiras|apartamento|2 quartos,Tabuleiro dos Oliveiras · apartamento · 2 quartos,Tabuleiro dos Oliveiras,apartamento,2,12,79.6,64.58333333333334,126.325,58.333333333333336,128.8,exploratório,11,2,0.16666666666666666,1,79.4,77.2,77.2,41.0
latest_available,Preço mais recente,exclude_suspicious_prices,Sem preços ≥ 10 mil,preco_por_hospede,Preço anunciado por hóspede comportado,todas as capacidades positivas,morretes|apartamento|3 quartos,Morretes · apartamento · 3 quartos,Morretes,apartamento,3,10,79.16666666666666,61.62559482142857,116.42708333333333,61.42857142857143,124.125,exploratório,10,1,0.1,10,79.16666666666666,75.0,83.33333333333333,42.0
latest_available,Preço mais recente,exclude_suspicious_prices,Sem preços ≥ 10 mil,preco_por_hospede,Preço anunciado por hóspede comportado,todas as capacidades positivas,meia praia|apartamento|2 quartos,Meia Praia · apartamento · 2 quartos,Meia Praia,apartamento,2,186,78.0,62.976190476190474,100.0,70.0,83.33333333333333,principal,162,7,0.03763440860215054,1,75.0,75.0,75.0,43.0
latest_available,Preço mais recente,exclude_suspicious_prices,Sem preços ≥ 10 mil,preco_por_hospede,Preço anunciado por hóspede comportado,sem capacidades positivas suspeitas,meia praia|apartamento|2 quartos,Meia Praia · apartamento · 2 quartos,Meia Praia,apartamento,2,186,78.0,62.976190476190474,100.0,70.0,83.33333333333333,principal,162,7,0.03763440860215054,1,75.0,75.0,75.0,43.0
latest_available,Preço mais recente,exclude_suspicious_prices,Sem preços ≥ 10 mil,preco_por_hospede,Preço anunciado por hóspede comportado,todas as capacidades positivas,varzea|casa|1 quarto,Varzea · casa · 1 quarto,Varzea,casa,1,3,74.5,60.375,93.5,,,evidência insuficiente,3,1,0.3333333333333333,3,74.5,60.375,93.5,44.0
latest_available,Preço mais recente,exclude_suspicious_prices,Sem preços ≥ 10 mil,preco_por_hospede,Preço anunciado por hóspede comportado,sem capacidades positivas suspeitas,varzea|casa|1 quarto,Varzea · casa · 1 quarto,Varzea,casa,1,3,74.5,60.375,93.5,,,evidência insuficiente,3,1,0.3333333333333333,3,74.5,60.375,93.5,44.0
latest_available,Preço mais recente,exclude_suspicious_prices,Sem preços ≥ 10 mil,preco_por_hospede,Preço anunciado por hóspede comportado,todas as capacidades positivas,ilhota|casa|3 quartos,Ilhota · casa · 3 quartos,Ilhota,casa,3,2,74.375,67.8125,80.9375,,,evidência insuficiente,2,1,0.5,2,74.375,61.25,87.5,45.0
latest_available,Preço mais recente,exclude_suspicious_prices,Sem preços ≥ 10 mil,preco_por_hospede,Preço anunciado por hóspede comportado,sem capacidades positivas suspeitas,ilhota|casa|3 quartos,Ilhota · casa · 3 quartos,Ilhota,casa,3,2,74.375,67.8125,80.9375,,,evidência insuficiente,2,1,0.5,2,74.375,61.25,87.5,45.0
latest_available,Preço mais recente,exclude_suspicious_prices,Sem preços ≥ 10 mil,preco_por_hospede,Preço anunciado por hóspede comportado,todas as capacidades positivas,casa branca|apartamento|2 quartos,Casa Branca · apartamento · 2 quartos,Casa Branca,apartamento,2,11,74.0,63.65,98.33333333333334,57.5,116.66666666666667,exploratório,10,2,0.18181818181818182,1,74.45,74.0,74.0,46.0
latest_available,Preço mais recente,exclude_suspicious_prices,Sem preços ≥ 10 mil,preco_por_hospede,Preço anunciado por hóspede comportado,sem capacidades positivas suspeitas,casa branca|apartamento|2 quartos,Casa Branca · apartamento · 2 quartos,Casa Branca,apartamento,2,11,74.0,63.65,98.33333333333334,57.5,116.66666666666667,exploratório,10,2,0.18181818181818182,1,74.45,74.0,74.0,46.0
latest_available,Preço mais recente,exclude_suspicious_prices,Sem preços ≥ 10 mil,preco_por_hospede,Preço anunciado por hóspede comportado,todas as capacidades positivas,centro|apartamento|5 quartos,Centro · apartamento · 5 quartos,Centro,apartamento,5,1,70.83333333333333,70.83333333333333,70.83333333333333,,,evidência insuficiente,1,1,1.0,1,70.83333333333333,,,47.0
latest_available,Preço mais recente,exclude_suspicious_prices,Sem preços ≥ 10 mil,preco_por_hospede,Preço anunciado por hóspede comportado,sem capacidades positivas suspeitas,centro|apartamento|5 quartos,Centro · apartamento · 5 quartos,Centro,apartamento,5,1,70.83333333333333,70.83333333333333,70.83333333333333,,,evidência insuficiente,1,1,1.0,1,70.83333333333333,,,47.0
latest_available,Preço mais recente,exclude_suspicious_prices,Sem preços ≥ 10 mil,preco_por_hospede,Preço anunciado por hóspede comportado,todas as capacidades positivas,centro|casa|1 quarto,Centro · casa · 1 quarto,Centro,casa,1,1,70.75,70.75,70.75,,,evidência insuficiente,1,1,1.0,1,70.75,,,48.0
latest_available,Preço mais recente,exclude_suspicious_prices,Sem preços ≥ 10 mil,preco_por_hospede,Preço anunciado por hóspede comportado,sem capacidades positivas suspeitas,centro|casa|1 quarto,Centro · casa · 1 quarto,Centro,casa,1,1,70.75,70.75,70.75,,,evidência insuficiente,1,1,1.0,1,70.75,,,48.0
latest_available,Preço mais recente,exclude_suspicious_prices,Sem preços ≥ 10 mil,preco_por_hospede,Preço anunciado por hóspede comportado,todas as capacidades positivas,meia praia|casa|4 quartos,Meia Praia · casa · 4 quartos,Meia Praia,casa,4,2,67.3076923076923,58.65384615384615,75.96153846153845,,,evidência insuficiente,2,1,0.5,2,67.3076923076923,50.0,84.61538461538461,49.0
latest_available,Preço mais recente,exclude_suspicious_prices,Sem preços ≥ 10 mil,preco_por_hospede,Preço anunciado por hóspede comportado,sem capacidades positivas suspeitas,meia praia|casa|4 quartos,Meia Praia · casa · 4 quartos,Meia Praia,casa,4,2,67.3076923076923,58.65384615384615,75.96153846153845,,,evidência insuficiente,2,1,0.5,2,67.3076923076923,50.0,84.61538461538461,49.0
latest_available,Preço mais recente,exclude_suspicious_prices,Sem preços ≥ 10 mil,preco_por_hospede,Preço anunciado por hóspede comportado,todas as capacidades positivas,casa branca|apartamento|3 quartos,Casa Branca · apartamento · 3 quartos,Casa Branca,apartamento,3,2,67.16666666666666,59.08333333333333,75.25,,,evidência insuficiente,2,1,0.5,2,67.16666666666666,51.0,83.33333333333333,50.0
latest_available,Preço mais recente,exclude_suspicious_prices,Sem preços ≥ 10 mil,preco_por_hospede,Preço anunciado por hóspede comportado,sem capacidades positivas suspeitas,casa branca|apartamento|3 quartos,Casa Branca · apartamento · 3 quartos,Casa Branca,apartamento,3,2,67.16666666666666,59.08333333333333,75.25,,,evidência insuficiente,2,1,0.5,2,67.16666666666666,51.0,83.33333333333333,50.0
latest_available,Preço mais recente,exclude_suspicious_prices,Sem preços ≥ 10 mil,preco_por_hospede,Preço anunciado por hóspede comportado,todas as capacidades positivas,sertao do trombudo|casa|4 quartos,Sertao do Trombudo · casa · 4 quartos,Sertao do Trombudo,casa,4,1,66.66666666666667,66.66666666666667,66.66666666666667,,,evidência insuficiente,1,1,1.0,1,66.66666666666667,,,51.0
latest_available,Preço mais recente,exclude_suspicious_prices,Sem preços ≥ 10 mil,preco_por_hospede,Preço anunciado por hóspede comportado,sem capacidades positivas suspeitas,sertao do trombudo|casa|4 quartos,Sertao do Trombudo · casa · 4 quartos,Sertao do Trombudo,casa,4,1,66.66666666666667,66.66666666666667,66.66666666666667,,,evidência insuficiente,1,1,1.0,1,66.66666666666667,,,51.0
latest_available,Preço mais recente,exclude_suspicious_prices,Sem preços ≥ 10 mil,preco_por_hospede,Preço anunciado por hóspede comportado,todas as capacidades positivas,meia praia|casa|1 quarto,Meia Praia · casa · 1 quarto,Meia Praia,casa,1,1,65.0,65.0,65.0,,,evidência insuficiente,1,1,1.0,1,65.0,,,52.0
latest_available,Preço mais recente,exclude_suspicious_prices,Sem preços ≥ 10 mil,preco_por_hospede,Preço anunciado por hóspede comportado,sem capacidades positivas suspeitas,meia praia|casa|1 quarto,Meia Praia · casa · 1 quarto,Meia Praia,casa,1,1,65.0,65.0,65.0,,,evidência insuficiente,1,1,1.0,1,65.0,,,52.0
latest_available,Preço mais recente,exclude_suspicious_prices,Sem preços ≥ 10 mil,preco_por_hospede,Preço anunciado por hóspede comportado,todas as capacidades positivas,morretes|casa|4 quartos,Morretes · casa · 4 quartos,Morretes,casa,4,2,63.541666666666664,53.64583333333333,73.4375,,,evidência insuficiente,2,1,0.5,2,63.541666666666664,43.75,83.33333333333333,53.0
latest_available,Preço mais recente,exclude_suspicious_prices,Sem preços ≥ 10 mil,preco_por_hospede,Preço anunciado por hóspede comportado,sem capacidades positivas suspeitas,morretes|casa|4 quartos,Morretes · casa · 4 quartos,Morretes,casa,4,2,63.541666666666664,53.64583333333333,73.4375,,,evidência insuficiente,2,1,0.5,2,63.541666666666664,43.75,83.33333333333333,53.0
latest_available,Preço mais recente,exclude_suspicious_prices,Sem preços ≥ 10 mil,preco_por_hospede,Preço anunciado por hóspede comportado,todas as capacidades positivas,meia praia|casa|3 quartos,Meia Praia · casa · 3 quartos,Meia Praia,casa,3,5,63.333333333333336,50.0,72.22222222222223,50.0,85.71428571428571,evidência insuficiente,5,1,0.2,5,63.333333333333336,56.66666666666667,67.77777777777779,54.0
latest_available,Preço mais recente,exclude_suspicious_prices,Sem preços ≥ 10 mil,preco_por_hospede,Preço anunciado por hóspede comportado,sem capacidades positivas suspeitas,meia praia|casa|3 quartos,Meia Praia · casa · 3 quartos,Meia Praia,casa,3,5,63.333333333333336,50.0,72.22222222222223,50.0,85.71428571428571,evidência insuficiente,5,1,0.2,5,63.333333333333336,56.66666666666667,67.77777777777779,54.0
latest_available,Preço mais recente,exclude_suspicious_prices,Sem preços ≥ 10 mil,preco_por_hospede,Preço anunciado por hóspede comportado,todas as capacidades positivas,ilhota|apartamento|3 quartos,Ilhota · apartamento · 3 quartos,Ilhota,apartamento,3,1,62.5,62.5,62.5,,,evidência insuficiente,1,1,1.0,1,62.5,,,55.0
latest_available,Preço mais recente,exclude_suspicious_prices,Sem preços ≥ 10 mil,preco_por_hospede,Preço anunciado por hóspede comportado,todas as capacidades positivas,sertaozinho|casa|3 quartos,Sertaozinho · casa · 3 quartos,Sertaozinho,casa,3,1,62.5,62.5,62.5,,,evidência insuficiente,1,1,1.0,1,62.5,,,55.0
latest_available,Preço mais recente,exclude_suspicious_prices,Sem preços ≥ 10 mil,preco_por_hospede,Preço anunciado por hóspede comportado,sem capacidades positivas suspeitas,ilhota|apartamento|3 quartos,Ilhota · apartamento · 3 quartos,Ilhota,apartamento,3,1,62.5,62.5,62.5,,,evidência insuficiente,1,1,1.0,1,62.5,,,55.0
latest_available,Preço mais recente,exclude_suspicious_prices,Sem preços ≥ 10 mil,preco_por_hospede,Preço anunciado por hóspede comportado,sem capacidades positivas suspeitas,sertaozinho|casa|3 quartos,Sertaozinho · casa · 3 quartos,Sertaozinho,casa,3,1,62.5,62.5,62.5,,,evidência insuficiente,1,1,1.0,1,62.5,,,55.0
latest_available,Preço mais recente,exclude_suspicious_prices,Sem preços ≥ 10 mil,preco_por_hospede,Preço anunciado por hóspede comportado,sem capacidades positivas suspeitas,meia praia|casa|2 quartos,Meia Praia · casa · 2 quartos,Meia Praia,casa,2,2,62.375,56.1875,68.5625,,,evidência insuficiente,2,1,0.5,2,62.375,50.0,74.75,57.0
latest_available,Preço mais recente,exclude_suspicious_prices,Sem preços ≥ 10 mil,preco_por_hospede,Preço anunciado por hóspede comportado,todas as capacidades positivas,centro|casa|2 quartos,Centro · casa · 2 quartos,Centro,casa,2,2,60.4,55.2,65.6,,,evidência insuficiente,2,1,0.5,2,60.4,50.0,70.8,57.0
latest_available,Preço mais recente,exclude_suspicious_prices,Sem preços ≥ 10 mil,preco_por_hospede,Preço anunciado por hóspede comportado,sem capacidades positivas suspeitas,centro|casa|2 quartos,Centro · casa · 2 quartos,Centro,casa,2,2,60.4,55.2,65.6,,,evidência insuficiente,2,1,0.5,2,60.4,50.0,70.8,58.0
latest_available,Preço mais recente,exclude_suspicious_prices,Sem preços ≥ 10 mil,preco_por_hospede,Preço anunciado por hóspede comportado,todas as capacidades positivas,morretes|casa|2 quartos,Morretes · casa · 2 quartos,Morretes,casa,2,9,50.75,50.0,75.0,32.81818181818182,100.0,evidência insuficiente,8,2,0.2222222222222222,1,62.75,74.75,74.75,58.0
latest_available,Preço mais recente,exclude_suspicious_prices,Sem preços ≥ 10 mil,preco_por_hospede,Preço anunciado por hóspede comportado,sem capacidades positivas suspeitas,morretes|casa|2 quartos,Morretes · casa · 2 quartos,Morretes,casa,2,9,50.75,50.0,75.0,32.81818181818182,100.0,evidência insuficiente,8,2,0.2222222222222222,1,62.75,74.75,74.75,59.0
latest_available,Preço mais recente,exclude_suspicious_prices,Sem preços ≥ 10 mil,preco_por_hospede,Preço anunciado por hóspede comportado,todas as capacidades positivas,meia praia|casa|2 quartos,Meia Praia · casa · 2 quartos,Meia Praia,casa,2,3,50.0,38.9375,62.375,,,evidência insuficiente,3,1,0.3333333333333333,3,50.0,38.9375,62.375,59.0
latest_available,Preço mais recente,exclude_suspicious_prices,Sem preços ≥ 10 mil,preco_por_hospede,Preço anunciado por hóspede comportado,todas as capacidades positivas,jardim praiamar|casa|1 quarto,Jardim Praiamar · casa · 1 quarto,Jardim Praiamar,casa,1,1,50.0,50.0,50.0,,,evidência insuficiente,1,1,1.0,1,50.0,,,59.0
latest_available,Preço mais recente,exclude_suspicious_prices,Sem preços ≥ 10 mil,preco_por_hospede,Preço anunciado por hóspede comportado,todas as capacidades positivas,morretes|casa|3 quartos,Morretes · casa · 3 quartos,Morretes,casa,3,1,50.0,50.0,50.0,,,evidência insuficiente,1,1,1.0,1,50.0,,,59.0
latest_available,Preço mais recente,exclude_suspicious_prices,Sem preços ≥ 10 mil,preco_por_hospede,Preço anunciado por hóspede comportado,sem capacidades positivas suspeitas,jardim praiamar|casa|1 quarto,Jardim Praiamar · casa · 1 quarto,Jardim Praiamar,casa,1,1,50.0,50.0,50.0,,,evidência insuficiente,1,1,1.0,1,50.0,,,60.0
latest_available,Preço mais recente,exclude_suspicious_prices,Sem preços ≥ 10 mil,preco_por_hospede,Preço anunciado por hóspede comportado,sem capacidades positivas suspeitas,morretes|casa|3 quartos,Morretes · casa · 3 quartos,Morretes,casa,3,1,50.0,50.0,50.0,,,evidência insuficiente,1,1,1.0,1,50.0,,,60.0
latest_available,Preço mais recente,exclude_suspicious_prices,Sem preços ≥ 10 mil,preco_por_hospede,Preço anunciado por hóspede comportado,todas as capacidades positivas,alto sao bento|apartamento|2 quartos,Alto Sao Bento · apartamento · 2 quartos,Alto Sao Bento,apartamento,2,1,49.75,49.75,49.75,,,evidência insuficiente,1,1,1.0,1,49.75,,,62.0
latest_available,Preço mais recente,exclude_suspicious_prices,Sem preços ≥ 10 mil,preco_por_hospede,Preço anunciado por hóspede comportado,sem capacidades positivas suspeitas,alto sao bento|apartamento|2 quartos,Alto Sao Bento · apartamento · 2 quartos,Alto Sao Bento,apartamento,2,1,49.75,49.75,49.75,,,evidência insuficiente,1,1,1.0,1,49.75,,,62.0
latest_available,Preço mais recente,exclude_suspicious_prices,Sem preços ≥ 10 mil,preco_por_hospede,Preço anunciado por hóspede comportado,todas as capacidades positivas,ilhota|casa|2 quartos,Ilhota · casa · 2 quartos,Ilhota,casa,2,2,38.5,36.75,40.25,,,evidência insuficiente,2,1,0.5,2,38.5,35.0,42.0,63.0
latest_available,Preço mais recente,exclude_suspicious_prices,Sem preços ≥ 10 mil,preco_por_hospede,Preço anunciado por hóspede comportado,sem capacidades positivas suspeitas,ilhota|casa|2 quartos,Ilhota · casa · 2 quartos,Ilhota,casa,2,2,38.5,36.75,40.25,,,evidência insuficiente,2,1,0.5,2,38.5,35.0,42.0,63.0
latest_available,Preço mais recente,exclude_suspicious_prices,Sem preços ≥ 10 mil,preco_por_hospede,Preço anunciado por hóspede comportado,todas as capacidades positivas,canto da praia|apartamento|3 quartos,Canto da Praia · apartamento · 3 quartos,Canto da Praia,apartamento,3,1,38.453125,38.453125,38.453125,,,evidência insuficiente,1,1,1.0,1,38.453125,,,64.0
latest_available,Preço mais recente,exclude_suspicious_prices,Sem preços ≥ 10 mil,preco_por_hospede,Preço anunciado por hóspede comportado,sem capacidades positivas suspeitas,canto da praia|apartamento|3 quartos,Canto da Praia · apartamento · 3 quartos,Canto da Praia,apartamento,3,1,38.453125,38.453125,38.453125,,,evidência insuficiente,1,1,1.0,1,38.453125,,,64.0
latest_available,Preço mais recente,exclude_suspicious_prices,Sem preços ≥ 10 mil,preco_por_quarto,Preço anunciado por quarto,não aplicável,canto da praia|casa|4 quartos,Canto da Praia · casa · 4 quartos,Canto da Praia,casa,4,1,975.0,975.0,975.0,,,evidência insuficiente,1,1,1.0,1,975.0,,,1.0
latest_available,Preço mais recente,exclude_suspicious_prices,Sem preços ≥ 10 mil,preco_por_quarto,Preço anunciado por quarto,não aplicável,canto da praia|casa|1 quarto,Canto da Praia · casa · 1 quarto,Canto da Praia,casa,1,1,793.0,793.0,793.0,,,evidência insuficiente,1,1,1.0,1,793.0,,,2.0
latest_available,Preço mais recente,exclude_suspicious_prices,Sem preços ≥ 10 mil,preco_por_quarto,Preço anunciado por quarto,não aplicável,desconhecido|casa|1 quarto,Desconhecido · casa · 1 quarto,Desconhecido,casa,1,3,709.0,649.5,754.5,,,evidência insuficiente,3,1,0.3333333333333333,3,709.0,649.5,754.5,3.0
latest_available,Preço mais recente,exclude_suspicious_prices,Sem preços ≥ 10 mil,preco_por_quarto,Preço anunciado por quarto,não aplicável,areal|casa|1 quarto,Areal · casa · 1 quarto,Areal,casa,1,1,556.0,556.0,556.0,,,evidência insuficiente,1,1,1.0,1,556.0,,,4.0
latest_available,Preço mais recente,exclude_suspicious_prices,Sem preços ≥ 10 mil,preco_por_quarto,Preço anunciado por quarto,não aplicável,centro|apartamento|1 quarto,Centro · apartamento · 1 quarto,Centro,apartamento,1,78,445.0,376.25,523.999975,378.0,499.0,principal,20,54,0.6923076923076923,1,445.0,450.0,450.0,5.0
latest_available,Preço mais recente,exclude_suspicious_prices,Sem preços ≥ 10 mil,preco_por_quarto,Preço anunciado por quarto,não aplicável,meia praia|apartamento|1 quarto,Meia Praia · apartamento · 1 quarto,Meia Praia,apartamento,1,20,441.0,373.5,523.25,378.0,530.5,exploratório,16,3,0.15,1,401.0,400.0,400.0,6.0
latest_available,Preço mais recente,exclude_suspicious_prices,Sem preços ≥ 10 mil,preco_por_quarto,Preço anunciado por quarto,não aplicável,sertaozinho|casa|6 quartos,Sertaozinho · casa · 6 quartos,Sertaozinho,casa,6,2,429.27083333333337,352.2395833333333,506.30208333333337,,,evidência insuficiente,2,1,0.5,2,429.27083333333337,275.2083333333333,583.3333333333334,7.0
latest_available,Preço mais recente,exclude_suspicious_prices,Sem preços ≥ 10 mil,preco_por_quarto,Preço anunciado por quarto,não aplicável,tabuleiro dos oliveiras|casa|4 quartos,Tabuleiro dos Oliveiras · casa · 4 quartos,Tabuleiro dos Oliveiras,casa,4,1,425.0,425.0,425.0,,,evidência insuficiente,1,1,1.0,1,425.0,,,8.0
latest_available,Preço mais recente,exclude_suspicious_prices,Sem preços ≥ 10 mil,preco_por_quarto,Preço anunciado por quarto,não aplicável,morretes|apartamento|1 quarto,Morretes · apartamento · 1 quarto,Morretes,apartamento,1,4,415.0,306.25,491.25,,,evidência insuficiente,4,1,0.25,4,415.0,350.0,480.0,9.0
latest_available,Preço mais recente,exclude_suspicious_prices,Sem preços ≥ 10 mil,preco_por_quarto,Preço anunciado por quarto,não aplicável,alto sao bento|casa|1 quarto,Alto Sao Bento · casa · 1 quarto,Alto Sao Bento,casa,1,1,400.0,400.0,400.0,,,evidência insuficiente,1,1,1.0,1,400.0,,,10.0
latest_available,Preço mais recente,exclude_suspicious_prices,Sem preços ≥ 10 mil,preco_por_quarto,Preço anunciado por quarto,não aplicável,sertao do trombudo|casa|1 quarto,Sertao do Trombudo · casa · 1 quarto,Sertao do Trombudo,casa,1,2,380.0,375.0,385.0,,,evidência insuficiente,1,2,1.0,1,380.0,,,11.0
latest_available,Preço mais recente,exclude_suspicious_prices,Sem preços ≥ 10 mil,preco_por_quarto,Preço anunciado por quarto,não aplicável,meia praia|apartamento|5 quartos,Meia Praia · apartamento · 5 quartos,Meia Praia,apartamento,5,5,379.4,290.0,420.0,180.0,460.0,evidência insuficiente,5,1,0.2,5,379.4,334.7,399.7,12.0
latest_available,Preço mais recente,exclude_suspicious_prices,Sem preços ≥ 10 mil,preco_por_quarto,Preço anunciado por quarto,não aplicável,ilhota|apartamento|1 quarto,Ilhota · apartamento · 1 quarto,Ilhota,apartamento,1,2,345.5,343.25,347.75,,,evidência insuficiente,1,2,1.0,1,345.5,,,13.0
latest_available,Preço mais recente,exclude_suspicious_prices,Sem preços ≥ 10 mil,preco_por_quarto,Preço anunciado por quarto,não aplicável,centro|casa|4 quartos,Centro · casa · 4 quartos,Centro,casa,4,4,337.5,243.75,450.0,,,evidência insuficiente,4,1,0.25,4,337.5,250.0,425.0,14.0
latest_available,Preço mais recente,exclude_suspicious_prices,Sem preços ≥ 10 mil,preco_por_quarto,Preço anunciado por quarto,não aplicável,varzea|casa|5 quartos,Varzea · casa · 5 quartos,Varzea,casa,5,1,300.0,300.0,300.0,,,evidência insuficiente,1,1,1.0,1,300.0,,,15.0
latest_available,Preço mais recente,exclude_suspicious_prices,Sem preços ≥ 10 mil,preco_por_quarto,Preço anunciado por quarto,não aplicável,ilhota|apartamento|2 quartos,Ilhota · apartamento · 2 quartos,Ilhota,apartamento,2,2,293.75,293.125,294.375,,,evidência insuficiente,2,1,0.5,2,293.75,292.5,295.0,16.0
latest_available,Preço mais recente,exclude_suspicious_prices,Sem preços ≥ 10 mil,preco_por_quarto,Preço anunciado por quarto,não aplicável,centro|apartamento|2 quartos,Centro · apartamento · 2 quartos,Centro,apartamento,2,65,290.0,185.0,356.5,199.5,339.0,principal,41,20,0.3076923076923077,1,225.0,202.5,202.5,17.0
latest_available,Preço mais recente,exclude_suspicious_prices,Sem preços ≥ 10 mil,preco_por_quarto,Preço anunciado por quarto,não aplicável,centro|casa|1 quarto,Centro · casa · 1 quarto,Centro,casa,1,1,283.0,283.0,283.0,,,evidência insuficiente,1,1,1.0,1,283.0,,,18.0
latest_available,Preço mais recente,exclude_suspicious_prices,Sem preços ≥ 10 mil,preco_por_quarto,Preço anunciado por quarto,não aplicável,morretes|casa|1 quarto,Morretes · casa · 1 quarto,Morretes,casa,1,2,282.0,237.5,326.5,,,evidência insuficiente,2,1,0.5,2,282.0,193.0,371.0,19.0
latest_available,Preço mais recente,exclude_suspicious_prices,Sem preços ≥ 10 mil,preco_por_quarto,Preço anunciado por quarto,não aplicável,tabuleiro dos oliveiras|apartamento|4 quartos,Tabuleiro dos Oliveiras · apartamento · 4 quartos,Tabuleiro dos Oliveiras,apartamento,4,1,275.0,275.0,275.0,,,evidência insuficiente,1,1,1.0,1,275.0,,,20.0
latest_available,Preço mais recente,exclude_suspicious_prices,Sem preços ≥ 10 mil,preco_por_quarto,Preço anunciado por quarto,não aplicável,sertaozinho|casa|1 quarto,Sertaozinho · casa · 1 quarto,Sertaozinho,casa,1,2,274.5,227.25,321.75,,,evidência insuficiente,2,1,0.5,2,274.5,180.0,369.0,21.0
latest_available,Preço mais recente,exclude_suspicious_prices,Sem preços ≥ 10 mil,preco_por_quarto,Preço anunciado por quarto,não aplicável,casa branca|casa|1 quarto,Casa Branca · casa · 1 quarto,Casa Branca,casa,1,2,274.5,261.75,287.25,,,evidência insuficiente,2,1,0.5,2,274.5,249.0,300.0,21.0
latest_available,Preço mais recente,exclude_suspicious_prices,Sem preços ≥ 10 mil,preco_por_quarto,Preço anunciado por quarto,não aplicável,centro|apartamento|3 quartos,Centro · apartamento · 3 quartos,Centro,apartamento,3,45,263.3333333333333,174.33333333333334,283.3333333333333,216.66666666666666,280.6666666666667,principal,41,4,0.08888888888888889,1,250.0,263.3333333333333,263.3333333333333,23.0
latest_available,Preço mais recente,exclude_suspicious_prices,Sem preços ≥ 10 mil,preco_por_quarto,Preço anunciado por quarto,não aplicável,canto da praia|apartamento|2 quartos,Canto da Praia · apartamento · 2 quartos,Canto da Praia,apartamento,2,4,254.5,247.375,269.1875,,,evidência insuficiente,4,1,0.25,4,254.5,250.0,259.0,24.0
latest_available,Preço mais recente,exclude_suspicious_prices,Sem preços ≥ 10 mil,preco_por_quarto,Preço anunciado por quarto,não aplicável,meia praia|apartamento|4 quartos,Meia Praia · apartamento · 4 quartos,Meia Praia,apartamento,4,60,253.125,203.75,412.9375,218.5,362.5,principal,55,2,0.03333333333333333,5,243.75,234.375,281.25,25.0
latest_available,Preço mais recente,exclude_suspicious_prices,Sem preços ≥ 10 mil,preco_por_quarto,Preço anunciado por quarto,não aplicável,morretes|apartamento|4 quartos,Morretes · apartamento · 4 quartos,Morretes,apartamento,4,3,250.0,198.75,312.5,,,evidência insuficiente,3,1,0.3333333333333333,3,250.0,198.75,312.5,26.0
latest_available,Preço mais recente,exclude_suspicious_prices,Sem preços ≥ 10 mil,preco_por_quarto,Preço anunciado por quarto,não aplicável,sertaozinho|casa|2 quartos,Sertaozinho · casa · 2 quartos,Sertaozinho,casa,2,1,250.0,250.0,250.0,,,evidência insuficiente,1,1,1.0,1,250.0,,,26.0
latest_available,Preço mais recente,exclude_suspicious_prices,Sem preços ≥ 10 mil,preco_por_quarto,Preço anunciado por quarto,não aplicável,sertao do trombudo|casa|4 quartos,Sertao do Trombudo · casa · 4 quartos,Sertao do Trombudo,casa,4,1,250.0,250.0,250.0,,,evidência insuficiente,1,1,1.0,1,250.0,,,26.0
latest_available,Preço mais recente,exclude_suspicious_prices,Sem preços ≥ 10 mil,preco_por_quarto,Preço anunciado por quarto,não aplicável,ilhota|casa|4 quartos,Ilhota · casa · 4 quartos,Ilhota,casa,4,1,236.5,236.5,236.5,,,evidência insuficiente,1,1,1.0,1,236.5,,,29.0
latest_available,Preço mais recente,exclude_suspicious_prices,Sem preços ≥ 10 mil,preco_por_quarto,Preço anunciado por quarto,não aplicável,canto da praia|casa|3 quartos,Canto da Praia · casa · 3 quartos,Canto da Praia,casa,3,2,233.33333333333334,216.66666666666669,250.0,,,evidência insuficiente,2,1,0.5,2,233.33333333333334,200.0,266.6666666666667,30.0
latest_available,Preço mais recente,exclude_suspicious_prices,Sem preços ≥ 10 mil,preco_por_quarto,Preço anunciado por quarto,não aplicável,varzea|casa|3 quartos,Varzea · casa · 3 quartos,Varzea,casa,3,1,233.33333333333334,233.33333333333334,233.33333333333334,,,evidência insuficiente,1,1,1.0,1,233.33333333333334,,,30.0
latest_available,Preço mais recente,exclude_suspicious_prices,Sem preços ≥ 10 mil,preco_por_quarto,Preço anunciado por quarto,não aplicável,morretes|apartamento|2 quartos,Morretes · apartamento · 2 quartos,Morretes,apartamento,2,50,230.5,175.0,277.8125,192.5,250.0,principal,40,7,0.14,1,223.1875,211.25,211.25,32.0
latest_available,Preço mais recente,exclude_suspicious_prices,Sem preços ≥ 10 mil,preco_por_quarto,Preço anunciado por quarto,não aplicável,alto sao bento|apartamento|1 quarto,Alto Sao Bento · apartamento · 1 quarto,Alto Sao Bento,apartamento,1,2,230.0,205.0,255.0,,,evidência insuficiente,2,1,0.5,2,230.0,180.0,280.0,33.0
latest_available,Preço mais recente,exclude_suspicious_prices,Sem preços ≥ 10 mil,preco_por_quarto,Preço anunciado por quarto,não aplicável,meia praia|apartamento|2 quartos,Meia Praia · apartamento · 2 quartos,Meia Praia,apartamento,2,186,225.0,180.0,291.125,207.5,250.0,principal,162,7,0.03763440860215054,1,225.0,225.0,225.0,34.0
latest_available,Preço mais recente,exclude_suspicious_prices,Sem preços ≥ 10 mil,preco_por_quarto,Preço anunciado por quarto,não aplicável,centro|casa|3 quartos,Centro · casa · 3 quartos,Centro,casa,3,2,225.0,170.83333333333331,279.16666666666663,,,evidência insuficiente,2,1,0.5,2,225.0,116.66666666666667,333.3333333333333,34.0
latest_available,Preço mais recente,exclude_suspicious_prices,Sem preços ≥ 10 mil,preco_por_quarto,Preço anunciado por quarto,não aplicável,meia praia|casa|2 quartos,Meia Praia · casa · 2 quartos,Meia Praia,casa,2,3,223.0,186.25,236.5,,,evidência insuficiente,3,1,0.3333333333333333,3,223.0,186.25,236.5,36.0
latest_available,Preço mais recente,exclude_suspicious_prices,Sem preços ≥ 10 mil,preco_por_quarto,Preço anunciado por quarto,não aplicável,meia praia|apartamento|3 quartos,Meia Praia · apartamento · 3 quartos,Meia Praia,apartamento,3,327,218.41666666666666,166.66666666666666,277.5,204.0,233.33333333333334,principal,275,12,0.03669724770642202,2,216.66666666666666,218.66666666666666,226.66666666666666,37.0
latest_available,Preço mais recente,exclude_suspicious_prices,Sem preços ≥ 10 mil,preco_por_quarto,Preço anunciado por quarto,não aplicável,tabuleiro dos oliveiras|apartamento|2 quartos,Tabuleiro dos Oliveiras · apartamento · 2 quartos,Tabuleiro dos Oliveiras,apartamento,2,12,212.5,192.625,290.5,186.75,280.0,exploratório,11,2,0.16666666666666666,1,200.0,199.75,199.75,38.0
latest_available,Preço mais recente,exclude_suspicious_prices,Sem preços ≥ 10 mil,preco_por_quarto,Preço anunciado por quarto,não aplicável,morretes|casa|4 quartos,Morretes · casa · 4 quartos,Morretes,casa,4,2,212.5,193.75,231.25,,,evidência insuficiente,2,1,0.5,2,212.5,175.0,250.0,38.0
latest_available,Preço mais recente,exclude_suspicious_prices,Sem preços ≥ 10 mil,preco_por_quarto,Preço anunciado por quarto,não aplicável,alto sao bento|casa|12 quartos,Alto Sao Bento · casa · 12 quartos,Alto Sao Bento,casa,12,1,208.33333333333334,208.33333333333334,208.33333333333334,,,evidência insuficiente,1,1,1.0,1,208.33333333333334,,,40.0
latest_available,Preço mais recente,exclude_suspicious_prices,Sem preços ≥ 10 mil,preco_por_quarto,Preço anunciado por quarto,não aplicável,morretes|apartamento|3 quartos,Morretes · apartamento · 3 quartos,Morretes,apartamento,3,10,203.69444166666665,171.66666666666666,302.4166666666667,165.0,331.0,exploratório,10,1,0.1,10,203.69444166666665,200.0,207.38888333333333,41.0
latest_available,Preço mais recente,exclude_suspicious_prices,Sem preços ≥ 10 mil,preco_por_quarto,Preço anunciado por quarto,não aplicável,leopoldo zarling|casa|1 quarto,Leopoldo Zarling · casa · 1 quarto,Leopoldo Zarling,casa,1,1,200.0,200.0,200.0,,,evidência insuficiente,1,1,1.0,1,200.0,,,42.0
latest_available,Preço mais recente,exclude_suspicious_prices,Sem preços ≥ 10 mil,preco_por_quarto,Preço anunciado por quarto,não aplicável,meia praia|casa|4 quartos,Meia Praia · casa · 4 quartos,Meia Praia,casa,4,2,200.0,162.5,237.5,,,evidência insuficiente,2,1,0.5,2,200.0,125.0,275.0,42.0
latest_available,Preço mais recente,exclude_suspicious_prices,Sem preços ≥ 10 mil,preco_por_quarto,Preço anunciado por quarto,não aplicável,jardim praiamar|casa|1 quarto,Jardim Praiamar · casa · 1 quarto,Jardim Praiamar,casa,1,1,200.0,200.0,200.0,,,evidência insuficiente,1,1,1.0,1,200.0,,,42.0
latest_available,Preço mais recente,exclude_suspicious_prices,Sem preços ≥ 10 mil,preco_por_quarto,Preço anunciado por quarto,não aplicável,tabuleiro dos oliveiras|apartamento|3 quartos,Tabuleiro dos Oliveiras · apartamento · 3 quartos,Tabuleiro dos Oliveiras,apartamento,3,4,199.0,165.0,221.83333333333334,,,evidência insuficiente,4,1,0.25,4,199.0,176.66666666666666,221.33333333333334,45.0
latest_available,Preço mais recente,exclude_suspicious_prices,Sem preços ≥ 10 mil,preco_por_quarto,Preço anunciado por quarto,não aplicável,ilhota|casa|3 quartos,Ilhota · casa · 3 quartos,Ilhota,casa,3,2,198.33333333333334,180.83333333333334,215.83333333333334,,,evidência insuficiente,2,1,0.5,2,198.33333333333334,163.33333333333334,233.33333333333334,46.0
latest_available,Preço mais recente,exclude_suspicious_prices,Sem preços ≥ 10 mil,preco_por_quarto,Preço anunciado por quarto,não aplicável,meia praia|casa|1 quarto,Meia Praia · casa · 1 quarto,Meia Praia,casa,1,1,195.0,195.0,195.0,,,evidência insuficiente,1,1,1.0,1,195.0,,,47.0
latest_available,Preço mais recente,exclude_suspicious_prices,Sem preços ≥ 10 mil,preco_por_quarto,Preço anunciado por quarto,não aplicável,tabuleiro dos oliveiras|casa|7 quartos,Tabuleiro dos Oliveiras · casa · 7 quartos,Tabuleiro dos Oliveiras,casa,7,1,192.85714285714286,192.85714285714286,192.85714285714286,,,evidência insuficiente,1,1,1.0,1,192.85714285714286,,,48.0
latest_available,Preço mais recente,exclude_suspicious_prices,Sem preços ≥ 10 mil,preco_por_quarto,Preço anunciado por quarto,não aplicável,centro|apartamento|4 quartos,Centro · apartamento · 4 quartos,Centro,apartamento,4,4,186.25,159.375,215.625,,,evidência insuficiente,4,1,0.25,4,186.25,175.0,197.5,49.0
latest_available,Preço mais recente,exclude_suspicious_prices,Sem preços ≥ 10 mil,preco_por_quarto,Preço anunciado por quarto,não aplicável,meia praia|casa|7 quartos,Meia Praia · casa · 7 quartos,Meia Praia,casa,7,1,185.71428571428572,185.71428571428572,185.71428571428572,,,evidência insuficiente,1,1,1.0,1,185.71428571428572,,,50.0
latest_available,Preço mais recente,exclude_suspicious_prices,Sem preços ≥ 10 mil,preco_por_quarto,Preço anunciado por quarto,não aplicável,varzea|casa|1 quarto,Varzea · casa · 1 quarto,Varzea,casa,1,3,185.0,167.0,317.5,,,evidência insuficiente,3,1,0.3333333333333333,3,185.0,167.0,317.5,51.0
latest_available,Preço mais recente,exclude_suspicious_prices,Sem preços ≥ 10 mil,preco_por_quarto,Preço anunciado por quarto,não aplicável,casa branca|apartamento|2 quartos,Casa Branca · apartamento · 2 quartos,Casa Branca,apartamento,2,11,175.0,148.75,192.5,140.0,210.0,exploratório,10,2,0.18181818181818182,1,175.0,175.0,175.0,52.0
latest_available,Preço mais recente,exclude_suspicious_prices,Sem preços ≥ 10 mil,preco_por_quarto,Preço anunciado por quarto,não aplicável,morretes|casa|2 quartos,Morretes · casa · 2 quartos,Morretes,casa,2,9,173.5,150.0,203.0,149.75,352.7124999999989,evidência insuficiente,8,2,0.2222222222222222,1,163.5,150.0,150.0,53.0
latest_available,Preço mais recente,exclude_suspicious_prices,Sem preços ≥ 10 mil,preco_por_quarto,Preço anunciado por quarto,não aplicável,centro|apartamento|5 quartos,Centro · apartamento · 5 quartos,Centro,apartamento,5,1,170.0,170.0,170.0,,,evidência insuficiente,1,1,1.0,1,170.0,,,54.0
latest_available,Preço mais recente,exclude_suspicious_prices,Sem preços ≥ 10 mil,preco_por_quarto,Preço anunciado por quarto,não aplicável,ilhota|apartamento|3 quartos,Ilhota · apartamento · 3 quartos,Ilhota,apartamento,3,1,166.66666666666666,166.66666666666666,166.66666666666666,,,evidência insuficiente,1,1,1.0,1,166.66666666666666,,,55.0
latest_available,Preço mais recente,exclude_suspicious_prices,Sem preços ≥ 10 mil,preco_por_quarto,Preço anunciado por quarto,não aplicável,sertaozinho|casa|3 quartos,Sertaozinho · casa · 3 quartos,Sertaozinho,casa,3,1,166.66666666666666,166.66666666666666,166.66666666666666,,,evidência insuficiente,1,1,1.0,1,166.66666666666666,,,55.0
latest_available,Preço mais recente,exclude_suspicious_prices,Sem preços ≥ 10 mil,preco_por_quarto,Preço anunciado por quarto,não aplicável,morretes|casa|3 quartos,Morretes · casa · 3 quartos,Morretes,casa,3,1,166.66666666666666,166.66666666666666,166.66666666666666,,,evidência insuficiente,1,1,1.0,1,166.66666666666666,,,55.0
latest_available,Preço mais recente,exclude_suspicious_prices,Sem preços ≥ 10 mil,preco_por_quarto,Preço anunciado por quarto,não aplicável,centro|casa|2 quartos,Centro · casa · 2 quartos,Centro,casa,2,2,151.0,138.0,164.0,,,evidência insuficiente,2,1,0.5,2,151.0,125.0,177.0,58.0
latest_available,Preço mais recente,exclude_suspicious_prices,Sem preços ≥ 10 mil,preco_por_quarto,Preço anunciado por quarto,não aplicável,meia praia|casa|3 quartos,Meia Praia · casa · 3 quartos,Meia Praia,casa,3,5,150.0,133.33333333333334,200.0,126.66666666666667,216.66666666666666,evidência insuficiente,5,1,0.2,5,150.0,141.66666666666669,175.0,59.0
latest_available,Preço mais recente,exclude_suspicious_prices,Sem preços ≥ 10 mil,preco_por_quarto,Preço anunciado por quarto,não aplicável,ilhota|casa|2 quartos,Ilhota · casa · 2 quartos,Ilhota,casa,2,2,140.0,122.5,157.5,,,evidência insuficiente,2,1,0.5,2,140.0,105.0,175.0,60.0
latest_available,Preço mais recente,exclude_suspicious_prices,Sem preços ≥ 10 mil,preco_por_quarto,Preço anunciado por quarto,não aplicável,casa branca|apartamento|3 quartos,Casa Branca · apartamento · 3 quartos,Casa Branca,apartamento,3,2,134.33333333333331,118.16666666666666,150.5,,,evidência insuficiente,2,1,0.5,2,134.33333333333331,102.0,166.66666666666666,61.0
latest_available,Preço mais recente,exclude_suspicious_prices,Sem preços ≥ 10 mil,preco_por_quarto,Preço anunciado por quarto,não aplicável,canto da praia|apartamento|3 quartos,Canto da Praia · apartamento · 3 quartos,Canto da Praia,apartamento,3,1,102.54166666666667,102.54166666666667,102.54166666666667,,,evidência insuficiente,1,1,1.0,1,102.54166666666667,,,62.0
latest_available,Preço mais recente,exclude_suspicious_prices,Sem preços ≥ 10 mil,preco_por_quarto,Preço anunciado por quarto,não aplicável,alto sao bento|apartamento|2 quartos,Alto Sao Bento · apartamento · 2 quartos,Alto Sao Bento,apartamento,2,1,99.5,99.5,99.5,,,evidência insuficiente,1,1,1.0,1,99.5,,,63.0
latest_available,Preço mais recente,exclude_suspicious_prices,Sem preços ≥ 10 mil,preco_total,Preço anunciado total,não aplicável,canto da praia|casa|4 quartos,Canto da Praia · casa · 4 quartos,Canto da Praia,casa,4,1,3900.0,3900.0,3900.0,,,evidência insuficiente,1,1,1.0,1,3900.0,,,1.0
latest_available,Preço mais recente,exclude_suspicious_prices,Sem preços ≥ 10 mil,preco_total,Preço anunciado total,não aplicável,sertaozinho|casa|6 quartos,Sertaozinho · casa · 6 quartos,Sertaozinho,casa,6,2,2575.625,2113.4375,3037.8125,,,evidência insuficiente,2,1,0.5,2,2575.625,1651.25,3500.0,2.0
latest_available,Preço mais recente,exclude_suspicious_prices,Sem preços ≥ 10 mil,preco_total,Preço anunciado total,não aplicável,alto sao bento|casa|12 quartos,Alto Sao Bento · casa · 12 quartos,Alto Sao Bento,casa,12,1,2500.0,2500.0,2500.0,,,evidência insuficiente,1,1,1.0,1,2500.0,,,3.0
latest_available,Preço mais recente,exclude_suspicious_prices,Sem preços ≥ 10 mil,preco_total,Preço anunciado total,não aplicável,meia praia|apartamento|5 quartos,Meia Praia · apartamento · 5 quartos,Meia Praia,apartamento,5,5,1897.0,1450.0,2100.0,900.0,2300.0,evidência insuficiente,5,1,0.2,5,1897.0,1673.5,1998.5,4.0
latest_available,Preço mais recente,exclude_suspicious_prices,Sem preços ≥ 10 mil,preco_total,Preço anunciado total,não aplicável,tabuleiro dos oliveiras|casa|4 quartos,Tabuleiro dos Oliveiras · casa · 4 quartos,Tabuleiro dos Oliveiras,casa,4,1,1700.0,1700.0,1700.0,,,evidência insuficiente,1,1,1.0,1,1700.0,,,5.0
latest_available,Preço mais recente,exclude_suspicious_prices,Sem preços ≥ 10 mil,preco_total,Preço anunciado total,não aplicável,varzea|casa|5 quartos,Varzea · casa · 5 quartos,Varzea,casa,5,1,1500.0,1500.0,1500.0,,,evidência insuficiente,1,1,1.0,1,1500.0,,,6.0
latest_available,Preço mais recente,exclude_suspicious_prices,Sem preços ≥ 10 mil,preco_total,Preço anunciado total,não aplicável,centro|casa|4 quartos,Centro · casa · 4 quartos,Centro,casa,4,4,1350.0,975.0,1800.0,,,evidência insuficiente,4,1,0.25,4,1350.0,1000.0,1700.0,7.0
latest_available,Preço mais recente,exclude_suspicious_prices,Sem preços ≥ 10 mil,preco_total,Preço anunciado total,não aplicável,tabuleiro dos oliveiras|casa|7 quartos,Tabuleiro dos Oliveiras · casa · 7 quartos,Tabuleiro dos Oliveiras,casa,7,1,1350.0,1350.0,1350.0,,,evidência insuficiente,1,1,1.0,1,1350.0,,,7.0
latest_available,Preço mais recente,exclude_suspicious_prices,Sem preços ≥ 10 mil,preco_total,Preço anunciado total,não aplicável,meia praia|casa|7 quartos,Meia Praia · casa · 7 quartos,Meia Praia,casa,7,1,1300.0,1300.0,1300.0,,,evidência insuficiente,1,1,1.0,1,1300.0,,,9.0
latest_available,Preço mais recente,exclude_suspicious_prices,Sem preços ≥ 10 mil,preco_total,Preço anunciado total,não aplicável,tabuleiro dos oliveiras|apartamento|4 quartos,Tabuleiro dos Oliveiras · apartamento · 4 quartos,Tabuleiro dos Oliveiras,apartamento,4,1,1100.0,1100.0,1100.0,,,evidência insuficiente,1,1,1.0,1,1100.0,,,10.0
latest_available,Preço mais recente,exclude_suspicious_prices,Sem preços ≥ 10 mil,preco_total,Preço anunciado total,não aplicável,meia praia|apartamento|4 quartos,Meia Praia · apartamento · 4 quartos,Meia Praia,apartamento,4,60,1012.5,815.0,1651.75,874.0,1450.0,principal,55,2,0.03333333333333333,5,975.0,937.5,1125.0,11.0
latest_available,Preço mais recente,exclude_suspicious_prices,Sem preços ≥ 10 mil,preco_total,Preço anunciado total,não aplicável,morretes|apartamento|4 quartos,Morretes · apartamento · 4 quartos,Morretes,apartamento,4,3,1000.0,795.0,1250.0,,,evidência insuficiente,3,1,0.3333333333333333,3,1000.0,795.0,1250.0,12.0
latest_available,Preço mais recente,exclude_suspicious_prices,Sem preços ≥ 10 mil,preco_total,Preço anunciado total,não aplicável,sertao do trombudo|casa|4 quartos,Sertao do Trombudo · casa · 4 quartos,Sertao do Trombudo,casa,4,1,1000.0,1000.0,1000.0,,,evidência insuficiente,1,1,1.0,1,1000.0,,,12.0
latest_available,Preço mais recente,exclude_suspicious_prices,Sem preços ≥ 10 mil,preco_total,Preço anunciado total,não aplicável,ilhota|casa|4 quartos,Ilhota · casa · 4 quartos,Ilhota,casa,4,1,946.0,946.0,946.0,,,evidência insuficiente,1,1,1.0,1,946.0,,,14.0
latest_available,Preço mais recente,exclude_suspicious_prices,Sem preços ≥ 10 mil,preco_total,Preço anunciado total,não aplicável,morretes|casa|4 quartos,Morretes · casa · 4 quartos,Morretes,casa,4,2,850.0,775.0,925.0,,,evidência insuficiente,2,1,0.5,2,850.0,700.0,1000.0,15.0
latest_available,Preço mais recente,exclude_suspicious_prices,Sem preços ≥ 10 mil,preco_total,Preço anunciado total,não aplicável,centro|apartamento|5 quartos,Centro · apartamento · 5 quartos,Centro,apartamento,5,1,850.0,850.0,850.0,,,evidência insuficiente,1,1,1.0,1,850.0,,,15.0
latest_available,Preço mais recente,exclude_suspicious_prices,Sem preços ≥ 10 mil,preco_total,Preço anunciado total,não aplicável,meia praia|casa|4 quartos,Meia Praia · casa · 4 quartos,Meia Praia,casa,4,2,800.0,650.0,950.0,,,evidência insuficiente,2,1,0.5,2,800.0,500.0,1100.0,17.0
latest_available,Preço mais recente,exclude_suspicious_prices,Sem preços ≥ 10 mil,preco_total,Preço anunciado total,não aplicável,canto da praia|casa|1 quarto,Canto da Praia · casa · 1 quarto,Canto da Praia,casa,1,1,793.0,793.0,793.0,,,evidência insuficiente,1,1,1.0,1,793.0,,,18.0
latest_available,Preço mais recente,exclude_suspicious_prices,Sem preços ≥ 10 mil,preco_total,Preço anunciado total,não aplicável,centro|apartamento|3 quartos,Centro · apartamento · 3 quartos,Centro,apartamento,3,45,790.0,523.0,850.0,650.0,823.58125,principal,41,4,0.08888888888888889,1,750.0,790.0,790.0,19.0
latest_available,Preço mais recente,exclude_suspicious_prices,Sem preços ≥ 10 mil,preco_total,Preço anunciado total,não aplicável,centro|apartamento|4 quartos,Centro · apartamento · 4 quartos,Centro,apartamento,4,4,745.0,637.5,862.5,,,evidência insuficiente,4,1,0.25,4,745.0,700.0,790.0,20.0
latest_available,Preço mais recente,exclude_suspicious_prices,Sem preços ≥ 10 mil,preco_total,Preço anunciado total,não aplicável,desconhecido|casa|1 quarto,Desconhecido · casa · 1 quarto,Desconhecido,casa,1,3,709.0,649.5,754.5,,,evidência insuficiente,3,1,0.3333333333333333,3,709.0,649.5,754.5,21.0
latest_available,Preço mais recente,exclude_suspicious_prices,Sem preços ≥ 10 mil,preco_total,Preço anunciado total,não aplicável,canto da praia|casa|3 quartos,Canto da Praia · casa · 3 quartos,Canto da Praia,casa,3,2,700.0,650.0,750.0,,,evidência insuficiente,2,1,0.5,2,700.0,600.0,800.0,22.0
latest_available,Preço mais recente,exclude_suspicious_prices,Sem preços ≥ 10 mil,preco_total,Preço anunciado total,não aplicável,varzea|casa|3 quartos,Varzea · casa · 3 quartos,Varzea,casa,3,1,700.0,700.0,700.0,,,evidência insuficiente,1,1,1.0,1,700.0,,,22.0
latest_available,Preço mais recente,exclude_suspicious_prices,Sem preços ≥ 10 mil,preco_total,Preço anunciado total,não aplicável,centro|casa|3 quartos,Centro · casa · 3 quartos,Centro,casa,3,2,675.0,512.5,837.5,,,evidência insuficiente,2,1,0.5,2,675.0,350.0,1000.0,24.0
latest_available,Preço mais recente,exclude_suspicious_prices,Sem preços ≥ 10 mil,preco_total,Preço anunciado total,não aplicável,meia praia|apartamento|3 quartos,Meia Praia · apartamento · 3 quartos,Meia Praia,apartamento,3,327,655.25,500.0,832.5,620.3333,700.0,principal,275,12,0.03669724770642202,2,650.0,656.0,680.0,25.0
latest_available,Preço mais recente,exclude_suspicious_prices,Sem preços ≥ 10 mil,preco_total,Preço anunciado total,não aplicável,morretes|apartamento|3 quartos,Morretes · apartamento · 3 quartos,Morretes,apartamento,3,10,611.0833250000001,515.0,907.25,495.0,993.0,exploratório,10,1,0.1,10,611.0833250000001,600.0,622.16665,26.0
latest_available,Preço mais recente,exclude_suspicious_prices,Sem preços ≥ 10 mil,preco_total,Preço anunciado total,não aplicável,tabuleiro dos oliveiras|apartamento|3 quartos,Tabuleiro dos Oliveiras · apartamento · 3 quartos,Tabuleiro dos Oliveiras,apartamento,3,4,597.0,495.0,665.5,,,evidência insuficiente,4,1,0.25,4,597.0,530.0,664.0,27.0
latest_available,Preço mais recente,exclude_suspicious_prices,Sem preços ≥ 10 mil,preco_total,Preço anunciado total,não aplicável,ilhota|casa|3 quartos,Ilhota · casa · 3 quartos,Ilhota,casa,3,2,595.0,542.5,647.5,,,evidência insuficiente,2,1,0.5,2,595.0,490.0,700.0,28.0
latest_available,Preço mais recente,exclude_suspicious_prices,Sem preços ≥ 10 mil,preco_total,Preço anunciado total,não aplicável,ilhota|apartamento|2 quartos,Ilhota · apartamento · 2 quartos,Ilhota,apartamento,2,2,587.5,586.25,588.75,,,evidência insuficiente,2,1,0.5,2,587.5,585.0,590.0,29.0
latest_available,Preço mais recente,exclude_suspicious_prices,Sem preços ≥ 10 mil,preco_total,Preço anunciado total,não aplicável,centro|apartamento|2 quartos,Centro · apartamento · 2 quartos,Centro,apartamento,2,65,580.0,370.0,713.0,399.0,678.0,principal,41,20,0.3076923076923077,1,450.0,405.0,405.0,30.0
latest_available,Preço mais recente,exclude_suspicious_prices,Sem preços ≥ 10 mil,preco_total,Preço anunciado total,não aplicável,areal|casa|1 quarto,Areal · casa · 1 quarto,Areal,casa,1,1,556.0,556.0,556.0,,,evidência insuficiente,1,1,1.0,1,556.0,,,31.0
latest_available,Preço mais recente,exclude_suspicious_prices,Sem preços ≥ 10 mil,preco_total,Preço anunciado total,não aplicável,canto da praia|apartamento|2 quartos,Canto da Praia · apartamento · 2 quartos,Canto da Praia,apartamento,2,4,509.0,494.75,538.375,,,evidência insuficiente,4,1,0.25,4,509.0,500.0,518.0,32.0
latest_available,Preço mais recente,exclude_suspicious_prices,Sem preços ≥ 10 mil,preco_total,Preço anunciado total,não aplicável,sertaozinho|casa|2 quartos,Sertaozinho · casa · 2 quartos,Sertaozinho,casa,2,1,500.0,500.0,500.0,,,evidência insuficiente,1,1,1.0,1,500.0,,,33.0
latest_available,Preço mais recente,exclude_suspicious_prices,Sem preços ≥ 10 mil,preco_total,Preço anunciado total,não aplicável,ilhota|apartamento|3 quartos,Ilhota · apartamento · 3 quartos,Ilhota,apartamento,3,1,500.0,500.0,500.0,,,evidência insuficiente,1,1,1.0,1,500.0,,,33.0
latest_available,Preço mais recente,exclude_suspicious_prices,Sem preços ≥ 10 mil,preco_total,Preço anunciado total,não aplicável,sertaozinho|casa|3 quartos,Sertaozinho · casa · 3 quartos,Sertaozinho,casa,3,1,500.0,500.0,500.0,,,evidência insuficiente,1,1,1.0,1,500.0,,,33.0
latest_available,Preço mais recente,exclude_suspicious_prices,Sem preços ≥ 10 mil,preco_total,Preço anunciado total,não aplicável,morretes|casa|3 quartos,Morretes · casa · 3 quartos,Morretes,casa,3,1,500.0,500.0,500.0,,,evidência insuficiente,1,1,1.0,1,500.0,,,33.0
latest_available,Preço mais recente,exclude_suspicious_prices,Sem preços ≥ 10 mil,preco_total,Preço anunciado total,não aplicável,morretes|apartamento|2 quartos,Morretes · apartamento · 2 quartos,Morretes,apartamento,2,50,461.0,350.0,555.625,385.0,500.0,principal,40,7,0.14,1,446.375,422.5,422.5,37.0
latest_available,Preço mais recente,exclude_suspicious_prices,Sem preços ≥ 10 mil,preco_total,Preço anunciado total,não aplicável,meia praia|apartamento|2 quartos,Meia Praia · apartamento · 2 quartos,Meia Praia,apartamento,2,186,450.0,360.0,582.25,405.0,500.0,principal,162,7,0.03763440860215054,1,450.0,450.0,450.0,38.0
latest_available,Preço mais recente,exclude_suspicious_prices,Sem preços ≥ 10 mil,preco_total,Preço anunciado total,não aplicável,meia praia|casa|3 quartos,Meia Praia · casa · 3 quartos,Meia Praia,casa,3,5,450.0,400.0,600.0,380.0,650.0,evidência insuficiente,5,1,0.2,5,450.0,425.0,525.0,38.0
latest_available,Preço mais recente,exclude_suspicious_prices,Sem preços ≥ 10 mil,preco_total,Preço anunciado total,não aplicável,meia praia|casa|2 quartos,Meia Praia · casa · 2 quartos,Meia Praia,casa,2,3,446.0,372.5,473.0,,,evidência insuficiente,3,1,0.3333333333333333,3,446.0,372.5,473.0,40.0
latest_available,Preço mais recente,exclude_suspicious_prices,Sem preços ≥ 10 mil,preco_total,Preço anunciado total,não aplicável,centro|apartamento|1 quarto,Centro · apartamento · 1 quarto,Centro,apartamento,1,78,445.0,376.25,523.999975,398.77500000000003,474.5,principal,20,54,0.6923076923076923,1,445.0,450.0,450.0,41.0
latest_available,Preço mais recente,exclude_suspicious_prices,Sem preços ≥ 10 mil,preco_total,Preço anunciado total,não aplicável,meia praia|apartamento|1 quarto,Meia Praia · apartamento · 1 quarto,Meia Praia,apartamento,1,20,441.0,373.5,523.25,365.0,530.5,exploratório,16,3,0.15,1,401.0,400.0,400.0,42.0
latest_available,Preço mais recente,exclude_suspicious_prices,Sem preços ≥ 10 mil,preco_total,Preço anunciado total,não aplicável,meia praia|apartamento|0 quartos,Meia Praia · apartamento · 0 quartos,Meia Praia,apartamento,0,8,435.0,325.6,542.5,310.0,545.0,evidência insuficiente,8,1,0.125,8,435.0,380.0,490.0,43.0
latest_available,Preço mais recente,exclude_suspicious_prices,Sem preços ≥ 10 mil,preco_total,Preço anunciado total,não aplicável,tabuleiro dos oliveiras|apartamento|2 quartos,Tabuleiro dos Oliveiras · apartamento · 2 quartos,Tabuleiro dos Oliveiras,apartamento,2,12,425.0,385.25,581.0,350.0,602.0,exploratório,11,2,0.16666666666666666,1,400.0,399.5,399.5,44.0
latest_available,Preço mais recente,exclude_suspicious_prices,Sem preços ≥ 10 mil,preco_total,Preço anunciado total,não aplicável,morretes|apartamento|1 quarto,Morretes · apartamento · 1 quarto,Morretes,apartamento,1,4,415.0,306.25,491.25,,,evidência insuficiente,4,1,0.25,4,415.0,350.0,480.0,45.0
latest_available,Preço mais recente,exclude_suspicious_prices,Sem preços ≥ 10 mil,preco_total,Preço anunciado total,não aplicável,casa branca|apartamento|3 quartos,Casa Branca · apartamento · 3 quartos,Casa Branca,apartamento,3,2,403.0,354.5,451.5,,,evidência insuficiente,2,1,0.5,2,403.0,306.0,500.0,46.0
latest_available,Preço mais recente,exclude_suspicious_prices,Sem preços ≥ 10 mil,preco_total,Preço anunciado total,não aplicável,alto sao bento|casa|1 quarto,Alto Sao Bento · casa · 1 quarto,Alto Sao Bento,casa,1,1,400.0,400.0,400.0,,,evidência insuficiente,1,1,1.0,1,400.0,,,47.0
latest_available,Preço mais recente,exclude_suspicious_prices,Sem preços ≥ 10 mil,preco_total,Preço anunciado total,não aplicável,sertao do trombudo|casa|1 quarto,Sertao do Trombudo · casa · 1 quarto,Sertao do Trombudo,casa,1,2,380.0,375.0,385.0,,,evidência insuficiente,1,2,1.0,1,380.0,,,48.0
latest_available,Preço mais recente,exclude_suspicious_prices,Sem preços ≥ 10 mil,preco_total,Preço anunciado total,não aplicável,casa branca|apartamento|2 quartos,Casa Branca · apartamento · 2 quartos,Casa Branca,apartamento,2,11,350.0,297.5,385.0,280.0,400.0,exploratório,10,2,0.18181818181818182,1,350.0,350.0,350.0,49.0
latest_available,Preço mais recente,exclude_suspicious_prices,Sem preços ≥ 10 mil,preco_total,Preço anunciado total,não aplicável,morretes|casa|2 quartos,Morretes · casa · 2 quartos,Morretes,casa,2,9,347.0,300.0,406.0,299.0,603.0,evidência insuficiente,8,2,0.2222222222222222,1,327.0,300.0,300.0,50.0
latest_available,Preço mais recente,exclude_suspicious_prices,Sem preços ≥ 10 mil,preco_total,Preço anunciado total,não aplicável,ilhota|apartamento|1 quarto,Ilhota · apartamento · 1 quarto,Ilhota,apartamento,1,2,345.5,343.25,347.75,,,evidência insuficiente,1,2,1.0,1,345.5,,,51.0
latest_available,Preço mais recente,exclude_suspicious_prices,Sem preços ≥ 10 mil,preco_total,Preço anunciado total,não aplicável,canto da praia|apartamento|3 quartos,Canto da Praia · apartamento · 3 quartos,Canto da Praia,apartamento,3,1,307.625,307.625,307.625,,,evidência insuficiente,1,1,1.0,1,307.625,,,52.0
latest_available,Preço mais recente,exclude_suspicious_prices,Sem preços ≥ 10 mil,preco_total,Preço anunciado total,não aplicável,centro|casa|2 quartos,Centro · casa · 2 quartos,Centro,casa,2,2,302.0,276.0,328.0,,,evidência insuficiente,2,1,0.5,2,302.0,250.0,354.0,53.0
latest_available,Preço mais recente,exclude_suspicious_prices,Sem preços ≥ 10 mil,preco_total,Preço anunciado total,não aplicável,centro|casa|1 quarto,Centro · casa · 1 quarto,Centro,casa,1,1,283.0,283.0,283.0,,,evidência insuficiente,1,1,1.0,1,283.0,,,54.0
latest_available,Preço mais recente,exclude_suspicious_prices,Sem preços ≥ 10 mil,preco_total,Preço anunciado total,não aplicável,morretes|casa|1 quarto,Morretes · casa · 1 quarto,Morretes,casa,1,2,282.0,237.5,326.5,,,evidência insuficiente,2,1,0.5,2,282.0,193.0,371.0,55.0
latest_available,Preço mais recente,exclude_suspicious_prices,Sem preços ≥ 10 mil,preco_total,Preço anunciado total,não aplicável,ilhota|casa|2 quartos,Ilhota · casa · 2 quartos,Ilhota,casa,2,2,280.0,245.0,315.0,,,evidência insuficiente,2,1,0.5,2,280.0,210.0,350.0,56.0
latest_available,Preço mais recente,exclude_suspicious_prices,Sem preços ≥ 10 mil,preco_total,Preço anunciado total,não aplicável,sertaozinho|casa|1 quarto,Sertaozinho · casa · 1 quarto,Sertaozinho,casa,1,2,274.5,227.25,321.75,,,evidência insuficiente,2,1,0.5,2,274.5,180.0,369.0,57.0
latest_available,Preço mais recente,exclude_suspicious_prices,Sem preços ≥ 10 mil,preco_total,Preço anunciado total,não aplicável,casa branca|casa|1 quarto,Casa Branca · casa · 1 quarto,Casa Branca,casa,1,2,274.5,261.75,287.25,,,evidência insuficiente,2,1,0.5,2,274.5,249.0,300.0,57.0
latest_available,Preço mais recente,exclude_suspicious_prices,Sem preços ≥ 10 mil,preco_total,Preço anunciado total,não aplicável,alto sao bento|apartamento|1 quarto,Alto Sao Bento · apartamento · 1 quarto,Alto Sao Bento,apartamento,1,2,230.0,205.0,255.0,,,evidência insuficiente,2,1,0.5,2,230.0,180.0,280.0,59.0
latest_available,Preço mais recente,exclude_suspicious_prices,Sem preços ≥ 10 mil,preco_total,Preço anunciado total,não aplicável,leopoldo zarling|casa|1 quarto,Leopoldo Zarling · casa · 1 quarto,Leopoldo Zarling,casa,1,1,200.0,200.0,200.0,,,evidência insuficiente,1,1,1.0,1,200.0,,,60.0
latest_available,Preço mais recente,exclude_suspicious_prices,Sem preços ≥ 10 mil,preco_total,Preço anunciado total,não aplicável,jardim praiamar|casa|1 quarto,Jardim Praiamar · casa · 1 quarto,Jardim Praiamar,casa,1,1,200.0,200.0,200.0,,,evidência insuficiente,1,1,1.0,1,200.0,,,60.0
latest_available,Preço mais recente,exclude_suspicious_prices,Sem preços ≥ 10 mil,preco_total,Preço anunciado total,não aplicável,alto sao bento|apartamento|2 quartos,Alto Sao Bento · apartamento · 2 quartos,Alto Sao Bento,apartamento,2,1,199.0,199.0,199.0,,,evidência insuficiente,1,1,1.0,1,199.0,,,62.0
latest_available,Preço mais recente,exclude_suspicious_prices,Sem preços ≥ 10 mil,preco_total,Preço anunciado total,não aplicável,meia praia|casa|1 quarto,Meia Praia · casa · 1 quarto,Meia Praia,casa,1,1,195.0,195.0,195.0,,,evidência insuficiente,1,1,1.0,1,195.0,,,63.0
latest_available,Preço mais recente,exclude_suspicious_prices,Sem preços ≥ 10 mil,preco_total,Preço anunciado total,não aplicável,varzea|casa|1 quarto,Varzea · casa · 1 quarto,Varzea,casa,1,3,185.0,167.0,317.5,,,evidência insuficiente,3,1,0.3333333333333333,3,185.0,167.0,317.5,64.0
latest_available,Preço mais recente,original,Valores originais,preco_por_hospede,Preço anunciado por hóspede comportado,todas as capacidades positivas,canto da praia|casa|4 quartos,Canto da Praia · casa · 4 quartos,Canto da Praia,casa,4,1,487.5,487.5,487.5,,,evidência insuficiente,1,1,1.0,1,487.5,,,1.0
latest_available,Preço mais recente,original,Valores originais,preco_por_hospede,Preço anunciado por hóspede comportado,sem capacidades positivas suspeitas,canto da praia|casa|4 quartos,Canto da Praia · casa · 4 quartos,Canto da Praia,casa,4,1,487.5,487.5,487.5,,,evidência insuficiente,1,1,1.0,1,487.5,,,1.0
latest_available,Preço mais recente,original,Valores originais,preco_por_hospede,Preço anunciado por hóspede comportado,todas as capacidades positivas,desconhecido|casa|1 quarto,Desconhecido · casa · 1 quarto,Desconhecido,casa,1,3,295.0,247.5,324.75,,,evidência insuficiente,3,1,0.3333333333333333,3,295.0,247.5,324.75,2.0
latest_available,Preço mais recente,original,Valores originais,preco_por_hospede,Preço anunciado por hóspede comportado,sem capacidades positivas suspeitas,desconhecido|casa|1 quarto,Desconhecido · casa · 1 quarto,Desconhecido,casa,1,3,295.0,247.5,324.75,,,evidência insuficiente,3,1,0.3333333333333333,3,295.0,247.5,324.75,2.0
latest_available,Preço mais recente,original,Valores originais,preco_por_hospede,Preço anunciado por hóspede comportado,todas as capacidades positivas,areal|casa|1 quarto,Areal · casa · 1 quarto,Areal,casa,1,1,278.0,278.0,278.0,,,evidência insuficiente,1,1,1.0,1,278.0,,,3.0
latest_available,Preço mais recente,original,Valores originais,preco_por_hospede,Preço anunciado por hóspede comportado,sem capacidades positivas suspeitas,areal|casa|1 quarto,Areal · casa · 1 quarto,Areal,casa,1,1,278.0,278.0,278.0,,,evidência insuficiente,1,1,1.0,1,278.0,,,3.0
latest_available,Preço mais recente,original,Valores originais,preco_por_hospede,Preço anunciado por hóspede comportado,todas as capacidades positivas,alto sao bento|casa|1 quarto,Alto Sao Bento · casa · 1 quarto,Alto Sao Bento,casa,1,1,200.0,200.0,200.0,,,evidência insuficiente,1,1,1.0,1,200.0,,,4.0
latest_available,Preço mais recente,original,Valores originais,preco_por_hospede,Preço anunciado por hóspede comportado,sem capacidades positivas suspeitas,alto sao bento|casa|1 quarto,Alto Sao Bento · casa · 1 quarto,Alto Sao Bento,casa,1,1,200.0,200.0,200.0,,,evidência insuficiente,1,1,1.0,1,200.0,,,4.0
latest_available,Preço mais recente,original,Valores originais,preco_por_hospede,Preço anunciado por hóspede comportado,todas as capacidades positivas,sertao do trombudo|casa|1 quarto,Sertao do Trombudo · casa · 1 quarto,Sertao do Trombudo,casa,1,2,190.0,187.5,192.5,,,evidência insuficiente,1,2,1.0,1,190.0,,,5.0
latest_available,Preço mais recente,original,Valores originais,preco_por_hospede,Preço anunciado por hóspede comportado,sem capacidades positivas suspeitas,sertao do trombudo|casa|1 quarto,Sertao do Trombudo · casa · 1 quarto,Sertao do Trombudo,casa,1,2,190.0,187.5,192.5,,,evidência insuficiente,1,2,1.0,1,190.0,,,5.0
latest_available,Preço mais recente,original,Valores originais,preco_por_hospede,Preço anunciado por hóspede comportado,todas as capacidades positivas,sertaozinho|casa|6 quartos,Sertaozinho · casa · 6 quartos,Sertaozinho,casa,6,2,160.9765625,132.08984375,189.86328125,,,evidência insuficiente,2,1,0.5,2,160.9765625,103.203125,218.75,6.0
latest_available,Preço mais recente,original,Valores originais,preco_por_hospede,Preço anunciado por hóspede comportado,sem capacidades positivas suspeitas,sertaozinho|casa|6 quartos,Sertaozinho · casa · 6 quartos,Sertaozinho,casa,6,2,160.9765625,132.08984375,189.86328125,,,evidência insuficiente,2,1,0.5,2,160.9765625,103.203125,218.75,6.0
latest_available,Preço mais recente,original,Valores originais,preco_por_hospede,Preço anunciado por hóspede comportado,todas as capacidades positivas,canto da praia|casa|1 quarto,Canto da Praia · casa · 1 quarto,Canto da Praia,casa,1,1,158.6,158.6,158.6,,,evidência insuficiente,1,1,1.0,1,158.6,,,7.0
latest_available,Preço mais recente,original,Valores originais,preco_por_hospede,Preço anunciado por hóspede comportado,sem capacidades positivas suspeitas,canto da praia|casa|1 quarto,Canto da Praia · casa · 1 quarto,Canto da Praia,casa,1,1,158.6,158.6,158.6,,,evidência insuficiente,1,1,1.0,1,158.6,,,7.0
latest_available,Preço mais recente,original,Valores originais,preco_por_hospede,Preço anunciado por hóspede comportado,todas as capacidades positivas,alto sao bento|casa|12 quartos,Alto Sao Bento · casa · 12 quartos,Alto Sao Bento,casa,12,1,156.25,156.25,156.25,,,evidência insuficiente,1,1,1.0,1,156.25,,,8.0
latest_available,Preço mais recente,original,Valores originais,preco_por_hospede,Preço anunciado por hóspede comportado,sem capacidades positivas suspeitas,alto sao bento|casa|12 quartos,Alto Sao Bento · casa · 12 quartos,Alto Sao Bento,casa,12,1,156.25,156.25,156.25,,,evidência insuficiente,1,1,1.0,1,156.25,,,8.0
latest_available,Preço mais recente,original,Valores originais,preco_por_hospede,Preço anunciado por hóspede comportado,todas as capacidades positivas,tabuleiro dos oliveiras|casa|4 quartos,Tabuleiro dos Oliveiras · casa · 4 quartos,Tabuleiro dos Oliveiras,casa,4,1,141.66666666666666,141.66666666666666,141.66666666666666,,,evidência insuficiente,1,1,1.0,1,141.66666666666666,,,9.0
latest_available,Preço mais recente,original,Valores originais,preco_por_hospede,Preço anunciado por hóspede comportado,sem capacidades positivas suspeitas,tabuleiro dos oliveiras|casa|4 quartos,Tabuleiro dos Oliveiras · casa · 4 quartos,Tabuleiro dos Oliveiras,casa,4,1,141.66666666666666,141.66666666666666,141.66666666666666,,,evidência insuficiente,1,1,1.0,1,141.66666666666666,,,9.0
latest_available,Preço mais recente,original,Valores originais,preco_por_hospede,Preço anunciado por hóspede comportado,todas as capacidades positivas,morretes|casa|1 quarto,Morretes · casa · 1 quarto,Morretes,casa,1,2,141.0,118.75,163.25,,,evidência insuficiente,2,1,0.5,2,141.0,96.5,185.5,10.0
latest_available,Preço mais recente,original,Valores originais,preco_por_hospede,Preço anunciado por hóspede comportado,sem capacidades positivas suspeitas,morretes|casa|1 quarto,Morretes · casa · 1 quarto,Morretes,casa,1,2,141.0,118.75,163.25,,,evidência insuficiente,2,1,0.5,2,141.0,96.5,185.5,10.0
latest_available,Preço mais recente,original,Valores originais,preco_por_hospede,Preço anunciado por hóspede comportado,todas as capacidades positivas,centro|apartamento|1 quarto,Centro · apartamento · 1 quarto,Centro,apartamento,1,78,138.0,123.75,188.25,107.66666666666667,147.25,principal,20,54,0.6923076923076923,1,124.7875,112.5,112.5,11.0
latest_available,Preço mais recente,original,Valores originais,preco_por_hospede,Preço anunciado por hóspede comportado,sem capacidades positivas suspeitas,centro|apartamento|1 quarto,Centro · apartamento · 1 quarto,Centro,apartamento,1,78,138.0,123.75,188.25,107.66666666666667,150.0,principal,20,54,0.6923076923076923,1,124.7875,112.5,112.5,11.0
latest_available,Preço mais recente,original,Valores originais,preco_por_hospede,Preço anunciado por hóspede comportado,todas as capacidades positivas,sertaozinho|casa|1 quarto,Sertaozinho · casa · 1 quarto,Sertaozinho,casa,1,2,137.25,113.625,160.875,,,evidência insuficiente,2,1,0.5,2,137.25,90.0,184.5,12.0
latest_available,Preço mais recente,original,Valores originais,preco_por_hospede,Preço anunciado por hóspede comportado,todas as capacidades positivas,casa branca|casa|1 quarto,Casa Branca · casa · 1 quarto,Casa Branca,casa,1,2,137.25,130.875,143.625,,,evidência insuficiente,2,1,0.5,2,137.25,124.5,150.0,12.0
latest_available,Preço mais recente,original,Valores originais,preco_por_hospede,Preço anunciado por hóspede comportado,sem capacidades positivas suspeitas,sertaozinho|casa|1 quarto,Sertaozinho · casa · 1 quarto,Sertaozinho,casa,1,2,137.25,113.625,160.875,,,evidência insuficiente,2,1,0.5,2,137.25,90.0,184.5,12.0
latest_available,Preço mais recente,original,Valores originais,preco_por_hospede,Preço anunciado por hóspede comportado,sem capacidades positivas suspeitas,casa branca|casa|1 quarto,Casa Branca · casa · 1 quarto,Casa Branca,casa,1,2,137.25,130.875,143.625,,,evidência insuficiente,2,1,0.5,2,137.25,124.5,150.0,12.0
latest_available,Preço mais recente,original,Valores originais,preco_por_hospede,Preço anunciado por hóspede comportado,todas as capacidades positivas,ilhota|apartamento|2 quartos,Ilhota · apartamento · 2 quartos,Ilhota,apartamento,2,2,132.25,124.625,139.875,,,evidência insuficiente,2,1,0.5,2,132.25,117.0,147.5,14.0
latest_available,Preço mais recente,original,Valores originais,preco_por_hospede,Preço anunciado por hóspede comportado,sem capacidades positivas suspeitas,ilhota|apartamento|2 quartos,Ilhota · apartamento · 2 quartos,Ilhota,apartamento,2,2,132.25,124.625,139.875,,,evidência insuficiente,2,1,0.5,2,132.25,117.0,147.5,14.0
latest_available,Preço mais recente,original,Valores originais,preco_por_hospede,Preço anunciado por hóspede comportado,todas as capacidades positivas,meia praia|apartamento|5 quartos,Meia Praia · apartamento · 5 quartos,Meia Praia,apartamento,5,5,131.25,118.5625,145.0,64.28571428571429,153.33333333333334,evidência insuficiente,5,1,0.2,5,131.25,124.90625,138.125,15.0
latest_available,Preço mais recente,original,Valores originais,preco_por_hospede,Preço anunciado por hóspede comportado,sem capacidades positivas suspeitas,meia praia|apartamento|5 quartos,Meia Praia · apartamento · 5 quartos,Meia Praia,apartamento,5,5,131.25,118.5625,145.0,64.28571428571429,153.33333333333334,evidência insuficiente,5,1,0.2,5,131.25,124.90625,138.125,15.0
latest_available,Preço mais recente,original,Valores originais,preco_por_hospede,Preço anunciado por hóspede comportado,todas as capacidades positivas,meia praia|apartamento|1 quarto,Meia Praia · apartamento · 1 quarto,Meia Praia,apartamento,1,20,122.5,97.5,154.125,95.0,189.0,exploratório,16,3,0.15,1,116.25,110.0,110.0,16.0
latest_available,Preço mais recente,original,Valores originais,preco_por_hospede,Preço anunciado por hóspede comportado,sem capacidades positivas suspeitas,meia praia|apartamento|1 quarto,Meia Praia · apartamento · 1 quarto,Meia Praia,apartamento,1,20,122.5,97.5,154.125,95.24375,166.21874999999957,exploratório,16,3,0.15,1,116.25,110.0,110.0,16.0
latest_available,Preço mais recente,original,Valores originais,preco_por_hospede,Preço anunciado por hóspede comportado,todas as capacidades positivas,morretes|apartamento|1 quarto,Morretes · apartamento · 1 quarto,Morretes,apartamento,1,4,118.33333333333334,96.25,122.8125,,,evidência insuficiente,4,1,0.25,4,118.33333333333334,116.66666666666667,120.0,17.0
latest_available,Preço mais recente,original,Valores originais,preco_por_hospede,Preço anunciado por hóspede comportado,sem capacidades positivas suspeitas,morretes|apartamento|1 quarto,Morretes · apartamento · 1 quarto,Morretes,apartamento,1,4,118.33333333333334,96.25,122.8125,,,evidência insuficiente,4,1,0.25,4,118.33333333333334,116.66666666666667,120.0,17.0
latest_available,Preço mais recente,original,Valores originais,preco_por_hospede,Preço anunciado por hóspede comportado,todas as capacidades positivas,centro|casa|4 quartos,Centro · casa · 4 quartos,Centro,casa,4,4,116.28787878787878,88.63636363636363,150.0,,,evidência insuficiente,4,1,0.25,4,116.28787878787878,90.9090909090909,141.66666666666666,18.0
latest_available,Preço mais recente,original,Valores originais,preco_por_hospede,Preço anunciado por hóspede comportado,sem capacidades positivas suspeitas,centro|casa|4 quartos,Centro · casa · 4 quartos,Centro,casa,4,4,116.28787878787878,88.63636363636363,150.0,,,evidência insuficiente,4,1,0.25,4,116.28787878787878,90.9090909090909,141.66666666666666,18.0
latest_available,Preço mais recente,original,Valores originais,preco_por_hospede,Preço anunciado por hóspede comportado,todas as capacidades positivas,canto da praia|apartamento|2 quartos,Canto da Praia · apartamento · 2 quartos,Canto da Praia,apartamento,2,4,111.675,102.67916666666666,121.0625,,,evidência insuficiente,4,1,0.25,4,111.675,103.6,119.75,19.0
latest_available,Preço mais recente,original,Valores originais,preco_por_hospede,Preço anunciado por hóspede comportado,sem capacidades positivas suspeitas,canto da praia|apartamento|2 quartos,Canto da Praia · apartamento · 2 quartos,Canto da Praia,apartamento,2,4,111.675,102.67916666666666,121.0625,,,evidência insuficiente,4,1,0.25,4,111.675,103.6,119.75,19.0
latest_available,Preço mais recente,original,Valores originais,preco_por_hospede,Preço anunciado por hóspede comportado,todas as capacidades positivas,tabuleiro dos oliveiras|apartamento|4 quartos,Tabuleiro dos Oliveiras · apartamento · 4 quartos,Tabuleiro dos Oliveiras,apartamento,4,1,110.0,110.0,110.0,,,evidência insuficiente,1,1,1.0,1,110.0,,,20.0
latest_available,Preço mais recente,original,Valores originais,preco_por_hospede,Preço anunciado por hóspede comportado,sem capacidades positivas suspeitas,tabuleiro dos oliveiras|apartamento|4 quartos,Tabuleiro dos Oliveiras · apartamento · 4 quartos,Tabuleiro dos Oliveiras,apartamento,4,1,110.0,110.0,110.0,,,evidência insuficiente,1,1,1.0,1,110.0,,,20.0
latest_available,Preço mais recente,original,Valores originais,preco_por_hospede,Preço anunciado por hóspede comportado,todas as capacidades positivas,meia praia|apartamento|4 quartos,Meia Praia · apartamento · 4 quartos,Meia Praia,apartamento,4,60,106.25,78.03819444444444,152.25,93.37606837606837,136.36363636363637,principal,55,2,0.03333333333333333,5,106.25,106.21875,107.75,21.0
latest_available,Preço mais recente,original,Valores originais,preco_por_hospede,Preço anunciado por hóspede comportado,sem capacidades positivas suspeitas,meia praia|apartamento|4 quartos,Meia Praia · apartamento · 4 quartos,Meia Praia,apartamento,4,60,106.25,78.03819444444444,152.25,94.44444444444444,136.36363636363637,principal,55,2,0.03333333333333333,5,106.25,106.21875,107.75,21.0
latest_available,Preço mais recente,original,Valores originais,preco_por_hospede,Preço anunciado por hóspede comportado,todas as capacidades positivas,centro|apartamento|3 quartos,Centro · apartamento · 3 quartos,Centro,apartamento,3,45,105.46875,83.0,125.0,96.41666666666666,112.375,principal,41,4,0.08888888888888889,1,104.75,104.75,104.75,22.0
latest_available,Preço mais recente,original,Valores originais,preco_por_hospede,Preço anunciado por hóspede comportado,sem capacidades positivas suspeitas,centro|apartamento|3 quartos,Centro · apartamento · 3 quartos,Centro,apartamento,3,45,105.46875,83.0,125.0,100.0,112.375,principal,41,4,0.08888888888888889,1,104.75,104.75,104.75,22.0
latest_available,Preço mais recente,original,Valores originais,preco_por_hospede,Preço anunciado por hóspede comportado,todas as capacidades positivas,tabuleiro dos oliveiras|casa|7 quartos,Tabuleiro dos Oliveiras · casa · 7 quartos,Tabuleiro dos Oliveiras,casa,7,1,103.84615384615384,103.84615384615384,103.84615384615384,,,evidência insuficiente,1,1,1.0,1,103.84615384615384,,,23.0
latest_available,Preço mais recente,original,Valores originais,preco_por_hospede,Preço anunciado por hóspede comportado,sem capacidades positivas suspeitas,tabuleiro dos oliveiras|casa|7 quartos,Tabuleiro dos Oliveiras · casa · 7 quartos,Tabuleiro dos Oliveiras,casa,7,1,103.84615384615384,103.84615384615384,103.84615384615384,,,evidência insuficiente,1,1,1.0,1,103.84615384615384,,,23.0
latest_available,Preço mais recente,original,Valores originais,preco_por_hospede,Preço anunciado por hóspede comportado,todas as capacidades positivas,leopoldo zarling|casa|1 quarto,Leopoldo Zarling · casa · 1 quarto,Leopoldo Zarling,casa,1,1,100.0,100.0,100.0,,,evidência insuficiente,1,1,1.0,1,100.0,,,24.0
latest_available,Preço mais recente,original,Valores originais,preco_por_hospede,Preço anunciado por hóspede comportado,todas as capacidades positivas,centro|apartamento|2 quartos,Centro · apartamento · 2 quartos,Centro,apartamento,2,65,100.0,68.0,141.42857142857142,71.98125,116.54166666666667,principal,41,20,0.3076923076923077,1,80.25,78.75926111111112,78.75926111111112,24.0
latest_available,Preço mais recente,original,Valores originais,preco_por_hospede,Preço anunciado por hóspede comportado,todas as capacidades positivas,varzea|casa|5 quartos,Varzea · casa · 5 quartos,Varzea,casa,5,1,100.0,100.0,100.0,,,evidência insuficiente,1,1,1.0,1,100.0,,,24.0
latest_available,Preço mais recente,original,Valores originais,preco_por_hospede,Preço anunciado por hóspede comportado,todas as capacidades positivas,canto da praia|casa|3 quartos,Canto da Praia · casa · 3 quartos,Canto da Praia,casa,3,2,100.0,100.0,100.0,,,evidência insuficiente,2,1,0.5,2,100.0,100.0,100.0,24.0
latest_available,Preço mais recente,original,Valores originais,preco_por_hospede,Preço anunciado por hóspede comportado,todas as capacidades positivas,sertaozinho|casa|2 quartos,Sertaozinho · casa · 2 quartos,Sertaozinho,casa,2,1,100.0,100.0,100.0,,,evidência insuficiente,1,1,1.0,1,100.0,,,24.0
latest_available,Preço mais recente,original,Valores originais,preco_por_hospede,Preço anunciado por hóspede comportado,todas as capacidades positivas,varzea|casa|3 quartos,Varzea · casa · 3 quartos,Varzea,casa,3,1,100.0,100.0,100.0,,,evidência insuficiente,1,1,1.0,1,100.0,,,24.0
latest_available,Preço mais recente,original,Valores originais,preco_por_hospede,Preço anunciado por hóspede comportado,sem capacidades positivas suspeitas,leopoldo zarling|casa|1 quarto,Leopoldo Zarling · casa · 1 quarto,Leopoldo Zarling,casa,1,1,100.0,100.0,100.0,,,evidência insuficiente,1,1,1.0,1,100.0,,,24.0
latest_available,Preço mais recente,original,Valores originais,preco_por_hospede,Preço anunciado por hóspede comportado,sem capacidades positivas suspeitas,centro|apartamento|2 quartos,Centro · apartamento · 2 quartos,Centro,apartamento,2,65,100.0,68.0,141.42857142857142,69.0,116.52083333333334,principal,41,20,0.3076923076923077,1,80.25,78.75926111111112,78.75926111111112,24.0
latest_available,Preço mais recente,original,Valores originais,preco_por_hospede,Preço anunciado por hóspede comportado,sem capacidades positivas suspeitas,varzea|casa|5 quartos,Varzea · casa · 5 quartos,Varzea,casa,5,1,100.0,100.0,100.0,,,evidência insuficiente,1,1,1.0,1,100.0,,,24.0
latest_available,Preço mais recente,original,Valores originais,preco_por_hospede,Preço anunciado por hóspede comportado,sem capacidades positivas suspeitas,canto da praia|casa|3 quartos,Canto da Praia · casa · 3 quartos,Canto da Praia,casa,3,2,100.0,100.0,100.0,,,evidência insuficiente,2,1,0.5,2,100.0,100.0,100.0,24.0
latest_available,Preço mais recente,original,Valores originais,preco_por_hospede,Preço anunciado por hóspede comportado,sem capacidades positivas suspeitas,sertaozinho|casa|2 quartos,Sertaozinho · casa · 2 quartos,Sertaozinho,casa,2,1,100.0,100.0,100.0,,,evidência insuficiente,1,1,1.0,1,100.0,,,24.0
latest_available,Preço mais recente,original,Valores originais,preco_por_hospede,Preço anunciado por hóspede comportado,sem capacidades positivas suspeitas,varzea|casa|3 quartos,Varzea · casa · 3 quartos,Varzea,casa,3,1,100.0,100.0,100.0,,,evidência insuficiente,1,1,1.0,1,100.0,,,24.0
latest_available,Preço mais recente,original,Valores originais,preco_por_hospede,Preço anunciado por hóspede comportado,todas as capacidades positivas,tabuleiro dos oliveiras|apartamento|3 quartos,Tabuleiro dos Oliveiras · apartamento · 3 quartos,Tabuleiro dos Oliveiras,apartamento,3,4,99.5,82.5,116.5,,,evidência insuficiente,4,1,0.25,4,99.5,88.33333333333333,110.66666666666667,30.0
latest_available,Preço mais recente,original,Valores originais,preco_por_hospede,Preço anunciado por hóspede comportado,sem capacidades positivas suspeitas,tabuleiro dos oliveiras|apartamento|3 quartos,Tabuleiro dos Oliveiras · apartamento · 3 quartos,Tabuleiro dos Oliveiras,apartamento,3,4,99.5,82.5,116.5,,,evidência insuficiente,4,1,0.25,4,99.5,88.33333333333333,110.66666666666667,30.0
latest_available,Preço mais recente,original,Valores originais,preco_por_hospede,Preço anunciado por hóspede comportado,todas as capacidades positivas,centro|apartamento|4 quartos,Centro · apartamento · 4 quartos,Centro,apartamento,4,4,99.375,83.4375,113.57142857142857,,,evidência insuficiente,4,1,0.25,4,99.375,98.75,100.0,31.0
latest_available,Preço mais recente,original,Valores originais,preco_por_hospede,Preço anunciado por hóspede comportado,sem capacidades positivas suspeitas,centro|apartamento|4 quartos,Centro · apartamento · 4 quartos,Centro,apartamento,4,4,99.375,83.4375,113.57142857142857,,,evidência insuficiente,4,1,0.25,4,99.375,98.75,100.0,31.0
latest_available,Preço mais recente,original,Valores originais,preco_por_hospede,Preço anunciado por hóspede comportado,todas as capacidades positivas,ilhota|casa|4 quartos,Ilhota · casa · 4 quartos,Ilhota,casa,4,1,94.6,94.6,94.6,,,evidência insuficiente,1,1,1.0,1,94.6,,,32.0
latest_available,Preço mais recente,original,Valores originais,preco_por_hospede,Preço anunciado por hóspede comportado,sem capacidades positivas suspeitas,ilhota|casa|4 quartos,Ilhota · casa · 4 quartos,Ilhota,casa,4,1,94.6,94.6,94.6,,,evidência insuficiente,1,1,1.0,1,94.6,,,32.0
latest_available,Preço mais recente,original,Valores originais,preco_por_hospede,Preço anunciado por hóspede comportado,todas as capacidades positivas,morretes|apartamento|2 quartos,Morretes · apartamento · 2 quartos,Morretes,apartamento,2,51,91.66666666666667,63.333333333333336,118.875,73.66666666666666,112.5,principal,40,7,0.13725490196078433,1,87.5,86.0,86.0,33.0
latest_available,Preço mais recente,original,Valores originais,preco_por_hospede,Preço anunciado por hóspede comportado,sem capacidades positivas suspeitas,morretes|apartamento|2 quartos,Morretes · apartamento · 2 quartos,Morretes,apartamento,2,51,91.66666666666667,63.333333333333336,118.875,73.66666666666666,112.5,principal,40,7,0.13725490196078433,1,87.5,86.0,86.0,33.0
latest_available,Preço mais recente,original,Valores originais,preco_por_hospede,Preço anunciado por hóspede comportado,todas as capacidades positivas,meia praia|apartamento|3 quartos,Meia Praia · apartamento · 3 quartos,Meia Praia,apartamento,3,327,88.54166875,66.66666666666667,114.64285714285714,83.33333333333333,93.75,principal,275,12,0.03669724770642202,2,87.75,88.0,89.125,34.0
latest_available,Preço mais recente,original,Valores originais,preco_por_hospede,Preço anunciado por hóspede comportado,sem capacidades positivas suspeitas,meia praia|apartamento|3 quartos,Meia Praia · apartamento · 3 quartos,Meia Praia,apartamento,3,326,88.33333437499999,66.66666666666667,114.82142857142857,83.79761904761905,93.75,principal,274,12,0.03680981595092025,2,87.625,87.875,89.10795454545455,34.0
latest_available,Preço mais recente,original,Valores originais,preco_por_hospede,Preço anunciado por hóspede comportado,todas as capacidades positivas,ilhota|apartamento|1 quarto,Ilhota · apartamento · 1 quarto,Ilhota,apartamento,1,2,86.375,85.8125,86.9375,,,evidência insuficiente,1,2,1.0,1,86.375,,,35.0
latest_available,Preço mais recente,original,Valores originais,preco_por_hospede,Preço anunciado por hóspede comportado,sem capacidades positivas suspeitas,ilhota|apartamento|1 quarto,Ilhota · apartamento · 1 quarto,Ilhota,apartamento,1,2,86.375,85.8125,86.9375,,,evidência insuficiente,1,2,1.0,1,86.375,,,35.0
latest_available,Preço mais recente,original,Valores originais,preco_por_hospede,Preço anunciado por hóspede comportado,todas as capacidades positivas,meia praia|apartamento|0 quartos,Meia Praia · apartamento · 0 quartos,Meia Praia,apartamento,0,8,85.625,68.4625,101.875,41.35,122.5,evidência insuficiente,8,1,0.125,8,85.625,81.25,90.0,36.0
latest_available,Preço mais recente,original,Valores originais,preco_por_hospede,Preço anunciado por hóspede comportado,sem capacidades positivas suspeitas,meia praia|apartamento|0 quartos,Meia Praia · apartamento · 0 quartos,Meia Praia,apartamento,0,8,85.625,68.4625,101.875,41.35,122.5,evidência insuficiente,8,1,0.125,8,85.625,81.25,90.0,36.0
latest_available,Preço mais recente,original,Valores originais,preco_por_hospede,Preço anunciado por hóspede comportado,todas as capacidades positivas,morretes|apartamento|4 quartos,Morretes · apartamento · 4 quartos,Morretes,apartamento,4,3,83.33333333333333,78.54166666666666,135.41666666666666,,,evidência insuficiente,3,1,0.3333333333333333,3,83.33333333333333,78.54166666666666,135.41666666666666,37.0
latest_available,Preço mais recente,original,Valores originais,preco_por_hospede,Preço anunciado por hóspede comportado,sem capacidades positivas suspeitas,morretes|apartamento|3 quartos,Morretes · apartamento · 3 quartos,Morretes,apartamento,3,9,83.33333333333333,62.216665,124.125,62.196962660714284,127.75,evidência insuficiente,9,1,0.1111111111111111,9,83.33333333333333,79.16666666666666,88.33333333333333,37.0
latest_available,Preço mais recente,original,Valores originais,preco_por_hospede,Preço anunciado por hóspede comportado,sem capacidades positivas suspeitas,morretes|apartamento|4 quartos,Morretes · apartamento · 4 quartos,Morretes,apartamento,4,3,83.33333333333333,78.54166666666666,135.41666666666666,,,evidência insuficiente,3,1,0.3333333333333333,3,83.33333333333333,78.54166666666666,135.41666666666666,37.0
latest_available,Preço mais recente,original,Valores originais,preco_por_hospede,Preço anunciado por hóspede comportado,todas as capacidades positivas,meia praia|casa|7 quartos,Meia Praia · casa · 7 quartos,Meia Praia,casa,7,1,81.25,81.25,81.25,,,evidência insuficiente,1,1,1.0,1,81.25,,,38.0
latest_available,Preço mais recente,original,Valores originais,preco_por_hospede,Preço anunciado por hóspede comportado,sem capacidades positivas suspeitas,meia praia|casa|7 quartos,Meia Praia · casa · 7 quartos,Meia Praia,casa,7,1,81.25,81.25,81.25,,,evidência insuficiente,1,1,1.0,1,81.25,,,39.0
latest_available,Preço mais recente,original,Valores originais,preco_por_hospede,Preço anunciado por hóspede comportado,todas as capacidades positivas,centro|casa|3 quartos,Centro · casa · 3 quartos,Centro,casa,3,2,80.55555555555556,65.27777777777777,95.83333333333334,,,evidência insuficiente,2,1,0.5,2,80.55555555555556,50.0,111.11111111111111,39.0
latest_available,Preço mais recente,original,Valores originais,preco_por_hospede,Preço anunciado por hóspede comportado,sem capacidades positivas suspeitas,centro|casa|3 quartos,Centro · casa · 3 quartos,Centro,casa,3,2,80.55555555555556,65.27777777777777,95.83333333333334,,,evidência insuficiente,2,1,0.5,2,80.55555555555556,50.0,111.11111111111111,40.0
latest_available,Preço mais recente,original,Valores originais,preco_por_hospede,Preço anunciado por hóspede comportado,todas as capacidades positivas,alto sao bento|apartamento|1 quarto,Alto Sao Bento · apartamento · 1 quarto,Alto Sao Bento,apartamento,1,2,80.0,75.0,85.0,,,evidência insuficiente,2,1,0.5,2,80.0,70.0,90.0,40.0
latest_available,Preço mais recente,original,Valores originais,preco_por_hospede,Preço anunciado por hóspede comportado,sem capacidades positivas suspeitas,alto sao bento|apartamento|1 quarto,Alto Sao Bento · apartamento · 1 quarto,Alto Sao Bento,apartamento,1,2,80.0,75.0,85.0,,,evidência insuficiente,2,1,0.5,2,80.0,70.0,90.0,41.0
latest_available,Preço mais recente,original,Valores originais,preco_por_hospede,Preço anunciado por hóspede comportado,sem capacidades positivas suspeitas,tabuleiro dos oliveiras|apartamento|2 quartos,Tabuleiro dos Oliveiras · apartamento · 2 quartos,Tabuleiro dos Oliveiras,apartamento,2,11,79.8,70.83333333333334,127.15,66.66666666666667,128.8,exploratório,10,2,0.18181818181818182,1,79.6,79.4,79.4,42.0
latest_available,Preço mais recente,original,Valores originais,preco_por_hospede,Preço anunciado por hóspede comportado,todas as capacidades positivas,tabuleiro dos oliveiras|apartamento|2 quartos,Tabuleiro dos Oliveiras · apartamento · 2 quartos,Tabuleiro dos Oliveiras,apartamento,2,12,79.6,64.58333333333334,126.325,58.333333333333336,128.8,exploratório,11,2,0.16666666666666666,1,79.4,77.2,77.2,41.0
latest_available,Preço mais recente,original,Valores originais,preco_por_hospede,Preço anunciado por hóspede comportado,todas as capacidades positivas,morretes|apartamento|3 quartos,Morretes · apartamento · 3 quartos,Morretes,apartamento,3,10,79.16666666666666,61.62559482142857,116.42708333333333,57.589285714285715,125.9375,exploratório,10,1,0.1,10,79.16666666666666,75.0,83.33333333333333,42.0
latest_available,Preço mais recente,original,Valores originais,preco_por_hospede,Preço anunciado por hóspede comportado,todas as capacidades positivas,meia praia|apartamento|2 quartos,Meia Praia · apartamento · 2 quartos,Meia Praia,apartamento,2,187,78.0,63.095238095238095,100.0,71.28571428571429,83.33333333333333,principal,163,7,0.0374331550802139,1,75.0,75.5,75.5,43.0
latest_available,Preço mais recente,original,Valores originais,preco_por_hospede,Preço anunciado por hóspede comportado,sem capacidades positivas suspeitas,meia praia|apartamento|2 quartos,Meia Praia · apartamento · 2 quartos,Meia Praia,apartamento,2,187,78.0,63.095238095238095,100.0,71.35535714285714,83.33333333333333,principal,163,7,0.0374331550802139,1,75.0,75.5,75.5,43.0
latest_available,Preço mais recente,original,Valores originais,preco_por_hospede,Preço anunciado por hóspede comportado,todas as capacidades positivas,varzea|casa|1 quarto,Varzea · casa · 1 quarto,Varzea,casa,1,3,74.5,60.375,93.5,,,evidência insuficiente,3,1,0.3333333333333333,3,74.5,60.375,93.5,44.0
latest_available,Preço mais recente,original,Valores originais,preco_por_hospede,Preço anunciado por hóspede comportado,sem capacidades positivas suspeitas,varzea|casa|1 quarto,Varzea · casa · 1 quarto,Varzea,casa,1,3,74.5,60.375,93.5,,,evidência insuficiente,3,1,0.3333333333333333,3,74.5,60.375,93.5,44.0
latest_available,Preço mais recente,original,Valores originais,preco_por_hospede,Preço anunciado por hóspede comportado,todas as capacidades positivas,ilhota|casa|3 quartos,Ilhota · casa · 3 quartos,Ilhota,casa,3,2,74.375,67.8125,80.9375,,,evidência insuficiente,2,1,0.5,2,74.375,61.25,87.5,45.0
latest_available,Preço mais recente,original,Valores originais,preco_por_hospede,Preço anunciado por hóspede comportado,sem capacidades positivas suspeitas,ilhota|casa|3 quartos,Ilhota · casa · 3 quartos,Ilhota,casa,3,2,74.375,67.8125,80.9375,,,evidência insuficiente,2,1,0.5,2,74.375,61.25,87.5,45.0
latest_available,Preço mais recente,original,Valores originais,preco_por_hospede,Preço anunciado por hóspede comportado,todas as capacidades positivas,casa branca|apartamento|2 quartos,Casa Branca · apartamento · 2 quartos,Casa Branca,apartamento,2,11,74.0,63.65,98.33333333333334,57.5,116.66666666666667,exploratório,10,2,0.18181818181818182,1,74.45,74.0,74.0,46.0
latest_available,Preço mais recente,original,Valores originais,preco_por_hospede,Preço anunciado por hóspede comportado,sem capacidades positivas suspeitas,casa branca|apartamento|2 quartos,Casa Branca · apartamento · 2 quartos,Casa Branca,apartamento,2,11,74.0,63.65,98.33333333333334,57.5,116.66666666666667,exploratório,10,2,0.18181818181818182,1,74.45,74.0,74.0,46.0
latest_available,Preço mais recente,original,Valores originais,preco_por_hospede,Preço anunciado por hóspede comportado,todas as capacidades positivas,centro|apartamento|5 quartos,Centro · apartamento · 5 quartos,Centro,apartamento,5,1,70.83333333333333,70.83333333333333,70.83333333333333,,,evidência insuficiente,1,1,1.0,1,70.83333333333333,,,47.0
latest_available,Preço mais recente,original,Valores originais,preco_por_hospede,Preço anunciado por hóspede comportado,sem capacidades positivas suspeitas,centro|apartamento|5 quartos,Centro · apartamento · 5 quartos,Centro,apartamento,5,1,70.83333333333333,70.83333333333333,70.83333333333333,,,evidência insuficiente,1,1,1.0,1,70.83333333333333,,,47.0
latest_available,Preço mais recente,original,Valores originais,preco_por_hospede,Preço anunciado por hóspede comportado,todas as capacidades positivas,centro|casa|1 quarto,Centro · casa · 1 quarto,Centro,casa,1,1,70.75,70.75,70.75,,,evidência insuficiente,1,1,1.0,1,70.75,,,48.0
latest_available,Preço mais recente,original,Valores originais,preco_por_hospede,Preço anunciado por hóspede comportado,sem capacidades positivas suspeitas,centro|casa|1 quarto,Centro · casa · 1 quarto,Centro,casa,1,1,70.75,70.75,70.75,,,evidência insuficiente,1,1,1.0,1,70.75,,,48.0
latest_available,Preço mais recente,original,Valores originais,preco_por_hospede,Preço anunciado por hóspede comportado,todas as capacidades positivas,meia praia|casa|4 quartos,Meia Praia · casa · 4 quartos,Meia Praia,casa,4,2,67.3076923076923,58.65384615384615,75.96153846153845,,,evidência insuficiente,2,1,0.5,2,67.3076923076923,50.0,84.61538461538461,49.0
latest_available,Preço mais recente,original,Valores originais,preco_por_hospede,Preço anunciado por hóspede comportado,sem capacidades positivas suspeitas,meia praia|casa|4 quartos,Meia Praia · casa · 4 quartos,Meia Praia,casa,4,2,67.3076923076923,58.65384615384615,75.96153846153845,,,evidência insuficiente,2,1,0.5,2,67.3076923076923,50.0,84.61538461538461,49.0
latest_available,Preço mais recente,original,Valores originais,preco_por_hospede,Preço anunciado por hóspede comportado,todas as capacidades positivas,casa branca|apartamento|3 quartos,Casa Branca · apartamento · 3 quartos,Casa Branca,apartamento,3,2,67.16666666666666,59.08333333333333,75.25,,,evidência insuficiente,2,1,0.5,2,67.16666666666666,51.0,83.33333333333333,50.0
latest_available,Preço mais recente,original,Valores originais,preco_por_hospede,Preço anunciado por hóspede comportado,sem capacidades positivas suspeitas,casa branca|apartamento|3 quartos,Casa Branca · apartamento · 3 quartos,Casa Branca,apartamento,3,2,67.16666666666666,59.08333333333333,75.25,,,evidência insuficiente,2,1,0.5,2,67.16666666666666,51.0,83.33333333333333,50.0
latest_available,Preço mais recente,original,Valores originais,preco_por_hospede,Preço anunciado por hóspede comportado,todas as capacidades positivas,sertao do trombudo|casa|4 quartos,Sertao do Trombudo · casa · 4 quartos,Sertao do Trombudo,casa,4,1,66.66666666666667,66.66666666666667,66.66666666666667,,,evidência insuficiente,1,1,1.0,1,66.66666666666667,,,51.0
latest_available,Preço mais recente,original,Valores originais,preco_por_hospede,Preço anunciado por hóspede comportado,sem capacidades positivas suspeitas,sertao do trombudo|casa|4 quartos,Sertao do Trombudo · casa · 4 quartos,Sertao do Trombudo,casa,4,1,66.66666666666667,66.66666666666667,66.66666666666667,,,evidência insuficiente,1,1,1.0,1,66.66666666666667,,,51.0
latest_available,Preço mais recente,original,Valores originais,preco_por_hospede,Preço anunciado por hóspede comportado,todas as capacidades positivas,meia praia|casa|1 quarto,Meia Praia · casa · 1 quarto,Meia Praia,casa,1,1,65.0,65.0,65.0,,,evidência insuficiente,1,1,1.0,1,65.0,,,52.0
latest_available,Preço mais recente,original,Valores originais,preco_por_hospede,Preço anunciado por hóspede comportado,sem capacidades positivas suspeitas,meia praia|casa|1 quarto,Meia Praia · casa · 1 quarto,Meia Praia,casa,1,1,65.0,65.0,65.0,,,evidência insuficiente,1,1,1.0,1,65.0,,,52.0
latest_available,Preço mais recente,original,Valores originais,preco_por_hospede,Preço anunciado por hóspede comportado,todas as capacidades positivas,morretes|casa|4 quartos,Morretes · casa · 4 quartos,Morretes,casa,4,2,63.541666666666664,53.64583333333333,73.4375,,,evidência insuficiente,2,1,0.5,2,63.541666666666664,43.75,83.33333333333333,53.0
latest_available,Preço mais recente,original,Valores originais,preco_por_hospede,Preço anunciado por hóspede comportado,sem capacidades positivas suspeitas,morretes|casa|4 quartos,Morretes · casa · 4 quartos,Morretes,casa,4,2,63.541666666666664,53.64583333333333,73.4375,,,evidência insuficiente,2,1,0.5,2,63.541666666666664,43.75,83.33333333333333,53.0
latest_available,Preço mais recente,original,Valores originais,preco_por_hospede,Preço anunciado por hóspede comportado,todas as capacidades positivas,meia praia|casa|3 quartos,Meia Praia · casa · 3 quartos,Meia Praia,casa,3,5,63.333333333333336,50.0,72.22222222222223,50.0,85.71428571428571,evidência insuficiente,5,1,0.2,5,63.333333333333336,56.66666666666667,67.77777777777779,54.0
latest_available,Preço mais recente,original,Valores originais,preco_por_hospede,Preço anunciado por hóspede comportado,sem capacidades positivas suspeitas,meia praia|casa|3 quartos,Meia Praia · casa · 3 quartos,Meia Praia,casa,3,5,63.333333333333336,50.0,72.22222222222223,50.0,85.71428571428571,evidência insuficiente,5,1,0.2,5,63.333333333333336,56.66666666666667,67.77777777777779,54.0
latest_available,Preço mais recente,original,Valores originais,preco_por_hospede,Preço anunciado por hóspede comportado,todas as capacidades positivas,ilhota|apartamento|3 quartos,Ilhota · apartamento · 3 quartos,Ilhota,apartamento,3,1,62.5,62.5,62.5,,,evidência insuficiente,1,1,1.0,1,62.5,,,55.0
latest_available,Preço mais recente,original,Valores originais,preco_por_hospede,Preço anunciado por hóspede comportado,todas as capacidades positivas,sertaozinho|casa|3 quartos,Sertaozinho · casa · 3 quartos,Sertaozinho,casa,3,1,62.5,62.5,62.5,,,evidência insuficiente,1,1,1.0,1,62.5,,,55.0
latest_available,Preço mais recente,original,Valores originais,preco_por_hospede,Preço anunciado por hóspede comportado,sem capacidades positivas suspeitas,ilhota|apartamento|3 quartos,Ilhota · apartamento · 3 quartos,Ilhota,apartamento,3,1,62.5,62.5,62.5,,,evidência insuficiente,1,1,1.0,1,62.5,,,55.0
latest_available,Preço mais recente,original,Valores originais,preco_por_hospede,Preço anunciado por hóspede comportado,sem capacidades positivas suspeitas,sertaozinho|casa|3 quartos,Sertaozinho · casa · 3 quartos,Sertaozinho,casa,3,1,62.5,62.5,62.5,,,evidência insuficiente,1,1,1.0,1,62.5,,,55.0
latest_available,Preço mais recente,original,Valores originais,preco_por_hospede,Preço anunciado por hóspede comportado,sem capacidades positivas suspeitas,meia praia|casa|2 quartos,Meia Praia · casa · 2 quartos,Meia Praia,casa,2,2,62.375,56.1875,68.5625,,,evidência insuficiente,2,1,0.5,2,62.375,50.0,74.75,57.0
latest_available,Preço mais recente,original,Valores originais,preco_por_hospede,Preço anunciado por hóspede comportado,todas as capacidades positivas,centro|casa|2 quartos,Centro · casa · 2 quartos,Centro,casa,2,2,60.4,55.2,65.6,,,evidência insuficiente,2,1,0.5,2,60.4,50.0,70.8,57.0
latest_available,Preço mais recente,original,Valores originais,preco_por_hospede,Preço anunciado por hóspede comportado,sem capacidades positivas suspeitas,centro|casa|2 quartos,Centro · casa · 2 quartos,Centro,casa,2,2,60.4,55.2,65.6,,,evidência insuficiente,2,1,0.5,2,60.4,50.0,70.8,58.0
latest_available,Preço mais recente,original,Valores originais,preco_por_hospede,Preço anunciado por hóspede comportado,todas as capacidades positivas,morretes|casa|2 quartos,Morretes · casa · 2 quartos,Morretes,casa,2,9,50.75,50.0,75.0,32.81818181818182,100.0,evidência insuficiente,8,2,0.2222222222222222,1,62.75,74.75,74.75,58.0
latest_available,Preço mais recente,original,Valores originais,preco_por_hospede,Preço anunciado por hóspede comportado,sem capacidades positivas suspeitas,morretes|casa|2 quartos,Morretes · casa · 2 quartos,Morretes,casa,2,9,50.75,50.0,75.0,32.81818181818182,87.81249999999972,evidência insuficiente,8,2,0.2222222222222222,1,62.75,74.75,74.75,59.0
latest_available,Preço mais recente,original,Valores originais,preco_por_hospede,Preço anunciado por hóspede comportado,todas as capacidades positivas,meia praia|casa|2 quartos,Meia Praia · casa · 2 quartos,Meia Praia,casa,2,3,50.0,38.9375,62.375,,,evidência insuficiente,3,1,0.3333333333333333,3,50.0,38.9375,62.375,59.0
latest_available,Preço mais recente,original,Valores originais,preco_por_hospede,Preço anunciado por hóspede comportado,todas as capacidades positivas,jardim praiamar|casa|1 quarto,Jardim Praiamar · casa · 1 quarto,Jardim Praiamar,casa,1,1,50.0,50.0,50.0,,,evidência insuficiente,1,1,1.0,1,50.0,,,59.0
latest_available,Preço mais recente,original,Valores originais,preco_por_hospede,Preço anunciado por hóspede comportado,todas as capacidades positivas,morretes|casa|3 quartos,Morretes · casa · 3 quartos,Morretes,casa,3,1,50.0,50.0,50.0,,,evidência insuficiente,1,1,1.0,1,50.0,,,59.0
latest_available,Preço mais recente,original,Valores originais,preco_por_hospede,Preço anunciado por hóspede comportado,sem capacidades positivas suspeitas,jardim praiamar|casa|1 quarto,Jardim Praiamar · casa · 1 quarto,Jardim Praiamar,casa,1,1,50.0,50.0,50.0,,,evidência insuficiente,1,1,1.0,1,50.0,,,60.0
latest_available,Preço mais recente,original,Valores originais,preco_por_hospede,Preço anunciado por hóspede comportado,sem capacidades positivas suspeitas,morretes|casa|3 quartos,Morretes · casa · 3 quartos,Morretes,casa,3,1,50.0,50.0,50.0,,,evidência insuficiente,1,1,1.0,1,50.0,,,60.0
latest_available,Preço mais recente,original,Valores originais,preco_por_hospede,Preço anunciado por hóspede comportado,todas as capacidades positivas,alto sao bento|apartamento|2 quartos,Alto Sao Bento · apartamento · 2 quartos,Alto Sao Bento,apartamento,2,1,49.75,49.75,49.75,,,evidência insuficiente,1,1,1.0,1,49.75,,,62.0
latest_available,Preço mais recente,original,Valores originais,preco_por_hospede,Preço anunciado por hóspede comportado,sem capacidades positivas suspeitas,alto sao bento|apartamento|2 quartos,Alto Sao Bento · apartamento · 2 quartos,Alto Sao Bento,apartamento,2,1,49.75,49.75,49.75,,,evidência insuficiente,1,1,1.0,1,49.75,,,62.0
latest_available,Preço mais recente,original,Valores originais,preco_por_hospede,Preço anunciado por hóspede comportado,todas as capacidades positivas,ilhota|casa|2 quartos,Ilhota · casa · 2 quartos,Ilhota,casa,2,2,38.5,36.75,40.25,,,evidência insuficiente,2,1,0.5,2,38.5,35.0,42.0,63.0
latest_available,Preço mais recente,original,Valores originais,preco_por_hospede,Preço anunciado por hóspede comportado,sem capacidades positivas suspeitas,ilhota|casa|2 quartos,Ilhota · casa · 2 quartos,Ilhota,casa,2,2,38.5,36.75,40.25,,,evidência insuficiente,2,1,0.5,2,38.5,35.0,42.0,63.0
latest_available,Preço mais recente,original,Valores originais,preco_por_hospede,Preço anunciado por hóspede comportado,todas as capacidades positivas,canto da praia|apartamento|3 quartos,Canto da Praia · apartamento · 3 quartos,Canto da Praia,apartamento,3,1,38.453125,38.453125,38.453125,,,evidência insuficiente,1,1,1.0,1,38.453125,,,64.0
latest_available,Preço mais recente,original,Valores originais,preco_por_hospede,Preço anunciado por hóspede comportado,sem capacidades positivas suspeitas,canto da praia|apartamento|3 quartos,Canto da Praia · apartamento · 3 quartos,Canto da Praia,apartamento,3,1,38.453125,38.453125,38.453125,,,evidência insuficiente,1,1,1.0,1,38.453125,,,64.0
latest_available,Preço mais recente,original,Valores originais,preco_por_quarto,Preço anunciado por quarto,não aplicável,canto da praia|casa|4 quartos,Canto da Praia · casa · 4 quartos,Canto da Praia,casa,4,1,975.0,975.0,975.0,,,evidência insuficiente,1,1,1.0,1,975.0,,,1.0
latest_available,Preço mais recente,original,Valores originais,preco_por_quarto,Preço anunciado por quarto,não aplicável,canto da praia|casa|1 quarto,Canto da Praia · casa · 1 quarto,Canto da Praia,casa,1,1,793.0,793.0,793.0,,,evidência insuficiente,1,1,1.0,1,793.0,,,2.0
latest_available,Preço mais recente,original,Valores originais,preco_por_quarto,Preço anunciado por quarto,não aplicável,desconhecido|casa|1 quarto,Desconhecido · casa · 1 quarto,Desconhecido,casa,1,3,709.0,649.5,754.5,,,evidência insuficiente,3,1,0.3333333333333333,3,709.0,649.5,754.5,3.0
latest_available,Preço mais recente,original,Valores originais,preco_por_quarto,Preço anunciado por quarto,não aplicável,areal|casa|1 quarto,Areal · casa · 1 quarto,Areal,casa,1,1,556.0,556.0,556.0,,,evidência insuficiente,1,1,1.0,1,556.0,,,4.0
latest_available,Preço mais recente,original,Valores originais,preco_por_quarto,Preço anunciado por quarto,não aplicável,centro|apartamento|1 quarto,Centro · apartamento · 1 quarto,Centro,apartamento,1,78,445.0,376.25,523.999975,390.0,471.0,principal,20,54,0.6923076923076923,1,445.0,450.0,450.0,5.0
latest_available,Preço mais recente,original,Valores originais,preco_por_quarto,Preço anunciado por quarto,não aplicável,meia praia|apartamento|1 quarto,Meia Praia · apartamento · 1 quarto,Meia Praia,apartamento,1,20,441.0,373.5,523.25,369.0,545.0,exploratório,16,3,0.15,1,401.0,400.0,400.0,6.0
latest_available,Preço mais recente,original,Valores originais,preco_por_quarto,Preço anunciado por quarto,não aplicável,sertaozinho|casa|6 quartos,Sertaozinho · casa · 6 quartos,Sertaozinho,casa,6,2,429.27083333333337,352.2395833333333,506.30208333333337,,,evidência insuficiente,2,1,0.5,2,429.27083333333337,275.2083333333333,583.3333333333334,7.0
latest_available,Preço mais recente,original,Valores originais,preco_por_quarto,Preço anunciado por quarto,não aplicável,tabuleiro dos oliveiras|casa|4 quartos,Tabuleiro dos Oliveiras · casa · 4 quartos,Tabuleiro dos Oliveiras,casa,4,1,425.0,425.0,425.0,,,evidência insuficiente,1,1,1.0,1,425.0,,,8.0
latest_available,Preço mais recente,original,Valores originais,preco_por_quarto,Preço anunciado por quarto,não aplicável,morretes|apartamento|1 quarto,Morretes · apartamento · 1 quarto,Morretes,apartamento,1,4,415.0,306.25,491.25,,,evidência insuficiente,4,1,0.25,4,415.0,350.0,480.0,9.0
latest_available,Preço mais recente,original,Valores originais,preco_por_quarto,Preço anunciado por quarto,não aplicável,alto sao bento|casa|1 quarto,Alto Sao Bento · casa · 1 quarto,Alto Sao Bento,casa,1,1,400.0,400.0,400.0,,,evidência insuficiente,1,1,1.0,1,400.0,,,10.0
latest_available,Preço mais recente,original,Valores originais,preco_por_quarto,Preço anunciado por quarto,não aplicável,sertao do trombudo|casa|1 quarto,Sertao do Trombudo · casa · 1 quarto,Sertao do Trombudo,casa,1,2,380.0,375.0,385.0,,,evidência insuficiente,1,2,1.0,1,380.0,,,11.0
latest_available,Preço mais recente,original,Valores originais,preco_por_quarto,Preço anunciado por quarto,não aplicável,meia praia|apartamento|5 quartos,Meia Praia · apartamento · 5 quartos,Meia Praia,apartamento,5,5,379.4,290.0,420.0,180.0,460.0,evidência insuficiente,5,1,0.2,5,379.4,334.7,399.7,12.0
latest_available,Preço mais recente,original,Valores originais,preco_por_quarto,Preço anunciado por quarto,não aplicável,ilhota|apartamento|1 quarto,Ilhota · apartamento · 1 quarto,Ilhota,apartamento,1,2,345.5,343.25,347.75,,,evidência insuficiente,1,2,1.0,1,345.5,,,13.0
latest_available,Preço mais recente,original,Valores originais,preco_por_quarto,Preço anunciado por quarto,não aplicável,centro|casa|4 quartos,Centro · casa · 4 quartos,Centro,casa,4,4,337.5,243.75,450.0,,,evidência insuficiente,4,1,0.25,4,337.5,250.0,425.0,14.0
latest_available,Preço mais recente,original,Valores originais,preco_por_quarto,Preço anunciado por quarto,não aplicável,varzea|casa|5 quartos,Varzea · casa · 5 quartos,Varzea,casa,5,1,300.0,300.0,300.0,,,evidência insuficiente,1,1,1.0,1,300.0,,,15.0
latest_available,Preço mais recente,original,Valores originais,preco_por_quarto,Preço anunciado por quarto,não aplicável,ilhota|apartamento|2 quartos,Ilhota · apartamento · 2 quartos,Ilhota,apartamento,2,2,293.75,293.125,294.375,,,evidência insuficiente,2,1,0.5,2,293.75,292.5,295.0,16.0
latest_available,Preço mais recente,original,Valores originais,preco_por_quarto,Preço anunciado por quarto,não aplicável,centro|apartamento|2 quartos,Centro · apartamento · 2 quartos,Centro,apartamento,2,65,290.0,185.0,356.5,199.5,339.0,principal,41,20,0.3076923076923077,1,225.0,202.5,202.5,17.0
latest_available,Preço mais recente,original,Valores originais,preco_por_quarto,Preço anunciado por quarto,não aplicável,centro|casa|1 quarto,Centro · casa · 1 quarto,Centro,casa,1,1,283.0,283.0,283.0,,,evidência insuficiente,1,1,1.0,1,283.0,,,18.0
latest_available,Preço mais recente,original,Valores originais,preco_por_quarto,Preço anunciado por quarto,não aplicável,morretes|casa|1 quarto,Morretes · casa · 1 quarto,Morretes,casa,1,2,282.0,237.5,326.5,,,evidência insuficiente,2,1,0.5,2,282.0,193.0,371.0,19.0
latest_available,Preço mais recente,original,Valores originais,preco_por_quarto,Preço anunciado por quarto,não aplicável,tabuleiro dos oliveiras|apartamento|4 quartos,Tabuleiro dos Oliveiras · apartamento · 4 quartos,Tabuleiro dos Oliveiras,apartamento,4,1,275.0,275.0,275.0,,,evidência insuficiente,1,1,1.0,1,275.0,,,20.0
latest_available,Preço mais recente,original,Valores originais,preco_por_quarto,Preço anunciado por quarto,não aplicável,sertaozinho|casa|1 quarto,Sertaozinho · casa · 1 quarto,Sertaozinho,casa,1,2,274.5,227.25,321.75,,,evidência insuficiente,2,1,0.5,2,274.5,180.0,369.0,21.0
latest_available,Preço mais recente,original,Valores originais,preco_por_quarto,Preço anunciado por quarto,não aplicável,casa branca|casa|1 quarto,Casa Branca · casa · 1 quarto,Casa Branca,casa,1,2,274.5,261.75,287.25,,,evidência insuficiente,2,1,0.5,2,274.5,249.0,300.0,21.0
latest_available,Preço mais recente,original,Valores originais,preco_por_quarto,Preço anunciado por quarto,não aplicável,centro|apartamento|3 quartos,Centro · apartamento · 3 quartos,Centro,apartamento,3,45,263.3333333333333,174.33333333333334,283.3333333333333,216.66666666666666,270.5,principal,41,4,0.08888888888888889,1,250.0,263.3333333333333,263.3333333333333,23.0
latest_available,Preço mais recente,original,Valores originais,preco_por_quarto,Preço anunciado por quarto,não aplicável,canto da praia|apartamento|2 quartos,Canto da Praia · apartamento · 2 quartos,Canto da Praia,apartamento,2,4,254.5,247.375,269.1875,,,evidência insuficiente,4,1,0.25,4,254.5,250.0,259.0,24.0
latest_available,Preço mais recente,original,Valores originais,preco_por_quarto,Preço anunciado por quarto,não aplicável,meia praia|apartamento|4 quartos,Meia Praia · apartamento · 4 quartos,Meia Praia,apartamento,4,60,253.125,203.75,412.9375,218.5,368.75,principal,55,2,0.03333333333333333,5,243.75,234.375,281.25,25.0
latest_available,Preço mais recente,original,Valores originais,preco_por_quarto,Preço anunciado por quarto,não aplicável,morretes|apartamento|4 quartos,Morretes · apartamento · 4 quartos,Morretes,apartamento,4,3,250.0,198.75,312.5,,,evidência insuficiente,3,1,0.3333333333333333,3,250.0,198.75,312.5,26.0
latest_available,Preço mais recente,original,Valores originais,preco_por_quarto,Preço anunciado por quarto,não aplicável,sertaozinho|casa|2 quartos,Sertaozinho · casa · 2 quartos,Sertaozinho,casa,2,1,250.0,250.0,250.0,,,evidência insuficiente,1,1,1.0,1,250.0,,,26.0
latest_available,Preço mais recente,original,Valores originais,preco_por_quarto,Preço anunciado por quarto,não aplicável,sertao do trombudo|casa|4 quartos,Sertao do Trombudo · casa · 4 quartos,Sertao do Trombudo,casa,4,1,250.0,250.0,250.0,,,evidência insuficiente,1,1,1.0,1,250.0,,,26.0
latest_available,Preço mais recente,original,Valores originais,preco_por_quarto,Preço anunciado por quarto,não aplicável,ilhota|casa|4 quartos,Ilhota · casa · 4 quartos,Ilhota,casa,4,1,236.5,236.5,236.5,,,evidência insuficiente,1,1,1.0,1,236.5,,,29.0
latest_available,Preço mais recente,original,Valores originais,preco_por_quarto,Preço anunciado por quarto,não aplicável,canto da praia|casa|3 quartos,Canto da Praia · casa · 3 quartos,Canto da Praia,casa,3,2,233.33333333333334,216.66666666666669,250.0,,,evidência insuficiente,2,1,0.5,2,233.33333333333334,200.0,266.6666666666667,30.0
latest_available,Preço mais recente,original,Valores originais,preco_por_quarto,Preço anunciado por quarto,não aplicável,varzea|casa|3 quartos,Varzea · casa · 3 quartos,Varzea,casa,3,1,233.33333333333334,233.33333333333334,233.33333333333334,,,evidência insuficiente,1,1,1.0,1,233.33333333333334,,,30.0
latest_available,Preço mais recente,original,Valores originais,preco_por_quarto,Preço anunciado por quarto,não aplicável,morretes|apartamento|2 quartos,Morretes · apartamento · 2 quartos,Morretes,apartamento,2,51,232.0,175.0,279.625,192.5,250.0,principal,40,7,0.13725490196078433,1,233.5,218.125,218.125,32.0
latest_available,Preço mais recente,original,Valores originais,preco_por_quarto,Preço anunciado por quarto,não aplicável,alto sao bento|apartamento|1 quarto,Alto Sao Bento · apartamento · 1 quarto,Alto Sao Bento,apartamento,1,2,230.0,205.0,255.0,,,evidência insuficiente,2,1,0.5,2,230.0,180.0,280.0,33.0
latest_available,Preço mais recente,original,Valores originais,preco_por_quarto,Preço anunciado por quarto,não aplicável,meia praia|apartamento|2 quartos,Meia Praia · apartamento · 2 quartos,Meia Praia,apartamento,2,187,225.0,180.0,291.916675,205.0,250.0,principal,163,7,0.0374331550802139,1,225.0,225.0,225.0,34.0
latest_available,Preço mais recente,original,Valores originais,preco_por_quarto,Preço anunciado por quarto,não aplicável,centro|casa|3 quartos,Centro · casa · 3 quartos,Centro,casa,3,2,225.0,170.83333333333331,279.16666666666663,,,evidência insuficiente,2,1,0.5,2,225.0,116.66666666666667,333.3333333333333,34.0
latest_available,Preço mais recente,original,Valores originais,preco_por_quarto,Preço anunciado por quarto,não aplicável,meia praia|casa|2 quartos,Meia Praia · casa · 2 quartos,Meia Praia,casa,2,3,223.0,186.25,236.5,,,evidência insuficiente,3,1,0.3333333333333333,3,223.0,186.25,236.5,36.0
latest_available,Preço mais recente,original,Valores originais,preco_por_quarto,Preço anunciado por quarto,não aplicável,meia praia|apartamento|3 quartos,Meia Praia · apartamento · 3 quartos,Meia Praia,apartamento,3,327,218.41666666666666,166.66666666666666,277.5,207.54009875,233.33333333333334,principal,275,12,0.03669724770642202,2,216.66666666666666,218.66666666666666,226.66666666666666,37.0
latest_available,Preço mais recente,original,Valores originais,preco_por_quarto,Preço anunciado por quarto,não aplicável,tabuleiro dos oliveiras|apartamento|2 quartos,Tabuleiro dos Oliveiras · apartamento · 2 quartos,Tabuleiro dos Oliveiras,apartamento,2,12,212.5,192.625,290.5,175.0,280.0,exploratório,11,2,0.16666666666666666,1,200.0,199.75,199.75,38.0
latest_available,Preço mais recente,original,Valores originais,preco_por_quarto,Preço anunciado por quarto,não aplicável,morretes|casa|4 quartos,Morretes · casa · 4 quartos,Morretes,casa,4,2,212.5,193.75,231.25,,,evidência insuficiente,2,1,0.5,2,212.5,175.0,250.0,38.0
latest_available,Preço mais recente,original,Valores originais,preco_por_quarto,Preço anunciado por quarto,não aplicável,alto sao bento|casa|12 quartos,Alto Sao Bento · casa · 12 quartos,Alto Sao Bento,casa,12,1,208.33333333333334,208.33333333333334,208.33333333333334,,,evidência insuficiente,1,1,1.0,1,208.33333333333334,,,40.0
latest_available,Preço mais recente,original,Valores originais,preco_por_quarto,Preço anunciado por quarto,não aplicável,morretes|apartamento|3 quartos,Morretes · apartamento · 3 quartos,Morretes,apartamento,3,10,203.69444166666665,171.66666666666666,302.4166666666667,165.0,331.1208333333332,exploratório,10,1,0.1,10,203.69444166666665,200.0,207.38888333333333,41.0
latest_available,Preço mais recente,original,Valores originais,preco_por_quarto,Preço anunciado por quarto,não aplicável,leopoldo zarling|casa|1 quarto,Leopoldo Zarling · casa · 1 quarto,Leopoldo Zarling,casa,1,1,200.0,200.0,200.0,,,evidência insuficiente,1,1,1.0,1,200.0,,,42.0
latest_available,Preço mais recente,original,Valores originais,preco_por_quarto,Preço anunciado por quarto,não aplicável,meia praia|casa|4 quartos,Meia Praia · casa · 4 quartos,Meia Praia,casa,4,2,200.0,162.5,237.5,,,evidência insuficiente,2,1,0.5,2,200.0,125.0,275.0,42.0
latest_available,Preço mais recente,original,Valores originais,preco_por_quarto,Preço anunciado por quarto,não aplicável,jardim praiamar|casa|1 quarto,Jardim Praiamar · casa · 1 quarto,Jardim Praiamar,casa,1,1,200.0,200.0,200.0,,,evidência insuficiente,1,1,1.0,1,200.0,,,42.0
latest_available,Preço mais recente,original,Valores originais,preco_por_quarto,Preço anunciado por quarto,não aplicável,tabuleiro dos oliveiras|apartamento|3 quartos,Tabuleiro dos Oliveiras · apartamento · 3 quartos,Tabuleiro dos Oliveiras,apartamento,3,4,199.0,165.0,221.83333333333334,,,evidência insuficiente,4,1,0.25,4,199.0,176.66666666666666,221.33333333333334,45.0
latest_available,Preço mais recente,original,Valores originais,preco_por_quarto,Preço anunciado por quarto,não aplicável,ilhota|casa|3 quartos,Ilhota · casa · 3 quartos,Ilhota,casa,3,2,198.33333333333334,180.83333333333334,215.83333333333334,,,evidência insuficiente,2,1,0.5,2,198.33333333333334,163.33333333333334,233.33333333333334,46.0
latest_available,Preço mais recente,original,Valores originais,preco_por_quarto,Preço anunciado por quarto,não aplicável,meia praia|casa|1 quarto,Meia Praia · casa · 1 quarto,Meia Praia,casa,1,1,195.0,195.0,195.0,,,evidência insuficiente,1,1,1.0,1,195.0,,,47.0
latest_available,Preço mais recente,original,Valores originais,preco_por_quarto,Preço anunciado por quarto,não aplicável,tabuleiro dos oliveiras|casa|7 quartos,Tabuleiro dos Oliveiras · casa · 7 quartos,Tabuleiro dos Oliveiras,casa,7,1,192.85714285714286,192.85714285714286,192.85714285714286,,,evidência insuficiente,1,1,1.0,1,192.85714285714286,,,48.0
latest_available,Preço mais recente,original,Valores originais,preco_por_quarto,Preço anunciado por quarto,não aplicável,centro|apartamento|4 quartos,Centro · apartamento · 4 quartos,Centro,apartamento,4,4,186.25,159.375,215.625,,,evidência insuficiente,4,1,0.25,4,186.25,175.0,197.5,49.0
latest_available,Preço mais recente,original,Valores originais,preco_por_quarto,Preço anunciado por quarto,não aplicável,meia praia|casa|7 quartos,Meia Praia · casa · 7 quartos,Meia Praia,casa,7,1,185.71428571428572,185.71428571428572,185.71428571428572,,,evidência insuficiente,1,1,1.0,1,185.71428571428572,,,50.0
latest_available,Preço mais recente,original,Valores originais,preco_por_quarto,Preço anunciado por quarto,não aplicável,varzea|casa|1 quarto,Varzea · casa · 1 quarto,Varzea,casa,1,3,185.0,167.0,317.5,,,evidência insuficiente,3,1,0.3333333333333333,3,185.0,167.0,317.5,51.0
latest_available,Preço mais recente,original,Valores originais,preco_por_quarto,Preço anunciado por quarto,não aplicável,casa branca|apartamento|2 quartos,Casa Branca · apartamento · 2 quartos,Casa Branca,apartamento,2,11,175.0,148.75,192.5,140.0,200.0,exploratório,10,2,0.18181818181818182,1,175.0,175.0,175.0,52.0
latest_available,Preço mais recente,original,Valores originais,preco_por_quarto,Preço anunciado por quarto,não aplicável,morretes|casa|2 quartos,Morretes · casa · 2 quartos,Morretes,casa,2,9,173.5,150.0,203.0,149.75,352.7124999999989,evidência insuficiente,8,2,0.2222222222222222,1,163.5,150.0,150.0,53.0
latest_available,Preço mais recente,original,Valores originais,preco_por_quarto,Preço anunciado por quarto,não aplicável,centro|apartamento|5 quartos,Centro · apartamento · 5 quartos,Centro,apartamento,5,1,170.0,170.0,170.0,,,evidência insuficiente,1,1,1.0,1,170.0,,,54.0
latest_available,Preço mais recente,original,Valores originais,preco_por_quarto,Preço anunciado por quarto,não aplicável,ilhota|apartamento|3 quartos,Ilhota · apartamento · 3 quartos,Ilhota,apartamento,3,1,166.66666666666666,166.66666666666666,166.66666666666666,,,evidência insuficiente,1,1,1.0,1,166.66666666666666,,,55.0
latest_available,Preço mais recente,original,Valores originais,preco_por_quarto,Preço anunciado por quarto,não aplicável,sertaozinho|casa|3 quartos,Sertaozinho · casa · 3 quartos,Sertaozinho,casa,3,1,166.66666666666666,166.66666666666666,166.66666666666666,,,evidência insuficiente,1,1,1.0,1,166.66666666666666,,,55.0
latest_available,Preço mais recente,original,Valores originais,preco_por_quarto,Preço anunciado por quarto,não aplicável,morretes|casa|3 quartos,Morretes · casa · 3 quartos,Morretes,casa,3,1,166.66666666666666,166.66666666666666,166.66666666666666,,,evidência insuficiente,1,1,1.0,1,166.66666666666666,,,55.0
latest_available,Preço mais recente,original,Valores originais,preco_por_quarto,Preço anunciado por quarto,não aplicável,centro|casa|2 quartos,Centro · casa · 2 quartos,Centro,casa,2,2,151.0,138.0,164.0,,,evidência insuficiente,2,1,0.5,2,151.0,125.0,177.0,58.0
latest_available,Preço mais recente,original,Valores originais,preco_por_quarto,Preço anunciado por quarto,não aplicável,meia praia|casa|3 quartos,Meia Praia · casa · 3 quartos,Meia Praia,casa,3,5,150.0,133.33333333333334,200.0,126.66666666666667,216.66666666666666,evidência insuficiente,5,1,0.2,5,150.0,141.66666666666669,175.0,59.0
latest_available,Preço mais recente,original,Valores originais,preco_por_quarto,Preço anunciado por quarto,não aplicável,ilhota|casa|2 quartos,Ilhota · casa · 2 quartos,Ilhota,casa,2,2,140.0,122.5,157.5,,,evidência insuficiente,2,1,0.5,2,140.0,105.0,175.0,60.0
latest_available,Preço mais recente,original,Valores originais,preco_por_quarto,Preço anunciado por quarto,não aplicável,casa branca|apartamento|3 quartos,Casa Branca · apartamento · 3 quartos,Casa Branca,apartamento,3,2,134.33333333333331,118.16666666666666,150.5,,,evidência insuficiente,2,1,0.5,2,134.33333333333331,102.0,166.66666666666666,61.0
latest_available,Preço mais recente,original,Valores originais,preco_por_quarto,Preço anunciado por quarto,não aplicável,canto da praia|apartamento|3 quartos,Canto da Praia · apartamento · 3 quartos,Canto da Praia,apartamento,3,1,102.54166666666667,102.54166666666667,102.54166666666667,,,evidência insuficiente,1,1,1.0,1,102.54166666666667,,,62.0
latest_available,Preço mais recente,original,Valores originais,preco_por_quarto,Preço anunciado por quarto,não aplicável,alto sao bento|apartamento|2 quartos,Alto Sao Bento · apartamento · 2 quartos,Alto Sao Bento,apartamento,2,1,99.5,99.5,99.5,,,evidência insuficiente,1,1,1.0,1,99.5,,,63.0
latest_available,Preço mais recente,original,Valores originais,preco_total,Preço anunciado total,não aplicável,canto da praia|casa|4 quartos,Canto da Praia · casa · 4 quartos,Canto da Praia,casa,4,1,3900.0,3900.0,3900.0,,,evidência insuficiente,1,1,1.0,1,3900.0,,,1.0
latest_available,Preço mais recente,original,Valores originais,preco_total,Preço anunciado total,não aplicável,sertaozinho|casa|6 quartos,Sertaozinho · casa · 6 quartos,Sertaozinho,casa,6,2,2575.625,2113.4375,3037.8125,,,evidência insuficiente,2,1,0.5,2,2575.625,1651.25,3500.0,2.0
latest_available,Preço mais recente,original,Valores originais,preco_total,Preço anunciado total,não aplicável,alto sao bento|casa|12 quartos,Alto Sao Bento · casa · 12 quartos,Alto Sao Bento,casa,12,1,2500.0,2500.0,2500.0,,,evidência insuficiente,1,1,1.0,1,2500.0,,,3.0
latest_available,Preço mais recente,original,Valores originais,preco_total,Preço anunciado total,não aplicável,meia praia|apartamento|5 quartos,Meia Praia · apartamento · 5 quartos,Meia Praia,apartamento,5,5,1897.0,1450.0,2100.0,900.0,2300.0,evidência insuficiente,5,1,0.2,5,1897.0,1673.5,1998.5,4.0
latest_available,Preço mais recente,original,Valores originais,preco_total,Preço anunciado total,não aplicável,tabuleiro dos oliveiras|casa|4 quartos,Tabuleiro dos Oliveiras · casa · 4 quartos,Tabuleiro dos Oliveiras,casa,4,1,1700.0,1700.0,1700.0,,,evidência insuficiente,1,1,1.0,1,1700.0,,,5.0
latest_available,Preço mais recente,original,Valores originais,preco_total,Preço anunciado total,não aplicável,varzea|casa|5 quartos,Varzea · casa · 5 quartos,Varzea,casa,5,1,1500.0,1500.0,1500.0,,,evidência insuficiente,1,1,1.0,1,1500.0,,,6.0
latest_available,Preço mais recente,original,Valores originais,preco_total,Preço anunciado total,não aplicável,centro|casa|4 quartos,Centro · casa · 4 quartos,Centro,casa,4,4,1350.0,975.0,1800.0,,,evidência insuficiente,4,1,0.25,4,1350.0,1000.0,1700.0,7.0
latest_available,Preço mais recente,original,Valores originais,preco_total,Preço anunciado total,não aplicável,tabuleiro dos oliveiras|casa|7 quartos,Tabuleiro dos Oliveiras · casa · 7 quartos,Tabuleiro dos Oliveiras,casa,7,1,1350.0,1350.0,1350.0,,,evidência insuficiente,1,1,1.0,1,1350.0,,,7.0
latest_available,Preço mais recente,original,Valores originais,preco_total,Preço anunciado total,não aplicável,meia praia|casa|7 quartos,Meia Praia · casa · 7 quartos,Meia Praia,casa,7,1,1300.0,1300.0,1300.0,,,evidência insuficiente,1,1,1.0,1,1300.0,,,9.0
latest_available,Preço mais recente,original,Valores originais,preco_total,Preço anunciado total,não aplicável,tabuleiro dos oliveiras|apartamento|4 quartos,Tabuleiro dos Oliveiras · apartamento · 4 quartos,Tabuleiro dos Oliveiras,apartamento,4,1,1100.0,1100.0,1100.0,,,evidência insuficiente,1,1,1.0,1,1100.0,,,10.0
latest_available,Preço mais recente,original,Valores originais,preco_total,Preço anunciado total,não aplicável,meia praia|apartamento|4 quartos,Meia Praia · apartamento · 4 quartos,Meia Praia,apartamento,4,60,1012.5,815.0,1651.75,874.0,1500.0,principal,55,2,0.03333333333333333,5,975.0,937.5,1125.0,11.0
latest_available,Preço mais recente,original,Valores originais,preco_total,Preço anunciado total,não aplicável,morretes|apartamento|4 quartos,Morretes · apartamento · 4 quartos,Morretes,apartamento,4,3,1000.0,795.0,1250.0,,,evidência insuficiente,3,1,0.3333333333333333,3,1000.0,795.0,1250.0,12.0
latest_available,Preço mais recente,original,Valores originais,preco_total,Preço anunciado total,não aplicável,sertao do trombudo|casa|4 quartos,Sertao do Trombudo · casa · 4 quartos,Sertao do Trombudo,casa,4,1,1000.0,1000.0,1000.0,,,evidência insuficiente,1,1,1.0,1,1000.0,,,12.0
latest_available,Preço mais recente,original,Valores originais,preco_total,Preço anunciado total,não aplicável,ilhota|casa|4 quartos,Ilhota · casa · 4 quartos,Ilhota,casa,4,1,946.0,946.0,946.0,,,evidência insuficiente,1,1,1.0,1,946.0,,,14.0
latest_available,Preço mais recente,original,Valores originais,preco_total,Preço anunciado total,não aplicável,morretes|casa|4 quartos,Morretes · casa · 4 quartos,Morretes,casa,4,2,850.0,775.0,925.0,,,evidência insuficiente,2,1,0.5,2,850.0,700.0,1000.0,15.0
latest_available,Preço mais recente,original,Valores originais,preco_total,Preço anunciado total,não aplicável,centro|apartamento|5 quartos,Centro · apartamento · 5 quartos,Centro,apartamento,5,1,850.0,850.0,850.0,,,evidência insuficiente,1,1,1.0,1,850.0,,,15.0
latest_available,Preço mais recente,original,Valores originais,preco_total,Preço anunciado total,não aplicável,meia praia|casa|4 quartos,Meia Praia · casa · 4 quartos,Meia Praia,casa,4,2,800.0,650.0,950.0,,,evidência insuficiente,2,1,0.5,2,800.0,500.0,1100.0,17.0
latest_available,Preço mais recente,original,Valores originais,preco_total,Preço anunciado total,não aplicável,canto da praia|casa|1 quarto,Canto da Praia · casa · 1 quarto,Canto da Praia,casa,1,1,793.0,793.0,793.0,,,evidência insuficiente,1,1,1.0,1,793.0,,,18.0
latest_available,Preço mais recente,original,Valores originais,preco_total,Preço anunciado total,não aplicável,centro|apartamento|3 quartos,Centro · apartamento · 3 quartos,Centro,apartamento,3,45,790.0,523.0,850.0,650.0,842.896875,principal,41,4,0.08888888888888889,1,750.0,790.0,790.0,19.0
latest_available,Preço mais recente,original,Valores originais,preco_total,Preço anunciado total,não aplicável,centro|apartamento|4 quartos,Centro · apartamento · 4 quartos,Centro,apartamento,4,4,745.0,637.5,862.5,,,evidência insuficiente,4,1,0.25,4,745.0,700.0,790.0,20.0
latest_available,Preço mais recente,original,Valores originais,preco_total,Preço anunciado total,não aplicável,desconhecido|casa|1 quarto,Desconhecido · casa · 1 quarto,Desconhecido,casa,1,3,709.0,649.5,754.5,,,evidência insuficiente,3,1,0.3333333333333333,3,709.0,649.5,754.5,21.0
latest_available,Preço mais recente,original,Valores originais,preco_total,Preço anunciado total,não aplicável,canto da praia|casa|3 quartos,Canto da Praia · casa · 3 quartos,Canto da Praia,casa,3,2,700.0,650.0,750.0,,,evidência insuficiente,2,1,0.5,2,700.0,600.0,800.0,22.0
latest_available,Preço mais recente,original,Valores originais,preco_total,Preço anunciado total,não aplicável,varzea|casa|3 quartos,Varzea · casa · 3 quartos,Varzea,casa,3,1,700.0,700.0,700.0,,,evidência insuficiente,1,1,1.0,1,700.0,,,22.0
latest_available,Preço mais recente,original,Valores originais,preco_total,Preço anunciado total,não aplicável,centro|casa|3 quartos,Centro · casa · 3 quartos,Centro,casa,3,2,675.0,512.5,837.5,,,evidência insuficiente,2,1,0.5,2,675.0,350.0,1000.0,24.0
latest_available,Preço mais recente,original,Valores originais,preco_total,Preço anunciado total,não aplicável,meia praia|apartamento|3 quartos,Meia Praia · apartamento · 3 quartos,Meia Praia,apartamento,3,327,655.25,500.0,832.5,621.9583325,700.0,principal,275,12,0.03669724770642202,2,650.0,656.0,680.0,25.0
latest_available,Preço mais recente,original,Valores originais,preco_total,Preço anunciado total,não aplicável,morretes|apartamento|3 quartos,Morretes · apartamento · 3 quartos,Morretes,apartamento,3,10,611.0833250000001,515.0,907.25,465.0,993.0,exploratório,10,1,0.1,10,611.0833250000001,600.0,622.16665,26.0
latest_available,Preço mais recente,original,Valores originais,preco_total,Preço anunciado total,não aplicável,tabuleiro dos oliveiras|apartamento|3 quartos,Tabuleiro dos Oliveiras · apartamento · 3 quartos,Tabuleiro dos Oliveiras,apartamento,3,4,597.0,495.0,665.5,,,evidência insuficiente,4,1,0.25,4,597.0,530.0,664.0,27.0
latest_available,Preço mais recente,original,Valores originais,preco_total,Preço anunciado total,não aplicável,ilhota|casa|3 quartos,Ilhota · casa · 3 quartos,Ilhota,casa,3,2,595.0,542.5,647.5,,,evidência insuficiente,2,1,0.5,2,595.0,490.0,700.0,28.0
latest_available,Preço mais recente,original,Valores originais,preco_total,Preço anunciado total,não aplicável,ilhota|apartamento|2 quartos,Ilhota · apartamento · 2 quartos,Ilhota,apartamento,2,2,587.5,586.25,588.75,,,evidência insuficiente,2,1,0.5,2,587.5,585.0,590.0,29.0
latest_available,Preço mais recente,original,Valores originais,preco_total,Preço anunciado total,não aplicável,centro|apartamento|2 quartos,Centro · apartamento · 2 quartos,Centro,apartamento,2,65,580.0,370.0,713.0,399.0,678.0,principal,41,20,0.3076923076923077,1,450.0,405.0,405.0,30.0
latest_available,Preço mais recente,original,Valores originais,preco_total,Preço anunciado total,não aplicável,areal|casa|1 quarto,Areal · casa · 1 quarto,Areal,casa,1,1,556.0,556.0,556.0,,,evidência insuficiente,1,1,1.0,1,556.0,,,31.0
latest_available,Preço mais recente,original,Valores originais,preco_total,Preço anunciado total,não aplicável,canto da praia|apartamento|2 quartos,Canto da Praia · apartamento · 2 quartos,Canto da Praia,apartamento,2,4,509.0,494.75,538.375,,,evidência insuficiente,4,1,0.25,4,509.0,500.0,518.0,32.0
latest_available,Preço mais recente,original,Valores originais,preco_total,Preço anunciado total,não aplicável,sertaozinho|casa|2 quartos,Sertaozinho · casa · 2 quartos,Sertaozinho,casa,2,1,500.0,500.0,500.0,,,evidência insuficiente,1,1,1.0,1,500.0,,,33.0
latest_available,Preço mais recente,original,Valores originais,preco_total,Preço anunciado total,não aplicável,ilhota|apartamento|3 quartos,Ilhota · apartamento · 3 quartos,Ilhota,apartamento,3,1,500.0,500.0,500.0,,,evidência insuficiente,1,1,1.0,1,500.0,,,33.0
latest_available,Preço mais recente,original,Valores originais,preco_total,Preço anunciado total,não aplicável,sertaozinho|casa|3 quartos,Sertaozinho · casa · 3 quartos,Sertaozinho,casa,3,1,500.0,500.0,500.0,,,evidência insuficiente,1,1,1.0,1,500.0,,,33.0
latest_available,Preço mais recente,original,Valores originais,preco_total,Preço anunciado total,não aplicável,morretes|casa|3 quartos,Morretes · casa · 3 quartos,Morretes,casa,3,1,500.0,500.0,500.0,,,evidência insuficiente,1,1,1.0,1,500.0,,,33.0
latest_available,Preço mais recente,original,Valores originais,preco_total,Preço anunciado total,não aplicável,morretes|apartamento|2 quartos,Morretes · apartamento · 2 quartos,Morretes,apartamento,2,51,464.0,350.0,559.25,392.5,500.0,principal,40,7,0.13725490196078433,1,467.0,436.25,436.25,37.0
latest_available,Preço mais recente,original,Valores originais,preco_total,Preço anunciado total,não aplicável,meia praia|apartamento|2 quartos,Meia Praia · apartamento · 2 quartos,Meia Praia,apartamento,2,187,450.0,360.0,583.83335,405.0,500.0,principal,163,7,0.0374331550802139,1,450.0,450.0,450.0,38.0
latest_available,Preço mais recente,original,Valores originais,preco_total,Preço anunciado total,não aplicável,meia praia|casa|3 quartos,Meia Praia · casa · 3 quartos,Meia Praia,casa,3,5,450.0,400.0,600.0,380.0,650.0,evidência insuficiente,5,1,0.2,5,450.0,425.0,525.0,38.0
latest_available,Preço mais recente,original,Valores originais,preco_total,Preço anunciado total,não aplicável,meia praia|casa|2 quartos,Meia Praia · casa · 2 quartos,Meia Praia,casa,2,3,446.0,372.5,473.0,,,evidência insuficiente,3,1,0.3333333333333333,3,446.0,372.5,473.0,40.0
latest_available,Preço mais recente,original,Valores originais,preco_total,Preço anunciado total,não aplicável,centro|apartamento|1 quarto,Centro · apartamento · 1 quarto,Centro,apartamento,1,78,445.0,376.25,523.999975,390.0,483.5,principal,20,54,0.6923076923076923,1,445.0,450.0,450.0,41.0
latest_available,Preço mais recente,original,Valores originais,preco_total,Preço anunciado total,não aplicável,meia praia|apartamento|1 quarto,Meia Praia · apartamento · 1 quarto,Meia Praia,apartamento,1,20,441.0,373.5,523.25,369.0,545.0,exploratório,16,3,0.15,1,401.0,400.0,400.0,42.0
latest_available,Preço mais recente,original,Valores originais,preco_total,Preço anunciado total,não aplicável,meia praia|apartamento|0 quartos,Meia Praia · apartamento · 0 quartos,Meia Praia,apartamento,0,8,435.0,325.6,542.5,310.0,550.0,evidência insuficiente,8,1,0.125,8,435.0,380.0,490.0,43.0
latest_available,Preço mais recente,original,Valores originais,preco_total,Preço anunciado total,não aplicável,tabuleiro dos oliveiras|apartamento|2 quartos,Tabuleiro dos Oliveiras · apartamento · 2 quartos,Tabuleiro dos Oliveiras,apartamento,2,12,425.0,385.25,581.0,350.0,602.0,exploratório,11,2,0.16666666666666666,1,400.0,399.5,399.5,44.0
latest_available,Preço mais recente,original,Valores originais,preco_total,Preço anunciado total,não aplicável,morretes|apartamento|1 quarto,Morretes · apartamento · 1 quarto,Morretes,apartamento,1,4,415.0,306.25,491.25,,,evidência insuficiente,4,1,0.25,4,415.0,350.0,480.0,45.0
latest_available,Preço mais recente,original,Valores originais,preco_total,Preço anunciado total,não aplicável,casa branca|apartamento|3 quartos,Casa Branca · apartamento · 3 quartos,Casa Branca,apartamento,3,2,403.0,354.5,451.5,,,evidência insuficiente,2,1,0.5,2,403.0,306.0,500.0,46.0
latest_available,Preço mais recente,original,Valores originais,preco_total,Preço anunciado total,não aplicável,alto sao bento|casa|1 quarto,Alto Sao Bento · casa · 1 quarto,Alto Sao Bento,casa,1,1,400.0,400.0,400.0,,,evidência insuficiente,1,1,1.0,1,400.0,,,47.0
latest_available,Preço mais recente,original,Valores originais,preco_total,Preço anunciado total,não aplicável,sertao do trombudo|casa|1 quarto,Sertao do Trombudo · casa · 1 quarto,Sertao do Trombudo,casa,1,2,380.0,375.0,385.0,,,evidência insuficiente,1,2,1.0,1,380.0,,,48.0
latest_available,Preço mais recente,original,Valores originais,preco_total,Preço anunciado total,não aplicável,casa branca|apartamento|2 quartos,Casa Branca · apartamento · 2 quartos,Casa Branca,apartamento,2,11,350.0,297.5,385.0,280.0,400.0,exploratório,10,2,0.18181818181818182,1,350.0,350.0,350.0,49.0
latest_available,Preço mais recente,original,Valores originais,preco_total,Preço anunciado total,não aplicável,morretes|casa|2 quartos,Morretes · casa · 2 quartos,Morretes,casa,2,9,347.0,300.0,406.0,299.0,800.0,evidência insuficiente,8,2,0.2222222222222222,1,327.0,300.0,300.0,50.0
latest_available,Preço mais recente,original,Valores originais,preco_total,Preço anunciado total,não aplicável,ilhota|apartamento|1 quarto,Ilhota · apartamento · 1 quarto,Ilhota,apartamento,1,2,345.5,343.25,347.75,,,evidência insuficiente,1,2,1.0,1,345.5,,,51.0
latest_available,Preço mais recente,original,Valores originais,preco_total,Preço anunciado total,não aplicável,canto da praia|apartamento|3 quartos,Canto da Praia · apartamento · 3 quartos,Canto da Praia,apartamento,3,1,307.625,307.625,307.625,,,evidência insuficiente,1,1,1.0,1,307.625,,,52.0
latest_available,Preço mais recente,original,Valores originais,preco_total,Preço anunciado total,não aplicável,centro|casa|2 quartos,Centro · casa · 2 quartos,Centro,casa,2,2,302.0,276.0,328.0,,,evidência insuficiente,2,1,0.5,2,302.0,250.0,354.0,53.0
latest_available,Preço mais recente,original,Valores originais,preco_total,Preço anunciado total,não aplicável,centro|casa|1 quarto,Centro · casa · 1 quarto,Centro,casa,1,1,283.0,283.0,283.0,,,evidência insuficiente,1,1,1.0,1,283.0,,,54.0
latest_available,Preço mais recente,original,Valores originais,preco_total,Preço anunciado total,não aplicável,morretes|casa|1 quarto,Morretes · casa · 1 quarto,Morretes,casa,1,2,282.0,237.5,326.5,,,evidência insuficiente,2,1,0.5,2,282.0,193.0,371.0,55.0
latest_available,Preço mais recente,original,Valores originais,preco_total,Preço anunciado total,não aplicável,ilhota|casa|2 quartos,Ilhota · casa · 2 quartos,Ilhota,casa,2,2,280.0,245.0,315.0,,,evidência insuficiente,2,1,0.5,2,280.0,210.0,350.0,56.0
latest_available,Preço mais recente,original,Valores originais,preco_total,Preço anunciado total,não aplicável,sertaozinho|casa|1 quarto,Sertaozinho · casa · 1 quarto,Sertaozinho,casa,1,2,274.5,227.25,321.75,,,evidência insuficiente,2,1,0.5,2,274.5,180.0,369.0,57.0
latest_available,Preço mais recente,original,Valores originais,preco_total,Preço anunciado total,não aplicável,casa branca|casa|1 quarto,Casa Branca · casa · 1 quarto,Casa Branca,casa,1,2,274.5,261.75,287.25,,,evidência insuficiente,2,1,0.5,2,274.5,249.0,300.0,57.0
latest_available,Preço mais recente,original,Valores originais,preco_total,Preço anunciado total,não aplicável,alto sao bento|apartamento|1 quarto,Alto Sao Bento · apartamento · 1 quarto,Alto Sao Bento,apartamento,1,2,230.0,205.0,255.0,,,evidência insuficiente,2,1,0.5,2,230.0,180.0,280.0,59.0
latest_available,Preço mais recente,original,Valores originais,preco_total,Preço anunciado total,não aplicável,leopoldo zarling|casa|1 quarto,Leopoldo Zarling · casa · 1 quarto,Leopoldo Zarling,casa,1,1,200.0,200.0,200.0,,,evidência insuficiente,1,1,1.0,1,200.0,,,60.0
latest_available,Preço mais recente,original,Valores originais,preco_total,Preço anunciado total,não aplicável,jardim praiamar|casa|1 quarto,Jardim Praiamar · casa · 1 quarto,Jardim Praiamar,casa,1,1,200.0,200.0,200.0,,,evidência insuficiente,1,1,1.0,1,200.0,,,60.0
latest_available,Preço mais recente,original,Valores originais,preco_total,Preço anunciado total,não aplicável,alto sao bento|apartamento|2 quartos,Alto Sao Bento · apartamento · 2 quartos,Alto Sao Bento,apartamento,2,1,199.0,199.0,199.0,,,evidência insuficiente,1,1,1.0,1,199.0,,,62.0
latest_available,Preço mais recente,original,Valores originais,preco_total,Preço anunciado total,não aplicável,meia praia|casa|1 quarto,Meia Praia · casa · 1 quarto,Meia Praia,casa,1,1,195.0,195.0,195.0,,,evidência insuficiente,1,1,1.0,1,195.0,,,63.0
latest_available,Preço mais recente,original,Valores originais,preco_total,Preço anunciado total,não aplicável,varzea|casa|1 quarto,Varzea · casa · 1 quarto,Varzea,casa,1,3,185.0,167.0,317.5,,,evidência insuficiente,3,1,0.3333333333333333,3,185.0,167.0,317.5,64.0
median_across_captures,Mediana entre capturas,exclude_affected_listings,Sem os três imóveis afetados,preco_por_hospede,Preço anunciado por hóspede comportado,todas as capacidades positivas,canto da praia|casa|4 quartos,Canto da Praia · casa · 4 quartos,Canto da Praia,casa,4,1,487.5,487.5,487.5,,,evidência insuficiente,1,1,1.0,1,487.5,,,1.0
median_across_captures,Mediana entre capturas,exclude_affected_listings,Sem os três imóveis afetados,preco_por_hospede,Preço anunciado por hóspede comportado,sem capacidades positivas suspeitas,canto da praia|casa|4 quartos,Canto da Praia · casa · 4 quartos,Canto da Praia,casa,4,1,487.5,487.5,487.5,,,evidência insuficiente,1,1,1.0,1,487.5,,,1.0
median_across_captures,Mediana entre capturas,exclude_affected_listings,Sem os três imóveis afetados,preco_por_hospede,Preço anunciado por hóspede comportado,todas as capacidades positivas,desconhecido|casa|1 quarto,Desconhecido · casa · 1 quarto,Desconhecido,casa,1,3,295.0,247.5,324.75,,,evidência insuficiente,3,1,0.3333333333333333,3,295.0,247.5,324.75,2.0
median_across_captures,Mediana entre capturas,exclude_affected_listings,Sem os três imóveis afetados,preco_por_hospede,Preço anunciado por hóspede comportado,sem capacidades positivas suspeitas,desconhecido|casa|1 quarto,Desconhecido · casa · 1 quarto,Desconhecido,casa,1,3,295.0,247.5,324.75,,,evidência insuficiente,3,1,0.3333333333333333,3,295.0,247.5,324.75,2.0
median_across_captures,Mediana entre capturas,exclude_affected_listings,Sem os três imóveis afetados,preco_por_hospede,Preço anunciado por hóspede comportado,todas as capacidades positivas,areal|casa|1 quarto,Areal · casa · 1 quarto,Areal,casa,1,1,278.0,278.0,278.0,,,evidência insuficiente,1,1,1.0,1,278.0,,,3.0
median_across_captures,Mediana entre capturas,exclude_affected_listings,Sem os três imóveis afetados,preco_por_hospede,Preço anunciado por hóspede comportado,sem capacidades positivas suspeitas,areal|casa|1 quarto,Areal · casa · 1 quarto,Areal,casa,1,1,278.0,278.0,278.0,,,evidência insuficiente,1,1,1.0,1,278.0,,,3.0
median_across_captures,Mediana entre capturas,exclude_affected_listings,Sem os três imóveis afetados,preco_por_hospede,Preço anunciado por hóspede comportado,todas as capacidades positivas,alto sao bento|casa|1 quarto,Alto Sao Bento · casa · 1 quarto,Alto Sao Bento,casa,1,1,200.0,200.0,200.0,,,evidência insuficiente,1,1,1.0,1,200.0,,,4.0
median_across_captures,Mediana entre capturas,exclude_affected_listings,Sem os três imóveis afetados,preco_por_hospede,Preço anunciado por hóspede comportado,sem capacidades positivas suspeitas,alto sao bento|casa|1 quarto,Alto Sao Bento · casa · 1 quarto,Alto Sao Bento,casa,1,1,200.0,200.0,200.0,,,evidência insuficiente,1,1,1.0,1,200.0,,,4.0
median_across_captures,Mediana entre capturas,exclude_affected_listings,Sem os três imóveis afetados,preco_por_hospede,Preço anunciado por hóspede comportado,todas as capacidades positivas,sertao do trombudo|casa|1 quarto,Sertao do Trombudo · casa · 1 quarto,Sertao do Trombudo,casa,1,2,190.0,187.5,192.5,,,evidência insuficiente,1,2,1.0,1,190.0,,,5.0
median_across_captures,Mediana entre capturas,exclude_affected_listings,Sem os três imóveis afetados,preco_por_hospede,Preço anunciado por hóspede comportado,sem capacidades positivas suspeitas,sertao do trombudo|casa|1 quarto,Sertao do Trombudo · casa · 1 quarto,Sertao do Trombudo,casa,1,2,190.0,187.5,192.5,,,evidência insuficiente,1,2,1.0,1,190.0,,,5.0
median_across_captures,Mediana entre capturas,exclude_affected_listings,Sem os três imóveis afetados,preco_por_hospede,Preço anunciado por hóspede comportado,todas as capacidades positivas,sertaozinho|casa|6 quartos,Sertaozinho · casa · 6 quartos,Sertaozinho,casa,6,2,161.328125,132.6171875,190.0390625,,,evidência insuficiente,2,1,0.5,2,161.328125,103.90625,218.75,6.0
median_across_captures,Mediana entre capturas,exclude_affected_listings,Sem os três imóveis afetados,preco_por_hospede,Preço anunciado por hóspede comportado,sem capacidades positivas suspeitas,sertaozinho|casa|6 quartos,Sertaozinho · casa · 6 quartos,Sertaozinho,casa,6,2,161.328125,132.6171875,190.0390625,,,evidência insuficiente,2,1,0.5,2,161.328125,103.90625,218.75,6.0
median_across_captures,Mediana entre capturas,exclude_affected_listings,Sem os três imóveis afetados,preco_por_hospede,Preço anunciado por hóspede comportado,todas as capacidades positivas,canto da praia|casa|1 quarto,Canto da Praia · casa · 1 quarto,Canto da Praia,casa,1,1,158.6,158.6,158.6,,,evidência insuficiente,1,1,1.0,1,158.6,,,7.0
median_across_captures,Mediana entre capturas,exclude_affected_listings,Sem os três imóveis afetados,preco_por_hospede,Preço anunciado por hóspede comportado,sem capacidades positivas suspeitas,canto da praia|casa|1 quarto,Canto da Praia · casa · 1 quarto,Canto da Praia,casa,1,1,158.6,158.6,158.6,,,evidência insuficiente,1,1,1.0,1,158.6,,,7.0
median_across_captures,Mediana entre capturas,exclude_affected_listings,Sem os três imóveis afetados,preco_por_hospede,Preço anunciado por hóspede comportado,todas as capacidades positivas,alto sao bento|casa|12 quartos,Alto Sao Bento · casa · 12 quartos,Alto Sao Bento,casa,12,1,156.25,156.25,156.25,,,evidência insuficiente,1,1,1.0,1,156.25,,,8.0
median_across_captures,Mediana entre capturas,exclude_affected_listings,Sem os três imóveis afetados,preco_por_hospede,Preço anunciado por hóspede comportado,sem capacidades positivas suspeitas,alto sao bento|casa|12 quartos,Alto Sao Bento · casa · 12 quartos,Alto Sao Bento,casa,12,1,156.25,156.25,156.25,,,evidência insuficiente,1,1,1.0,1,156.25,,,8.0
median_across_captures,Mediana entre capturas,exclude_affected_listings,Sem os três imóveis afetados,preco_por_hospede,Preço anunciado por hóspede comportado,todas as capacidades positivas,centro|apartamento|1 quarto,Centro · apartamento · 1 quarto,Centro,apartamento,1,78,151.75,129.02083125000001,187.25,110.0,156.0,principal,20,54,0.6923076923076923,1,130.6875,117.75,117.75,9.0
median_across_captures,Mediana entre capturas,exclude_affected_listings,Sem os três imóveis afetados,preco_por_hospede,Preço anunciado por hóspede comportado,sem capacidades positivas suspeitas,centro|apartamento|1 quarto,Centro · apartamento · 1 quarto,Centro,apartamento,1,78,151.75,129.02083125000001,187.25,110.0,156.0,principal,20,54,0.6923076923076923,1,130.6875,117.75,117.75,9.0
median_across_captures,Mediana entre capturas,exclude_affected_listings,Sem os três imóveis afetados,preco_por_hospede,Preço anunciado por hóspede comportado,todas as capacidades positivas,tabuleiro dos oliveiras|casa|4 quartos,Tabuleiro dos Oliveiras · casa · 4 quartos,Tabuleiro dos Oliveiras,casa,4,1,141.66666666666666,141.66666666666666,141.66666666666666,,,evidência insuficiente,1,1,1.0,1,141.66666666666666,,,10.0
median_across_captures,Mediana entre capturas,exclude_affected_listings,Sem os três imóveis afetados,preco_por_hospede,Preço anunciado por hóspede comportado,sem capacidades positivas suspeitas,tabuleiro dos oliveiras|casa|4 quartos,Tabuleiro dos Oliveiras · casa · 4 quartos,Tabuleiro dos Oliveiras,casa,4,1,141.66666666666666,141.66666666666666,141.66666666666666,,,evidência insuficiente,1,1,1.0,1,141.66666666666666,,,10.0
median_across_captures,Mediana entre capturas,exclude_affected_listings,Sem os três imóveis afetados,preco_por_hospede,Preço anunciado por hóspede comportado,todas as capacidades positivas,morretes|casa|1 quarto,Morretes · casa · 1 quarto,Morretes,casa,1,2,141.0,118.75,163.25,,,evidência insuficiente,2,1,0.5,2,141.0,96.5,185.5,11.0
median_across_captures,Mediana entre capturas,exclude_affected_listings,Sem os três imóveis afetados,preco_por_hospede,Preço anunciado por hóspede comportado,sem capacidades positivas suspeitas,morretes|casa|1 quarto,Morretes · casa · 1 quarto,Morretes,casa,1,2,141.0,118.75,163.25,,,evidência insuficiente,2,1,0.5,2,141.0,96.5,185.5,11.0
median_across_captures,Mediana entre capturas,exclude_affected_listings,Sem os três imóveis afetados,preco_por_hospede,Preço anunciado por hóspede comportado,todas as capacidades positivas,sertaozinho|casa|1 quarto,Sertaozinho · casa · 1 quarto,Sertaozinho,casa,1,2,137.25,113.625,160.875,,,evidência insuficiente,2,1,0.5,2,137.25,90.0,184.5,12.0
median_across_captures,Mediana entre capturas,exclude_affected_listings,Sem os três imóveis afetados,preco_por_hospede,Preço anunciado por hóspede comportado,todas as capacidades positivas,casa branca|casa|1 quarto,Casa Branca · casa · 1 quarto,Casa Branca,casa,1,2,137.25,130.875,143.625,,,evidência insuficiente,2,1,0.5,2,137.25,124.5,150.0,12.0
median_across_captures,Mediana entre capturas,exclude_affected_listings,Sem os três imóveis afetados,preco_por_hospede,Preço anunciado por hóspede comportado,sem capacidades positivas suspeitas,sertaozinho|casa|1 quarto,Sertaozinho · casa · 1 quarto,Sertaozinho,casa,1,2,137.25,113.625,160.875,,,evidência insuficiente,2,1,0.5,2,137.25,90.0,184.5,12.0
median_across_captures,Mediana entre capturas,exclude_affected_listings,Sem os três imóveis afetados,preco_por_hospede,Preço anunciado por hóspede comportado,sem capacidades positivas suspeitas,casa branca|casa|1 quarto,Casa Branca · casa · 1 quarto,Casa Branca,casa,1,2,137.25,130.875,143.625,,,evidência insuficiente,2,1,0.5,2,137.25,124.5,150.0,12.0
median_across_captures,Mediana entre capturas,exclude_affected_listings,Sem os três imóveis afetados,preco_por_hospede,Preço anunciado por hóspede comportado,todas as capacidades positivas,ilhota|apartamento|2 quartos,Ilhota · apartamento · 2 quartos,Ilhota,apartamento,2,2,132.25,124.625,139.875,,,evidência insuficiente,2,1,0.5,2,132.25,117.0,147.5,14.0
median_across_captures,Mediana entre capturas,exclude_affected_listings,Sem os três imóveis afetados,preco_por_hospede,Preço anunciado por hóspede comportado,sem capacidades positivas suspeitas,ilhota|apartamento|2 quartos,Ilhota · apartamento · 2 quartos,Ilhota,apartamento,2,2,132.25,124.625,139.875,,,evidência insuficiente,2,1,0.5,2,132.25,117.0,147.5,14.0
median_across_captures,Mediana entre capturas,exclude_affected_listings,Sem os três imóveis afetados,preco_por_hospede,Preço anunciado por hóspede comportado,todas as capacidades positivas,meia praia|apartamento|5 quartos,Meia Praia · apartamento · 5 quartos,Meia Praia,apartamento,5,5,131.25,118.5625,145.0,64.28571428571429,153.33333333333334,evidência insuficiente,5,1,0.2,5,131.25,124.90625,138.125,15.0
median_across_captures,Mediana entre capturas,exclude_affected_listings,Sem os três imóveis afetados,preco_por_hospede,Preço anunciado por hóspede comportado,sem capacidades positivas suspeitas,meia praia|apartamento|5 quartos,Meia Praia · apartamento · 5 quartos,Meia Praia,apartamento,5,5,131.25,118.5625,145.0,64.28571428571429,153.33333333333334,evidência insuficiente,5,1,0.2,5,131.25,124.90625,138.125,15.0
median_across_captures,Mediana entre capturas,exclude_affected_listings,Sem os três imóveis afetados,preco_por_hospede,Preço anunciado por hóspede comportado,todas as capacidades positivas,meia praia|apartamento|1 quarto,Meia Praia · apartamento · 1 quarto,Meia Praia,apartamento,1,19,122.5,100.0,167.083335,100.0,191.66667,exploratório,15,3,0.15789473684210525,1,110.0,109.16666666666666,109.16666666666666,16.0
median_across_captures,Mediana entre capturas,exclude_affected_listings,Sem os três imóveis afetados,preco_por_hospede,Preço anunciado por hóspede comportado,sem capacidades positivas suspeitas,meia praia|apartamento|1 quarto,Meia Praia · apartamento · 1 quarto,Meia Praia,apartamento,1,19,122.5,100.0,167.083335,100.0,191.66667,exploratório,15,3,0.15789473684210525,1,110.0,109.16666666666666,109.16666666666666,16.0
median_across_captures,Mediana entre capturas,exclude_affected_listings,Sem os três imóveis afetados,preco_por_hospede,Preço anunciado por hóspede comportado,todas as capacidades positivas,morretes|apartamento|1 quarto,Morretes · apartamento · 1 quarto,Morretes,apartamento,1,4,118.33333333333334,96.25,122.8125,,,evidência insuficiente,4,1,0.25,4,118.33333333333334,116.66666666666667,120.0,17.0
median_across_captures,Mediana entre capturas,exclude_affected_listings,Sem os três imóveis afetados,preco_por_hospede,Preço anunciado por hóspede comportado,sem capacidades positivas suspeitas,morretes|apartamento|1 quarto,Morretes · apartamento · 1 quarto,Morretes,apartamento,1,4,118.33333333333334,96.25,122.8125,,,evidência insuficiente,4,1,0.25,4,118.33333333333334,116.66666666666667,120.0,17.0
median_across_captures,Mediana entre capturas,exclude_affected_listings,Sem os três imóveis afetados,preco_por_hospede,Preço anunciado por hóspede comportado,todas as capacidades positivas,canto da praia|apartamento|2 quartos,Canto da Praia · apartamento · 2 quartos,Canto da Praia,apartamento,2,4,118.125,113.275,121.0625,,,evidência insuficiente,4,1,0.25,4,118.125,116.5,119.75,18.0
median_across_captures,Mediana entre capturas,exclude_affected_listings,Sem os três imóveis afetados,preco_por_hospede,Preço anunciado por hóspede comportado,sem capacidades positivas suspeitas,canto da praia|apartamento|2 quartos,Canto da Praia · apartamento · 2 quartos,Canto da Praia,apartamento,2,4,118.125,113.275,121.0625,,,evidência insuficiente,4,1,0.25,4,118.125,116.5,119.75,18.0
median_across_captures,Mediana entre capturas,exclude_affected_listings,Sem os três imóveis afetados,preco_por_hospede,Preço anunciado por hóspede comportado,todas as capacidades positivas,varzea|casa|5 quartos,Varzea · casa · 5 quartos,Varzea,casa,5,1,116.66666666666667,116.66666666666667,116.66666666666667,,,evidência insuficiente,1,1,1.0,1,116.66666666666667,,,19.0
median_across_captures,Mediana entre capturas,exclude_affected_listings,Sem os três imóveis afetados,preco_por_hospede,Preço anunciado por hóspede comportado,sem capacidades positivas suspeitas,varzea|casa|5 quartos,Varzea · casa · 5 quartos,Varzea,casa,5,1,116.66666666666667,116.66666666666667,116.66666666666667,,,evidência insuficiente,1,1,1.0,1,116.66666666666667,,,19.0
median_across_captures,Mediana entre capturas,exclude_affected_listings,Sem os três imóveis afetados,preco_por_hospede,Preço anunciado por hóspede comportado,todas as capacidades positivas,centro|casa|4 quartos,Centro · casa · 4 quartos,Centro,casa,4,4,116.28787878787878,88.63636363636363,150.0,,,evidência insuficiente,4,1,0.25,4,116.28787878787878,90.9090909090909,141.66666666666666,20.0
median_across_captures,Mediana entre capturas,exclude_affected_listings,Sem os três imóveis afetados,preco_por_hospede,Preço anunciado por hóspede comportado,sem capacidades positivas suspeitas,centro|casa|4 quartos,Centro · casa · 4 quartos,Centro,casa,4,4,116.28787878787878,88.63636363636363,150.0,,,evidência insuficiente,4,1,0.25,4,116.28787878787878,90.9090909090909,141.66666666666666,20.0
median_across_captures,Mediana entre capturas,exclude_affected_listings,Sem os três imóveis afetados,preco_por_hospede,Preço anunciado por hóspede comportado,todas as capacidades positivas,tabuleiro dos oliveiras|apartamento|4 quartos,Tabuleiro dos Oliveiras · apartamento · 4 quartos,Tabuleiro dos Oliveiras,apartamento,4,1,110.0,110.0,110.0,,,evidência insuficiente,1,1,1.0,1,110.0,,,21.0
median_across_captures,Mediana entre capturas,exclude_affected_listings,Sem os três imóveis afetados,preco_por_hospede,Preço anunciado por hóspede comportado,sem capacidades positivas suspeitas,tabuleiro dos oliveiras|apartamento|4 quartos,Tabuleiro dos Oliveiras · apartamento · 4 quartos,Tabuleiro dos Oliveiras,apartamento,4,1,110.0,110.0,110.0,,,evidência insuficiente,1,1,1.0,1,110.0,,,21.0
median_across_captures,Mediana entre capturas,exclude_affected_listings,Sem os três imóveis afetados,preco_por_hospede,Preço anunciado por hóspede comportado,todas as capacidades positivas,meia praia|apartamento|4 quartos,Meia Praia · apartamento · 4 quartos,Meia Praia,apartamento,4,60,109.3125,78.22569444444444,150.1590909090909,92.3076923076923,136.36363636363637,principal,55,2,0.03333333333333333,5,106.25,106.25,114.52083333333334,22.0
median_across_captures,Mediana entre capturas,exclude_affected_listings,Sem os três imóveis afetados,preco_por_hospede,Preço anunciado por hóspede comportado,sem capacidades positivas suspeitas,meia praia|apartamento|4 quartos,Meia Praia · apartamento · 4 quartos,Meia Praia,apartamento,4,60,109.3125,78.22569444444444,150.1590909090909,92.3076923076923,136.36363636363637,principal,55,2,0.03333333333333333,5,106.25,106.25,114.52083333333334,22.0
median_across_captures,Mediana entre capturas,exclude_affected_listings,Sem os três imóveis afetados,preco_por_hospede,Preço anunciado por hóspede comportado,todas as capacidades positivas,tabuleiro dos oliveiras|apartamento|3 quartos,Tabuleiro dos Oliveiras · apartamento · 3 quartos,Tabuleiro dos Oliveiras,apartamento,3,4,107.5,92.5,118.5,,,evidência insuficiente,4,1,0.25,4,107.5,101.66666666666667,113.33333333333333,23.0
median_across_captures,Mediana entre capturas,exclude_affected_listings,Sem os três imóveis afetados,preco_por_hospede,Preço anunciado por hóspede comportado,sem capacidades positivas suspeitas,tabuleiro dos oliveiras|apartamento|3 quartos,Tabuleiro dos Oliveiras · apartamento · 3 quartos,Tabuleiro dos Oliveiras,apartamento,3,4,107.5,92.5,118.5,,,evidência insuficiente,4,1,0.25,4,107.5,101.66666666666667,113.33333333333333,23.0
median_across_captures,Mediana entre capturas,exclude_affected_listings,Sem os três imóveis afetados,preco_por_hospede,Preço anunciado por hóspede comportado,todas as capacidades positivas,tabuleiro dos oliveiras|casa|7 quartos,Tabuleiro dos Oliveiras · casa · 7 quartos,Tabuleiro dos Oliveiras,casa,7,1,103.84615384615384,103.84615384615384,103.84615384615384,,,evidência insuficiente,1,1,1.0,1,103.84615384615384,,,24.0
median_across_captures,Mediana entre capturas,exclude_affected_listings,Sem os três imóveis afetados,preco_por_hospede,Preço anunciado por hóspede comportado,sem capacidades positivas suspeitas,tabuleiro dos oliveiras|casa|7 quartos,Tabuleiro dos Oliveiras · casa · 7 quartos,Tabuleiro dos Oliveiras,casa,7,1,103.84615384615384,103.84615384615384,103.84615384615384,,,evidência insuficiente,1,1,1.0,1,103.84615384615384,,,24.0
median_across_captures,Mediana entre capturas,exclude_affected_listings,Sem os três imóveis afetados,preco_por_hospede,Preço anunciado por hóspede comportado,todas as capacidades positivas,centro|apartamento|3 quartos,Centro · apartamento · 3 quartos,Centro,apartamento,3,45,101.4375,83.0,125.0,95.16666666666666,112.5,principal,41,4,0.08888888888888889,1,101.4375,101.4375,101.4375,25.0
median_across_captures,Mediana entre capturas,exclude_affected_listings,Sem os três imóveis afetados,preco_por_hospede,Preço anunciado por hóspede comportado,sem capacidades positivas suspeitas,centro|apartamento|3 quartos,Centro · apartamento · 3 quartos,Centro,apartamento,3,45,101.4375,83.0,125.0,92.83333333333333,112.5,principal,41,4,0.08888888888888889,1,101.4375,101.4375,101.4375,25.0
median_across_captures,Mediana entre capturas,exclude_affected_listings,Sem os três imóveis afetados,preco_por_hospede,Preço anunciado por hóspede comportado,todas as capacidades positivas,leopoldo zarling|casa|1 quarto,Leopoldo Zarling · casa · 1 quarto,Leopoldo Zarling,casa,1,1,100.0,100.0,100.0,,,evidência insuficiente,1,1,1.0,1,100.0,,,26.0
median_across_captures,Mediana entre capturas,exclude_affected_listings,Sem os três imóveis afetados,preco_por_hospede,Preço anunciado por hóspede comportado,todas as capacidades positivas,centro|apartamento|2 quartos,Centro · apartamento · 2 quartos,Centro,apartamento,2,65,100.0,70.0,141.42857142857142,72.0,121.16666666666667,principal,41,20,0.3076923076923077,1,80.83333333333333,80.0,80.0,26.0
median_across_captures,Mediana entre capturas,exclude_affected_listings,Sem os três imóveis afetados,preco_por_hospede,Preço anunciado por hóspede comportado,todas as capacidades positivas,canto da praia|casa|3 quartos,Canto da Praia · casa · 3 quartos,Canto da Praia,casa,3,2,100.0,100.0,100.0,,,evidência insuficiente,2,1,0.5,2,100.0,100.0,100.0,26.0
median_across_captures,Mediana entre capturas,exclude_affected_listings,Sem os três imóveis afetados,preco_por_hospede,Preço anunciado por hóspede comportado,todas as capacidades positivas,sertaozinho|casa|2 quartos,Sertaozinho · casa · 2 quartos,Sertaozinho,casa,2,1,100.0,100.0,100.0,,,evidência insuficiente,1,1,1.0,1,100.0,,,26.0
median_across_captures,Mediana entre capturas,exclude_affected_listings,Sem os três imóveis afetados,preco_por_hospede,Preço anunciado por hóspede comportado,todas as capacidades positivas,varzea|casa|3 quartos,Varzea · casa · 3 quartos,Varzea,casa,3,1,100.0,100.0,100.0,,,evidência insuficiente,1,1,1.0,1,100.0,,,26.0
median_across_captures,Mediana entre capturas,exclude_affected_listings,Sem os três imóveis afetados,preco_por_hospede,Preço anunciado por hóspede comportado,sem capacidades positivas suspeitas,leopoldo zarling|casa|1 quarto,Leopoldo Zarling · casa · 1 quarto,Leopoldo Zarling,casa,1,1,100.0,100.0,100.0,,,evidência insuficiente,1,1,1.0,1,100.0,,,26.0
median_across_captures,Mediana entre capturas,exclude_affected_listings,Sem os três imóveis afetados,preco_por_hospede,Preço anunciado por hóspede comportado,sem capacidades positivas suspeitas,centro|apartamento|2 quartos,Centro · apartamento · 2 quartos,Centro,apartamento,2,65,100.0,70.0,141.42857142857142,70.0,121.16666666666667,principal,41,20,0.3076923076923077,1,80.83333333333333,80.0,80.0,26.0
median_across_captures,Mediana entre capturas,exclude_affected_listings,Sem os três imóveis afetados,preco_por_hospede,Preço anunciado por hóspede comportado,sem capacidades positivas suspeitas,canto da praia|casa|3 quartos,Canto da Praia · casa · 3 quartos,Canto da Praia,casa,3,2,100.0,100.0,100.0,,,evidência insuficiente,2,1,0.5,2,100.0,100.0,100.0,26.0
median_across_captures,Mediana entre capturas,exclude_affected_listings,Sem os três imóveis afetados,preco_por_hospede,Preço anunciado por hóspede comportado,sem capacidades positivas suspeitas,sertaozinho|casa|2 quartos,Sertaozinho · casa · 2 quartos,Sertaozinho,casa,2,1,100.0,100.0,100.0,,,evidência insuficiente,1,1,1.0,1,100.0,,,26.0
median_across_captures,Mediana entre capturas,exclude_affected_listings,Sem os três imóveis afetados,preco_por_hospede,Preço anunciado por hóspede comportado,sem capacidades positivas suspeitas,varzea|casa|3 quartos,Varzea · casa · 3 quartos,Varzea,casa,3,1,100.0,100.0,100.0,,,evidência insuficiente,1,1,1.0,1,100.0,,,26.0
median_across_captures,Mediana entre capturas,exclude_affected_listings,Sem os três imóveis afetados,preco_por_hospede,Preço anunciado por hóspede comportado,todas as capacidades positivas,centro|apartamento|4 quartos,Centro · apartamento · 4 quartos,Centro,apartamento,4,4,99.375,83.4375,113.57142857142857,,,evidência insuficiente,4,1,0.25,4,99.375,98.75,100.0,31.0
median_across_captures,Mediana entre capturas,exclude_affected_listings,Sem os três imóveis afetados,preco_por_hospede,Preço anunciado por hóspede comportado,sem capacidades positivas suspeitas,centro|apartamento|4 quartos,Centro · apartamento · 4 quartos,Centro,apartamento,4,4,99.375,83.4375,113.57142857142857,,,evidência insuficiente,4,1,0.25,4,99.375,98.75,100.0,31.0
median_across_captures,Mediana entre capturas,exclude_affected_listings,Sem os três imóveis afetados,preco_por_hospede,Preço anunciado por hóspede comportado,todas as capacidades positivas,ilhota|casa|4 quartos,Ilhota · casa · 4 quartos,Ilhota,casa,4,1,97.5,97.5,97.5,,,evidência insuficiente,1,1,1.0,1,97.5,,,32.0
median_across_captures,Mediana entre capturas,exclude_affected_listings,Sem os três imóveis afetados,preco_por_hospede,Preço anunciado por hóspede comportado,sem capacidades positivas suspeitas,ilhota|casa|4 quartos,Ilhota · casa · 4 quartos,Ilhota,casa,4,1,97.5,97.5,97.5,,,evidência insuficiente,1,1,1.0,1,97.5,,,32.0
median_across_captures,Mediana entre capturas,exclude_affected_listings,Sem os três imóveis afetados,preco_por_hospede,Preço anunciado por hóspede comportado,todas as capacidades positivas,meia praia|apartamento|3 quartos,Meia Praia · apartamento · 3 quartos,Meia Praia,apartamento,3,327,90.0,66.66666666666667,115.0,86.40200892857143,95.9375,principal,275,12,0.03669724770642202,2,89.0909090909091,89.0909090909091,90.42857142857143,33.0
median_across_captures,Mediana entre capturas,exclude_affected_listings,Sem os três imóveis afetados,preco_por_hospede,Preço anunciado por hóspede comportado,sem capacidades positivas suspeitas,meia praia|apartamento|3 quartos,Meia Praia · apartamento · 3 quartos,Meia Praia,apartamento,3,326,89.9375,66.66666666666667,115.0,85.71428571428571,96.0625,principal,274,12,0.03680981595092025,2,89.07670454545455,89.07670454545455,90.35491071428572,33.0
median_across_captures,Mediana entre capturas,exclude_affected_listings,Sem os três imóveis afetados,preco_por_hospede,Preço anunciado por hóspede comportado,todas as capacidades positivas,morretes|apartamento|2 quartos,Morretes · apartamento · 2 quartos,Morretes,apartamento,2,50,88.35,60.833333333333336,123.75,70.0,101.875,principal,40,7,0.14,1,83.66666666666666,83.33333333333333,83.33333333333333,34.0
median_across_captures,Mediana entre capturas,exclude_affected_listings,Sem os três imóveis afetados,preco_por_hospede,Preço anunciado por hóspede comportado,sem capacidades positivas suspeitas,morretes|apartamento|2 quartos,Morretes · apartamento · 2 quartos,Morretes,apartamento,2,50,88.35,60.833333333333336,123.75,70.0,101.23515624999999,principal,40,7,0.14,1,83.66666666666666,83.33333333333333,83.33333333333333,34.0
median_across_captures,Mediana entre capturas,exclude_affected_listings,Sem os três imóveis afetados,preco_por_hospede,Preço anunciado por hóspede comportado,sem capacidades positivas suspeitas,morretes|apartamento|3 quartos,Morretes · apartamento · 3 quartos,Morretes,apartamento,3,9,87.5,65.0,124.125,65.0,130.375,evidência insuficiente,9,1,0.1111111111111111,9,87.5,85.41666666666666,90.41666666666666,35.0
median_across_captures,Mediana entre capturas,exclude_affected_listings,Sem os três imóveis afetados,preco_por_hospede,Preço anunciado por hóspede comportado,todas as capacidades positivas,meia praia|apartamento|0 quartos,Meia Praia · apartamento · 0 quartos,Meia Praia,apartamento,0,8,87.29166666666666,68.4625,101.875,41.35,116.25,evidência insuficiente,8,1,0.125,8,87.29166666666666,81.25,93.33333333333333,35.0
median_across_captures,Mediana entre capturas,exclude_affected_listings,Sem os três imóveis afetados,preco_por_hospede,Preço anunciado por hóspede comportado,sem capacidades positivas suspeitas,meia praia|apartamento|0 quartos,Meia Praia · apartamento · 0 quartos,Meia Praia,apartamento,0,8,87.29166666666666,68.4625,101.875,41.35,115.41666666666666,evidência insuficiente,8,1,0.125,8,87.29166666666666,81.25,93.33333333333333,36.0
median_across_captures,Mediana entre capturas,exclude_affected_listings,Sem os três imóveis afetados,preco_por_hospede,Preço anunciado por hóspede comportado,todas as capacidades positivas,ilhota|apartamento|1 quarto,Ilhota · apartamento · 1 quarto,Ilhota,apartamento,1,2,86.375,85.8125,86.9375,,,evidência insuficiente,1,2,1.0,1,86.375,,,36.0
median_across_captures,Mediana entre capturas,exclude_affected_listings,Sem os três imóveis afetados,preco_por_hospede,Preço anunciado por hóspede comportado,sem capacidades positivas suspeitas,ilhota|apartamento|1 quarto,Ilhota · apartamento · 1 quarto,Ilhota,apartamento,1,2,86.375,85.8125,86.9375,,,evidência insuficiente,1,2,1.0,1,86.375,,,37.0
median_across_captures,Mediana entre capturas,exclude_affected_listings,Sem os três imóveis afetados,preco_por_hospede,Preço anunciado por hóspede comportado,todas as capacidades positivas,morretes|apartamento|3 quartos,Morretes · apartamento · 3 quartos,Morretes,apartamento,3,10,85.41666666666666,62.32142857142857,116.42708333333333,61.42857142857143,124.125,exploratório,10,1,0.1,10,85.41666666666666,83.33333333333333,87.5,37.0
median_across_captures,Mediana entre capturas,exclude_affected_listings,Sem os três imóveis afetados,preco_por_hospede,Preço anunciado por hóspede comportado,todas as capacidades positivas,morretes|apartamento|4 quartos,Morretes · apartamento · 4 quartos,Morretes,apartamento,4,3,83.33333333333333,72.29166666666666,135.41666666666666,,,evidência insuficiente,3,1,0.3333333333333333,3,83.33333333333333,72.29166666666666,135.41666666666666,38.0
median_across_captures,Mediana entre capturas,exclude_affected_listings,Sem os três imóveis afetados,preco_por_hospede,Preço anunciado por hóspede comportado,sem capacidades positivas suspeitas,tabuleiro dos oliveiras|apartamento|2 quartos,Tabuleiro dos Oliveiras · apartamento · 2 quartos,Tabuleiro dos Oliveiras,apartamento,2,11,83.33333333333333,68.33333333333334,121.15625,66.66666666666667,121.15625,exploratório,10,2,0.18181818181818182,1,81.36666666666667,79.4,79.4,38.0
median_across_captures,Mediana entre capturas,exclude_affected_listings,Sem os três imóveis afetados,preco_por_hospede,Preço anunciado por hóspede comportado,sem capacidades positivas suspeitas,morretes|apartamento|4 quartos,Morretes · apartamento · 4 quartos,Morretes,apartamento,4,3,83.33333333333333,72.29166666666666,135.41666666666666,,,evidência insuficiente,3,1,0.3333333333333333,3,83.33333333333333,72.29166666666666,135.41666666666666,38.0
median_across_captures,Mediana entre capturas,exclude_affected_listings,Sem os três imóveis afetados,preco_por_hospede,Preço anunciado por hóspede comportado,todas as capacidades positivas,tabuleiro dos oliveiras|apartamento|2 quartos,Tabuleiro dos Oliveiras · apartamento · 2 quartos,Tabuleiro dos Oliveiras,apartamento,2,12,81.36666666666667,64.58333333333334,118.984375,58.333333333333336,120.25,exploratório,11,2,0.16666666666666666,1,79.4,74.7,74.7,39.0
median_across_captures,Mediana entre capturas,exclude_affected_listings,Sem os três imóveis afetados,preco_por_hospede,Preço anunciado por hóspede comportado,todas as capacidades positivas,meia praia|casa|7 quartos,Meia Praia · casa · 7 quartos,Meia Praia,casa,7,1,81.25,81.25,81.25,,,evidência insuficiente,1,1,1.0,1,81.25,,,40.0
median_across_captures,Mediana entre capturas,exclude_affected_listings,Sem os três imóveis afetados,preco_por_hospede,Preço anunciado por hóspede comportado,sem capacidades positivas suspeitas,meia praia|casa|7 quartos,Meia Praia · casa · 7 quartos,Meia Praia,casa,7,1,81.25,81.25,81.25,,,evidência insuficiente,1,1,1.0,1,81.25,,,40.0
median_across_captures,Mediana entre capturas,exclude_affected_listings,Sem os três imóveis afetados,preco_por_hospede,Preço anunciado por hóspede comportado,todas as capacidades positivas,centro|casa|3 quartos,Centro · casa · 3 quartos,Centro,casa,3,2,80.55555555555556,65.27777777777777,95.83333333333334,,,evidência insuficiente,2,1,0.5,2,80.55555555555556,50.0,111.11111111111111,41.0
median_across_captures,Mediana entre capturas,exclude_affected_listings,Sem os três imóveis afetados,preco_por_hospede,Preço anunciado por hóspede comportado,sem capacidades positivas suspeitas,centro|casa|3 quartos,Centro · casa · 3 quartos,Centro,casa,3,2,80.55555555555556,65.27777777777777,95.83333333333334,,,evidência insuficiente,2,1,0.5,2,80.55555555555556,50.0,111.11111111111111,41.0
median_across_captures,Mediana entre capturas,exclude_affected_listings,Sem os três imóveis afetados,preco_por_hospede,Preço anunciado por hóspede comportado,todas as capacidades positivas,alto sao bento|apartamento|1 quarto,Alto Sao Bento · apartamento · 1 quarto,Alto Sao Bento,apartamento,1,2,80.0,75.0,85.0,,,evidência insuficiente,2,1,0.5,2,80.0,70.0,90.0,42.0
median_across_captures,Mediana entre capturas,exclude_affected_listings,Sem os três imóveis afetados,preco_por_hospede,Preço anunciado por hóspede comportado,sem capacidades positivas suspeitas,alto sao bento|apartamento|1 quarto,Alto Sao Bento · apartamento · 1 quarto,Alto Sao Bento,apartamento,1,2,80.0,75.0,85.0,,,evidência insuficiente,2,1,0.5,2,80.0,70.0,90.0,42.0
median_across_captures,Mediana entre capturas,exclude_affected_listings,Sem os três imóveis afetados,preco_por_hospede,Preço anunciado por hóspede comportado,todas as capacidades positivas,meia praia|apartamento|2 quartos,Meia Praia · apartamento · 2 quartos,Meia Praia,apartamento,2,186,78.0,63.5,100.0,71.42857142857143,87.03571428571428,principal,162,7,0.03763440860215054,1,76.63020833333334,78.0,78.0,43.0
median_across_captures,Mediana entre capturas,exclude_affected_listings,Sem os três imóveis afetados,preco_por_hospede,Preço anunciado por hóspede comportado,sem capacidades positivas suspeitas,meia praia|apartamento|2 quartos,Meia Praia · apartamento · 2 quartos,Meia Praia,apartamento,2,186,78.0,63.5,100.0,71.27857142857144,85.61964285714281,principal,162,7,0.03763440860215054,1,76.63020833333334,78.0,78.0,43.0
median_across_captures,Mediana entre capturas,exclude_affected_listings,Sem os três imóveis afetados,preco_por_hospede,Preço anunciado por hóspede comportado,todas as capacidades positivas,varzea|casa|1 quarto,Varzea · casa · 1 quarto,Varzea,casa,1,3,74.5,60.375,93.5,,,evidência insuficiente,3,1,0.3333333333333333,3,74.5,60.375,93.5,44.0
median_across_captures,Mediana entre capturas,exclude_affected_listings,Sem os três imóveis afetados,preco_por_hospede,Preço anunciado por hóspede comportado,sem capacidades positivas suspeitas,varzea|casa|1 quarto,Varzea · casa · 1 quarto,Varzea,casa,1,3,74.5,60.375,93.5,,,evidência insuficiente,3,1,0.3333333333333333,3,74.5,60.375,93.5,44.0
median_across_captures,Mediana entre capturas,exclude_affected_listings,Sem os três imóveis afetados,preco_por_hospede,Preço anunciado por hóspede comportado,todas as capacidades positivas,ilhota|casa|3 quartos,Ilhota · casa · 3 quartos,Ilhota,casa,3,2,74.375,67.8125,80.9375,,,evidência insuficiente,2,1,0.5,2,74.375,61.25,87.5,45.0
median_across_captures,Mediana entre capturas,exclude_affected_listings,Sem os três imóveis afetados,preco_por_hospede,Preço anunciado por hóspede comportado,sem capacidades positivas suspeitas,ilhota|casa|3 quartos,Ilhota · casa · 3 quartos,Ilhota,casa,3,2,74.375,67.8125,80.9375,,,evidência insuficiente,2,1,0.5,2,74.375,61.25,87.5,45.0
median_across_captures,Mediana entre capturas,exclude_affected_listings,Sem os três imóveis afetados,preco_por_hospede,Preço anunciado por hóspede comportado,todas as capacidades positivas,casa branca|apartamento|2 quartos,Casa Branca · apartamento · 2 quartos,Casa Branca,apartamento,2,11,74.0,63.65,98.33333333333334,57.5,116.66666666666667,exploratório,10,2,0.18181818181818182,1,74.45,74.0,74.0,46.0
median_across_captures,Mediana entre capturas,exclude_affected_listings,Sem os três imóveis afetados,preco_por_hospede,Preço anunciado por hóspede comportado,sem capacidades positivas suspeitas,casa branca|apartamento|2 quartos,Casa Branca · apartamento · 2 quartos,Casa Branca,apartamento,2,11,74.0,63.65,98.33333333333334,57.5,116.66666666666667,exploratório,10,2,0.18181818181818182,1,74.45,74.0,74.0,46.0
median_across_captures,Mediana entre capturas,exclude_affected_listings,Sem os três imóveis afetados,preco_por_hospede,Preço anunciado por hóspede comportado,todas as capacidades positivas,centro|apartamento|5 quartos,Centro · apartamento · 5 quartos,Centro,apartamento,5,1,70.83333333333333,70.83333333333333,70.83333333333333,,,evidência insuficiente,1,1,1.0,1,70.83333333333333,,,47.0
median_across_captures,Mediana entre capturas,exclude_affected_listings,Sem os três imóveis afetados,preco_por_hospede,Preço anunciado por hóspede comportado,sem capacidades positivas suspeitas,centro|apartamento|5 quartos,Centro · apartamento · 5 quartos,Centro,apartamento,5,1,70.83333333333333,70.83333333333333,70.83333333333333,,,evidência insuficiente,1,1,1.0,1,70.83333333333333,,,47.0
median_across_captures,Mediana entre capturas,exclude_affected_listings,Sem os três imóveis afetados,preco_por_hospede,Preço anunciado por hóspede comportado,todas as capacidades positivas,centro|casa|1 quarto,Centro · casa · 1 quarto,Centro,casa,1,1,70.75,70.75,70.75,,,evidência insuficiente,1,1,1.0,1,70.75,,,48.0
median_across_captures,Mediana entre capturas,exclude_affected_listings,Sem os três imóveis afetados,preco_por_hospede,Preço anunciado por hóspede comportado,sem capacidades positivas suspeitas,centro|casa|1 quarto,Centro · casa · 1 quarto,Centro,casa,1,1,70.75,70.75,70.75,,,evidência insuficiente,1,1,1.0,1,70.75,,,48.0
median_across_captures,Mediana entre capturas,exclude_affected_listings,Sem os três imóveis afetados,preco_por_hospede,Preço anunciado por hóspede comportado,todas as capacidades positivas,meia praia|casa|4 quartos,Meia Praia · casa · 4 quartos,Meia Praia,casa,4,2,67.3076923076923,58.65384615384615,75.96153846153845,,,evidência insuficiente,2,1,0.5,2,67.3076923076923,50.0,84.61538461538461,49.0
median_across_captures,Mediana entre capturas,exclude_affected_listings,Sem os três imóveis afetados,preco_por_hospede,Preço anunciado por hóspede comportado,sem capacidades positivas suspeitas,meia praia|casa|4 quartos,Meia Praia · casa · 4 quartos,Meia Praia,casa,4,2,67.3076923076923,58.65384615384615,75.96153846153845,,,evidência insuficiente,2,1,0.5,2,67.3076923076923,50.0,84.61538461538461,49.0
median_across_captures,Mediana entre capturas,exclude_affected_listings,Sem os três imóveis afetados,preco_por_hospede,Preço anunciado por hóspede comportado,todas as capacidades positivas,casa branca|apartamento|3 quartos,Casa Branca · apartamento · 3 quartos,Casa Branca,apartamento,3,2,67.16666666666666,59.08333333333333,75.25,,,evidência insuficiente,2,1,0.5,2,67.16666666666666,51.0,83.33333333333333,50.0
median_across_captures,Mediana entre capturas,exclude_affected_listings,Sem os três imóveis afetados,preco_por_hospede,Preço anunciado por hóspede comportado,sem capacidades positivas suspeitas,casa branca|apartamento|3 quartos,Casa Branca · apartamento · 3 quartos,Casa Branca,apartamento,3,2,67.16666666666666,59.08333333333333,75.25,,,evidência insuficiente,2,1,0.5,2,67.16666666666666,51.0,83.33333333333333,50.0
median_across_captures,Mediana entre capturas,exclude_affected_listings,Sem os três imóveis afetados,preco_por_hospede,Preço anunciado por hóspede comportado,todas as capacidades positivas,sertao do trombudo|casa|4 quartos,Sertao do Trombudo · casa · 4 quartos,Sertao do Trombudo,casa,4,1,66.66666666666667,66.66666666666667,66.66666666666667,,,evidência insuficiente,1,1,1.0,1,66.66666666666667,,,51.0
median_across_captures,Mediana entre capturas,exclude_affected_listings,Sem os três imóveis afetados,preco_por_hospede,Preço anunciado por hóspede comportado,sem capacidades positivas suspeitas,sertao do trombudo|casa|4 quartos,Sertao do Trombudo · casa · 4 quartos,Sertao do Trombudo,casa,4,1,66.66666666666667,66.66666666666667,66.66666666666667,,,evidência insuficiente,1,1,1.0,1,66.66666666666667,,,51.0
median_across_captures,Mediana entre capturas,exclude_affected_listings,Sem os três imóveis afetados,preco_por_hospede,Preço anunciado por hóspede comportado,todas as capacidades positivas,meia praia|casa|1 quarto,Meia Praia · casa · 1 quarto,Meia Praia,casa,1,1,65.0,65.0,65.0,,,evidência insuficiente,1,1,1.0,1,65.0,,,52.0
median_across_captures,Mediana entre capturas,exclude_affected_listings,Sem os três imóveis afetados,preco_por_hospede,Preço anunciado por hóspede comportado,sem capacidades positivas suspeitas,meia praia|casa|1 quarto,Meia Praia · casa · 1 quarto,Meia Praia,casa,1,1,65.0,65.0,65.0,,,evidência insuficiente,1,1,1.0,1,65.0,,,52.0
median_across_captures,Mediana entre capturas,exclude_affected_listings,Sem os três imóveis afetados,preco_por_hospede,Preço anunciado por hóspede comportado,todas as capacidades positivas,morretes|casa|4 quartos,Morretes · casa · 4 quartos,Morretes,casa,4,2,63.541666666666664,53.64583333333333,73.4375,,,evidência insuficiente,2,1,0.5,2,63.541666666666664,43.75,83.33333333333333,53.0
median_across_captures,Mediana entre capturas,exclude_affected_listings,Sem os três imóveis afetados,preco_por_hospede,Preço anunciado por hóspede comportado,sem capacidades positivas suspeitas,morretes|casa|4 quartos,Morretes · casa · 4 quartos,Morretes,casa,4,2,63.541666666666664,53.64583333333333,73.4375,,,evidência insuficiente,2,1,0.5,2,63.541666666666664,43.75,83.33333333333333,53.0
median_across_captures,Mediana entre capturas,exclude_affected_listings,Sem os três imóveis afetados,preco_por_hospede,Preço anunciado por hóspede comportado,todas as capacidades positivas,meia praia|casa|3 quartos,Meia Praia · casa · 3 quartos,Meia Praia,casa,3,5,63.333333333333336,50.0,72.22222222222223,50.0,85.71428571428571,evidência insuficiente,5,1,0.2,5,63.333333333333336,56.66666666666667,67.77777777777779,54.0
median_across_captures,Mediana entre capturas,exclude_affected_listings,Sem os três imóveis afetados,preco_por_hospede,Preço anunciado por hóspede comportado,sem capacidades positivas suspeitas,meia praia|casa|3 quartos,Meia Praia · casa · 3 quartos,Meia Praia,casa,3,5,63.333333333333336,50.0,72.22222222222223,50.0,85.71428571428571,evidência insuficiente,5,1,0.2,5,63.333333333333336,56.66666666666667,67.77777777777779,54.0
median_across_captures,Mediana entre capturas,exclude_affected_listings,Sem os três imóveis afetados,preco_por_hospede,Preço anunciado por hóspede comportado,todas as capacidades positivas,ilhota|apartamento|3 quartos,Ilhota · apartamento · 3 quartos,Ilhota,apartamento,3,1,62.5,62.5,62.5,,,evidência insuficiente,1,1,1.0,1,62.5,,,55.0
median_across_captures,Mediana entre capturas,exclude_affected_listings,Sem os três imóveis afetados,preco_por_hospede,Preço anunciado por hóspede comportado,todas as capacidades positivas,sertaozinho|casa|3 quartos,Sertaozinho · casa · 3 quartos,Sertaozinho,casa,3,1,62.5,62.5,62.5,,,evidência insuficiente,1,1,1.0,1,62.5,,,55.0
median_across_captures,Mediana entre capturas,exclude_affected_listings,Sem os três imóveis afetados,preco_por_hospede,Preço anunciado por hóspede comportado,sem capacidades positivas suspeitas,ilhota|apartamento|3 quartos,Ilhota · apartamento · 3 quartos,Ilhota,apartamento,3,1,62.5,62.5,62.5,,,evidência insuficiente,1,1,1.0,1,62.5,,,55.0
median_across_captures,Mediana entre capturas,exclude_affected_listings,Sem os três imóveis afetados,preco_por_hospede,Preço anunciado por hóspede comportado,sem capacidades positivas suspeitas,sertaozinho|casa|3 quartos,Sertaozinho · casa · 3 quartos,Sertaozinho,casa,3,1,62.5,62.5,62.5,,,evidência insuficiente,1,1,1.0,1,62.5,,,55.0
median_across_captures,Mediana entre capturas,exclude_affected_listings,Sem os três imóveis afetados,preco_por_hospede,Preço anunciado por hóspede comportado,sem capacidades positivas suspeitas,meia praia|casa|2 quartos,Meia Praia · casa · 2 quartos,Meia Praia,casa,2,2,62.375,56.1875,68.5625,,,evidência insuficiente,2,1,0.5,2,62.375,50.0,74.75,57.0
median_across_captures,Mediana entre capturas,exclude_affected_listings,Sem os três imóveis afetados,preco_por_hospede,Preço anunciado por hóspede comportado,todas as capacidades positivas,centro|casa|2 quartos,Centro · casa · 2 quartos,Centro,casa,2,2,60.4,55.2,65.6,,,evidência insuficiente,2,1,0.5,2,60.4,50.0,70.8,57.0
median_across_captures,Mediana entre capturas,exclude_affected_listings,Sem os três imóveis afetados,preco_por_hospede,Preço anunciado por hóspede comportado,sem capacidades positivas suspeitas,centro|casa|2 quartos,Centro · casa · 2 quartos,Centro,casa,2,2,60.4,55.2,65.6,,,evidência insuficiente,2,1,0.5,2,60.4,50.0,70.8,58.0
median_across_captures,Mediana entre capturas,exclude_affected_listings,Sem os três imóveis afetados,preco_por_hospede,Preço anunciado por hóspede comportado,todas as capacidades positivas,morretes|casa|2 quartos,Morretes · casa · 2 quartos,Morretes,casa,2,9,60.0,50.0,99.75,32.81818181818182,100.0,evidência insuficiente,8,2,0.2222222222222222,1,70.0234375,80.046875,80.046875,58.0
median_across_captures,Mediana entre capturas,exclude_affected_listings,Sem os três imóveis afetados,preco_por_hospede,Preço anunciado por hóspede comportado,sem capacidades positivas suspeitas,morretes|casa|2 quartos,Morretes · casa · 2 quartos,Morretes,casa,2,9,60.0,50.0,99.75,32.81818181818182,100.0,evidência insuficiente,8,2,0.2222222222222222,1,70.0234375,80.046875,80.046875,59.0
median_across_captures,Mediana entre capturas,exclude_affected_listings,Sem os três imóveis afetados,preco_por_hospede,Preço anunciado por hóspede comportado,todas as capacidades positivas,meia praia|casa|2 quartos,Meia Praia · casa · 2 quartos,Meia Praia,casa,2,3,50.0,38.9375,62.375,,,evidência insuficiente,3,1,0.3333333333333333,3,50.0,38.9375,62.375,59.0
median_across_captures,Mediana entre capturas,exclude_affected_listings,Sem os três imóveis afetados,preco_por_hospede,Preço anunciado por hóspede comportado,todas as capacidades positivas,jardim praiamar|casa|1 quarto,Jardim Praiamar · casa · 1 quarto,Jardim Praiamar,casa,1,1,50.0,50.0,50.0,,,evidência insuficiente,1,1,1.0,1,50.0,,,59.0
median_across_captures,Mediana entre capturas,exclude_affected_listings,Sem os três imóveis afetados,preco_por_hospede,Preço anunciado por hóspede comportado,todas as capacidades positivas,morretes|casa|3 quartos,Morretes · casa · 3 quartos,Morretes,casa,3,1,50.0,50.0,50.0,,,evidência insuficiente,1,1,1.0,1,50.0,,,59.0
median_across_captures,Mediana entre capturas,exclude_affected_listings,Sem os três imóveis afetados,preco_por_hospede,Preço anunciado por hóspede comportado,sem capacidades positivas suspeitas,jardim praiamar|casa|1 quarto,Jardim Praiamar · casa · 1 quarto,Jardim Praiamar,casa,1,1,50.0,50.0,50.0,,,evidência insuficiente,1,1,1.0,1,50.0,,,60.0
median_across_captures,Mediana entre capturas,exclude_affected_listings,Sem os três imóveis afetados,preco_por_hospede,Preço anunciado por hóspede comportado,sem capacidades positivas suspeitas,morretes|casa|3 quartos,Morretes · casa · 3 quartos,Morretes,casa,3,1,50.0,50.0,50.0,,,evidência insuficiente,1,1,1.0,1,50.0,,,60.0
median_across_captures,Mediana entre capturas,exclude_affected_listings,Sem os três imóveis afetados,preco_por_hospede,Preço anunciado por hóspede comportado,todas as capacidades positivas,alto sao bento|apartamento|2 quartos,Alto Sao Bento · apartamento · 2 quartos,Alto Sao Bento,apartamento,2,1,49.75,49.75,49.75,,,evidência insuficiente,1,1,1.0,1,49.75,,,62.0
median_across_captures,Mediana entre capturas,exclude_affected_listings,Sem os três imóveis afetados,preco_por_hospede,Preço anunciado por hóspede comportado,sem capacidades positivas suspeitas,alto sao bento|apartamento|2 quartos,Alto Sao Bento · apartamento · 2 quartos,Alto Sao Bento,apartamento,2,1,49.75,49.75,49.75,,,evidência insuficiente,1,1,1.0,1,49.75,,,62.0
median_across_captures,Mediana entre capturas,exclude_affected_listings,Sem os três imóveis afetados,preco_por_hospede,Preço anunciado por hóspede comportado,todas as capacidades positivas,ilhota|casa|2 quartos,Ilhota · casa · 2 quartos,Ilhota,casa,2,2,38.5,36.75,40.25,,,evidência insuficiente,2,1,0.5,2,38.5,35.0,42.0,63.0
median_across_captures,Mediana entre capturas,exclude_affected_listings,Sem os três imóveis afetados,preco_por_hospede,Preço anunciado por hóspede comportado,sem capacidades positivas suspeitas,ilhota|casa|2 quartos,Ilhota · casa · 2 quartos,Ilhota,casa,2,2,38.5,36.75,40.25,,,evidência insuficiente,2,1,0.5,2,38.5,35.0,42.0,63.0
median_across_captures,Mediana entre capturas,exclude_affected_listings,Sem os três imóveis afetados,preco_por_hospede,Preço anunciado por hóspede comportado,todas as capacidades positivas,canto da praia|apartamento|3 quartos,Canto da Praia · apartamento · 3 quartos,Canto da Praia,apartamento,3,1,37.5,37.5,37.5,,,evidência insuficiente,1,1,1.0,1,37.5,,,64.0
median_across_captures,Mediana entre capturas,exclude_affected_listings,Sem os três imóveis afetados,preco_por_hospede,Preço anunciado por hóspede comportado,sem capacidades positivas suspeitas,canto da praia|apartamento|3 quartos,Canto da Praia · apartamento · 3 quartos,Canto da Praia,apartamento,3,1,37.5,37.5,37.5,,,evidência insuficiente,1,1,1.0,1,37.5,,,64.0
median_across_captures,Mediana entre capturas,exclude_affected_listings,Sem os três imóveis afetados,preco_por_quarto,Preço anunciado por quarto,não aplicável,canto da praia|casa|4 quartos,Canto da Praia · casa · 4 quartos,Canto da Praia,casa,4,1,975.0,975.0,975.0,,,evidência insuficiente,1,1,1.0,1,975.0,,,1.0
median_across_captures,Mediana entre capturas,exclude_affected_listings,Sem os três imóveis afetados,preco_por_quarto,Preço anunciado por quarto,não aplicável,canto da praia|casa|1 quarto,Canto da Praia · casa · 1 quarto,Canto da Praia,casa,1,1,793.0,793.0,793.0,,,evidência insuficiente,1,1,1.0,1,793.0,,,2.0
median_across_captures,Mediana entre capturas,exclude_affected_listings,Sem os três imóveis afetados,preco_por_quarto,Preço anunciado por quarto,não aplicável,desconhecido|casa|1 quarto,Desconhecido · casa · 1 quarto,Desconhecido,casa,1,3,709.0,649.5,754.5,,,evidência insuficiente,3,1,0.3333333333333333,3,709.0,649.5,754.5,3.0
median_across_captures,Mediana entre capturas,exclude_affected_listings,Sem os três imóveis afetados,preco_por_quarto,Preço anunciado por quarto,não aplicável,areal|casa|1 quarto,Areal · casa · 1 quarto,Areal,casa,1,1,556.0,556.0,556.0,,,evidência insuficiente,1,1,1.0,1,556.0,,,4.0
median_across_captures,Mediana entre capturas,exclude_affected_listings,Sem os três imóveis afetados,preco_por_quarto,Preço anunciado por quarto,não aplicável,meia praia|apartamento|1 quarto,Meia Praia · apartamento · 1 quarto,Meia Praia,apartamento,1,19,480.0,391.66667,530.5,391.66667,545.0,exploratório,15,3,0.15789473684210525,1,402.0,401.0,401.0,5.0
median_across_captures,Mediana entre capturas,exclude_affected_listings,Sem os três imóveis afetados,preco_por_quarto,Preço anunciado por quarto,não aplicável,centro|apartamento|1 quarto,Centro · apartamento · 1 quarto,Centro,apartamento,1,78,448.0,375.03125,606.25,422.925,499.5125,principal,20,54,0.6923076923076923,1,443.0,450.0,450.0,6.0
median_across_captures,Mediana entre capturas,exclude_affected_listings,Sem os três imóveis afetados,preco_por_quarto,Preço anunciado por quarto,não aplicável,sertaozinho|casa|6 quartos,Sertaozinho · casa · 6 quartos,Sertaozinho,casa,6,2,430.20833333333337,353.6458333333333,506.77083333333337,,,evidência insuficiente,2,1,0.5,2,430.20833333333337,277.0833333333333,583.3333333333334,7.0
median_across_captures,Mediana entre capturas,exclude_affected_listings,Sem os três imóveis afetados,preco_por_quarto,Preço anunciado por quarto,não aplicável,tabuleiro dos oliveiras|casa|4 quartos,Tabuleiro dos Oliveiras · casa · 4 quartos,Tabuleiro dos Oliveiras,casa,4,1,425.0,425.0,425.0,,,evidência insuficiente,1,1,1.0,1,425.0,,,8.0
median_across_captures,Mediana entre capturas,exclude_affected_listings,Sem os três imóveis afetados,preco_por_quarto,Preço anunciado por quarto,não aplicável,morretes|apartamento|1 quarto,Morretes · apartamento · 1 quarto,Morretes,apartamento,1,4,415.0,306.25,491.25,,,evidência insuficiente,4,1,0.25,4,415.0,350.0,480.0,9.0
median_across_captures,Mediana entre capturas,exclude_affected_listings,Sem os três imóveis afetados,preco_por_quarto,Preço anunciado por quarto,não aplicável,alto sao bento|casa|1 quarto,Alto Sao Bento · casa · 1 quarto,Alto Sao Bento,casa,1,1,400.0,400.0,400.0,,,evidência insuficiente,1,1,1.0,1,400.0,,,10.0
median_across_captures,Mediana entre capturas,exclude_affected_listings,Sem os três imóveis afetados,preco_por_quarto,Preço anunciado por quarto,não aplicável,sertao do trombudo|casa|1 quarto,Sertao do Trombudo · casa · 1 quarto,Sertao do Trombudo,casa,1,2,380.0,375.0,385.0,,,evidência insuficiente,1,2,1.0,1,380.0,,,11.0
median_across_captures,Mediana entre capturas,exclude_affected_listings,Sem os três imóveis afetados,preco_por_quarto,Preço anunciado por quarto,não aplicável,meia praia|apartamento|5 quartos,Meia Praia · apartamento · 5 quartos,Meia Praia,apartamento,5,5,379.4,290.0,420.0,180.0,460.0,evidência insuficiente,5,1,0.2,5,379.4,334.7,399.7,12.0
median_across_captures,Mediana entre capturas,exclude_affected_listings,Sem os três imóveis afetados,preco_por_quarto,Preço anunciado por quarto,não aplicável,varzea|casa|5 quartos,Varzea · casa · 5 quartos,Varzea,casa,5,1,350.0,350.0,350.0,,,evidência insuficiente,1,1,1.0,1,350.0,,,13.0
median_across_captures,Mediana entre capturas,exclude_affected_listings,Sem os três imóveis afetados,preco_por_quarto,Preço anunciado por quarto,não aplicável,ilhota|apartamento|1 quarto,Ilhota · apartamento · 1 quarto,Ilhota,apartamento,1,2,345.5,343.25,347.75,,,evidência insuficiente,1,2,1.0,1,345.5,,,14.0
median_across_captures,Mediana entre capturas,exclude_affected_listings,Sem os três imóveis afetados,preco_por_quarto,Preço anunciado por quarto,não aplicável,centro|casa|4 quartos,Centro · casa · 4 quartos,Centro,casa,4,4,337.5,243.75,450.0,,,evidência insuficiente,4,1,0.25,4,337.5,250.0,425.0,15.0
median_across_captures,Mediana entre capturas,exclude_affected_listings,Sem os três imóveis afetados,preco_por_quarto,Preço anunciado por quarto,não aplicável,centro|apartamento|2 quartos,Centro · apartamento · 2 quartos,Centro,apartamento,2,65,300.0,185.0,381.458325,194.875,346.5,principal,41,20,0.3076923076923077,1,240.0,224.5,224.5,16.0
median_across_captures,Mediana entre capturas,exclude_affected_listings,Sem os três imóveis afetados,preco_por_quarto,Preço anunciado por quarto,não aplicável,ilhota|apartamento|2 quartos,Ilhota · apartamento · 2 quartos,Ilhota,apartamento,2,2,293.75,293.125,294.375,,,evidência insuficiente,2,1,0.5,2,293.75,292.5,295.0,17.0
median_across_captures,Mediana entre capturas,exclude_affected_listings,Sem os três imóveis afetados,preco_por_quarto,Preço anunciado por quarto,não aplicável,centro|casa|1 quarto,Centro · casa · 1 quarto,Centro,casa,1,1,283.0,283.0,283.0,,,evidência insuficiente,1,1,1.0,1,283.0,,,18.0
median_across_captures,Mediana entre capturas,exclude_affected_listings,Sem os três imóveis afetados,preco_por_quarto,Preço anunciado por quarto,não aplicável,morretes|casa|1 quarto,Morretes · casa · 1 quarto,Morretes,casa,1,2,282.0,237.5,326.5,,,evidência insuficiente,2,1,0.5,2,282.0,193.0,371.0,19.0
median_across_captures,Mediana entre capturas,exclude_affected_listings,Sem os três imóveis afetados,preco_por_quarto,Preço anunciado por quarto,não aplicável,tabuleiro dos oliveiras|apartamento|4 quartos,Tabuleiro dos Oliveiras · apartamento · 4 quartos,Tabuleiro dos Oliveiras,apartamento,4,1,275.0,275.0,275.0,,,evidência insuficiente,1,1,1.0,1,275.0,,,20.0
median_across_captures,Mediana entre capturas,exclude_affected_listings,Sem os três imóveis afetados,preco_por_quarto,Preço anunciado por quarto,não aplicável,sertaozinho|casa|1 quarto,Sertaozinho · casa · 1 quarto,Sertaozinho,casa,1,2,274.5,227.25,321.75,,,evidência insuficiente,2,1,0.5,2,274.5,180.0,369.0,21.0
median_across_captures,Mediana entre capturas,exclude_affected_listings,Sem os três imóveis afetados,preco_por_quarto,Preço anunciado por quarto,não aplicável,casa branca|casa|1 quarto,Casa Branca · casa · 1 quarto,Casa Branca,casa,1,2,274.5,261.75,287.25,,,evidência insuficiente,2,1,0.5,2,274.5,249.0,300.0,21.0
median_across_captures,Mediana entre capturas,exclude_affected_listings,Sem os três imóveis afetados,preco_por_quarto,Preço anunciado por quarto,não aplicável,meia praia|apartamento|4 quartos,Meia Praia · apartamento · 4 quartos,Meia Praia,apartamento,4,60,268.75,209.375,418.6875,224.75,372.0,principal,55,2,0.03333333333333333,5,262.5,256.125,287.5,23.0
median_across_captures,Mediana entre capturas,exclude_affected_listings,Sem os três imóveis afetados,preco_por_quarto,Preço anunciado por quarto,não aplicável,centro|apartamento|3 quartos,Centro · apartamento · 3 quartos,Centro,apartamento,3,45,260.0,174.33333333333334,300.0,215.33333333333334,276.08333333333337,principal,41,4,0.08888888888888889,1,260.0,260.0,260.0,24.0
median_across_captures,Mediana entre capturas,exclude_affected_listings,Sem os três imóveis afetados,preco_por_quarto,Preço anunciado por quarto,não aplicável,canto da praia|apartamento|2 quartos,Canto da Praia · apartamento · 2 quartos,Canto da Praia,apartamento,2,4,254.5,247.375,281.625,,,evidência insuficiente,4,1,0.25,4,254.5,250.0,259.0,25.0
median_across_captures,Mediana entre capturas,exclude_affected_listings,Sem os três imóveis afetados,preco_por_quarto,Preço anunciado por quarto,não aplicável,morretes|apartamento|4 quartos,Morretes · apartamento · 4 quartos,Morretes,apartamento,4,3,250.0,186.25,312.5,,,evidência insuficiente,3,1,0.3333333333333333,3,250.0,186.25,312.5,26.0
median_across_captures,Mediana entre capturas,exclude_affected_listings,Sem os três imóveis afetados,preco_por_quarto,Preço anunciado por quarto,não aplicável,sertaozinho|casa|2 quartos,Sertaozinho · casa · 2 quartos,Sertaozinho,casa,2,1,250.0,250.0,250.0,,,evidência insuficiente,1,1,1.0,1,250.0,,,26.0
median_across_captures,Mediana entre capturas,exclude_affected_listings,Sem os três imóveis afetados,preco_por_quarto,Preço anunciado por quarto,não aplicável,sertao do trombudo|casa|4 quartos,Sertao do Trombudo · casa · 4 quartos,Sertao do Trombudo,casa,4,1,250.0,250.0,250.0,,,evidência insuficiente,1,1,1.0,1,250.0,,,26.0
median_across_captures,Mediana entre capturas,exclude_affected_listings,Sem os três imóveis afetados,preco_por_quarto,Preço anunciado por quarto,não aplicável,ilhota|casa|4 quartos,Ilhota · casa · 4 quartos,Ilhota,casa,4,1,243.75,243.75,243.75,,,evidência insuficiente,1,1,1.0,1,243.75,,,29.0
median_across_captures,Mediana entre capturas,exclude_affected_listings,Sem os três imóveis afetados,preco_por_quarto,Preço anunciado por quarto,não aplicável,morretes|apartamento|2 quartos,Morretes · apartamento · 2 quartos,Morretes,apartamento,2,50,233.75,175.0,294.09375,190.0,275.0,principal,40,7,0.14,1,220.0625,203.75,203.75,30.0
median_across_captures,Mediana entre capturas,exclude_affected_listings,Sem os três imóveis afetados,preco_por_quarto,Preço anunciado por quarto,não aplicável,canto da praia|casa|3 quartos,Canto da Praia · casa · 3 quartos,Canto da Praia,casa,3,2,233.33333333333334,216.66666666666669,250.0,,,evidência insuficiente,2,1,0.5,2,233.33333333333334,200.0,266.6666666666667,31.0
median_across_captures,Mediana entre capturas,exclude_affected_listings,Sem os três imóveis afetados,preco_por_quarto,Preço anunciado por quarto,não aplicável,varzea|casa|3 quartos,Varzea · casa · 3 quartos,Varzea,casa,3,1,233.33333333333334,233.33333333333334,233.33333333333334,,,evidência insuficiente,1,1,1.0,1,233.33333333333334,,,31.0
median_across_captures,Mediana entre capturas,exclude_affected_listings,Sem os três imóveis afetados,preco_por_quarto,Preço anunciado por quarto,não aplicável,alto sao bento|apartamento|1 quarto,Alto Sao Bento · apartamento · 1 quarto,Alto Sao Bento,apartamento,1,2,230.0,205.0,255.0,,,evidência insuficiente,2,1,0.5,2,230.0,180.0,280.0,33.0
median_across_captures,Mediana entre capturas,exclude_affected_listings,Sem os três imóveis afetados,preco_por_quarto,Preço anunciado por quarto,não aplicável,meia praia|apartamento|3 quartos,Meia Praia · apartamento · 3 quartos,Meia Praia,apartamento,3,327,227.55555,166.66666666666666,283.3333333333333,216.33333333333331,233.33333333333334,principal,275,12,0.03669724770642202,2,225.0,230.0,230.0,34.0
median_across_captures,Mediana entre capturas,exclude_affected_listings,Sem os três imóveis afetados,preco_por_quarto,Preço anunciado por quarto,não aplicável,meia praia|apartamento|2 quartos,Meia Praia · apartamento · 2 quartos,Meia Praia,apartamento,2,186,225.0,185.625,294.33333749999997,207.75,250.0,principal,162,7,0.03763440860215054,1,225.0,225.0,225.0,35.0
median_across_captures,Mediana entre capturas,exclude_affected_listings,Sem os três imóveis afetados,preco_por_quarto,Preço anunciado por quarto,não aplicável,tabuleiro dos oliveiras|apartamento|2 quartos,Tabuleiro dos Oliveiras · apartamento · 2 quartos,Tabuleiro dos Oliveiras,apartamento,2,12,225.0,175.0,330.375,175.0,325.0,exploratório,11,2,0.16666666666666666,1,200.0,199.25,199.25,35.0
median_across_captures,Mediana entre capturas,exclude_affected_listings,Sem os três imóveis afetados,preco_por_quarto,Preço anunciado por quarto,não aplicável,centro|casa|3 quartos,Centro · casa · 3 quartos,Centro,casa,3,2,225.0,170.83333333333331,279.16666666666663,,,evidência insuficiente,2,1,0.5,2,225.0,116.66666666666667,333.3333333333333,35.0
median_across_captures,Mediana entre capturas,exclude_affected_listings,Sem os três imóveis afetados,preco_por_quarto,Preço anunciado por quarto,não aplicável,meia praia|casa|2 quartos,Meia Praia · casa · 2 quartos,Meia Praia,casa,2,3,223.0,186.25,236.5,,,evidência insuficiente,3,1,0.3333333333333333,3,223.0,186.25,236.5,38.0
median_across_captures,Mediana entre capturas,exclude_affected_listings,Sem os três imóveis afetados,preco_por_quarto,Preço anunciado por quarto,não aplicável,morretes|apartamento|3 quartos,Morretes · apartamento · 3 quartos,Morretes,apartamento,3,10,216.66666666666666,171.66666666666666,306.5833333333333,166.66666666666666,331.0,exploratório,10,1,0.1,10,216.66666666666666,216.66666666666666,216.66666666666666,39.0
median_across_captures,Mediana entre capturas,exclude_affected_listings,Sem os três imóveis afetados,preco_por_quarto,Preço anunciado por quarto,não aplicável,tabuleiro dos oliveiras|apartamento|3 quartos,Tabuleiro dos Oliveiras · apartamento · 3 quartos,Tabuleiro dos Oliveiras,apartamento,3,4,213.33333333333334,185.0,224.16666666666669,,,evidência insuficiente,4,1,0.25,4,213.33333333333334,203.33333333333334,223.33333333333334,40.0
median_across_captures,Mediana entre capturas,exclude_affected_listings,Sem os três imóveis afetados,preco_por_quarto,Preço anunciado por quarto,não aplicável,morretes|casa|4 quartos,Morretes · casa · 4 quartos,Morretes,casa,4,2,212.5,193.75,231.25,,,evidência insuficiente,2,1,0.5,2,212.5,175.0,250.0,41.0
median_across_captures,Mediana entre capturas,exclude_affected_listings,Sem os três imóveis afetados,preco_por_quarto,Preço anunciado por quarto,não aplicável,alto sao bento|casa|12 quartos,Alto Sao Bento · casa · 12 quartos,Alto Sao Bento,casa,12,1,208.33333333333334,208.33333333333334,208.33333333333334,,,evidência insuficiente,1,1,1.0,1,208.33333333333334,,,42.0
median_across_captures,Mediana entre capturas,exclude_affected_listings,Sem os três imóveis afetados,preco_por_quarto,Preço anunciado por quarto,não aplicável,leopoldo zarling|casa|1 quarto,Leopoldo Zarling · casa · 1 quarto,Leopoldo Zarling,casa,1,1,200.0,200.0,200.0,,,evidência insuficiente,1,1,1.0,1,200.0,,,43.0
median_across_captures,Mediana entre capturas,exclude_affected_listings,Sem os três imóveis afetados,preco_por_quarto,Preço anunciado por quarto,não aplicável,meia praia|casa|4 quartos,Meia Praia · casa · 4 quartos,Meia Praia,casa,4,2,200.0,162.5,237.5,,,evidência insuficiente,2,1,0.5,2,200.0,125.0,275.0,43.0
median_across_captures,Mediana entre capturas,exclude_affected_listings,Sem os três imóveis afetados,preco_por_quarto,Preço anunciado por quarto,não aplicável,jardim praiamar|casa|1 quarto,Jardim Praiamar · casa · 1 quarto,Jardim Praiamar,casa,1,1,200.0,200.0,200.0,,,evidência insuficiente,1,1,1.0,1,200.0,,,43.0
median_across_captures,Mediana entre capturas,exclude_affected_listings,Sem os três imóveis afetados,preco_por_quarto,Preço anunciado por quarto,não aplicável,ilhota|casa|3 quartos,Ilhota · casa · 3 quartos,Ilhota,casa,3,2,198.33333333333334,180.83333333333334,215.83333333333334,,,evidência insuficiente,2,1,0.5,2,198.33333333333334,163.33333333333334,233.33333333333334,46.0
median_across_captures,Mediana entre capturas,exclude_affected_listings,Sem os três imóveis afetados,preco_por_quarto,Preço anunciado por quarto,não aplicável,meia praia|casa|1 quarto,Meia Praia · casa · 1 quarto,Meia Praia,casa,1,1,195.0,195.0,195.0,,,evidência insuficiente,1,1,1.0,1,195.0,,,47.0
median_across_captures,Mediana entre capturas,exclude_affected_listings,Sem os três imóveis afetados,preco_por_quarto,Preço anunciado por quarto,não aplicável,tabuleiro dos oliveiras|casa|7 quartos,Tabuleiro dos Oliveiras · casa · 7 quartos,Tabuleiro dos Oliveiras,casa,7,1,192.85714285714286,192.85714285714286,192.85714285714286,,,evidência insuficiente,1,1,1.0,1,192.85714285714286,,,48.0
median_across_captures,Mediana entre capturas,exclude_affected_listings,Sem os três imóveis afetados,preco_por_quarto,Preço anunciado por quarto,não aplicável,centro|apartamento|4 quartos,Centro · apartamento · 4 quartos,Centro,apartamento,4,4,186.25,159.375,215.625,,,evidência insuficiente,4,1,0.25,4,186.25,175.0,197.5,49.0
median_across_captures,Mediana entre capturas,exclude_affected_listings,Sem os três imóveis afetados,preco_por_quarto,Preço anunciado por quarto,não aplicável,meia praia|casa|7 quartos,Meia Praia · casa · 7 quartos,Meia Praia,casa,7,1,185.71428571428572,185.71428571428572,185.71428571428572,,,evidência insuficiente,1,1,1.0,1,185.71428571428572,,,50.0
median_across_captures,Mediana entre capturas,exclude_affected_listings,Sem os três imóveis afetados,preco_por_quarto,Preço anunciado por quarto,não aplicável,varzea|casa|1 quarto,Varzea · casa · 1 quarto,Varzea,casa,1,3,185.0,167.0,317.5,,,evidência insuficiente,3,1,0.3333333333333333,3,185.0,167.0,317.5,51.0
median_across_captures,Mediana entre capturas,exclude_affected_listings,Sem os três imóveis afetados,preco_por_quarto,Preço anunciado por quarto,não aplicável,morretes|casa|2 quartos,Morretes · casa · 2 quartos,Morretes,casa,2,9,180.5,160.09375,203.0,150.0,301.5,evidência insuficiente,8,2,0.2222222222222222,1,188.25,199.5,199.5,52.0
median_across_captures,Mediana entre capturas,exclude_affected_listings,Sem os três imóveis afetados,preco_por_quarto,Preço anunciado por quarto,não aplicável,casa branca|apartamento|2 quartos,Casa Branca · apartamento · 2 quartos,Casa Branca,apartamento,2,11,175.0,148.75,192.5,140.0,200.0,exploratório,10,2,0.18181818181818182,1,175.0,175.0,175.0,53.0
median_across_captures,Mediana entre capturas,exclude_affected_listings,Sem os três imóveis afetados,preco_por_quarto,Preço anunciado por quarto,não aplicável,centro|apartamento|5 quartos,Centro · apartamento · 5 quartos,Centro,apartamento,5,1,170.0,170.0,170.0,,,evidência insuficiente,1,1,1.0,1,170.0,,,54.0
median_across_captures,Mediana entre capturas,exclude_affected_listings,Sem os três imóveis afetados,preco_por_quarto,Preço anunciado por quarto,não aplicável,ilhota|apartamento|3 quartos,Ilhota · apartamento · 3 quartos,Ilhota,apartamento,3,1,166.66666666666666,166.66666666666666,166.66666666666666,,,evidência insuficiente,1,1,1.0,1,166.66666666666666,,,55.0
median_across_captures,Mediana entre capturas,exclude_affected_listings,Sem os três imóveis afetados,preco_por_quarto,Preço anunciado por quarto,não aplicável,sertaozinho|casa|3 quartos,Sertaozinho · casa · 3 quartos,Sertaozinho,casa,3,1,166.66666666666666,166.66666666666666,166.66666666666666,,,evidência insuficiente,1,1,1.0,1,166.66666666666666,,,55.0
median_across_captures,Mediana entre capturas,exclude_affected_listings,Sem os três imóveis afetados,preco_por_quarto,Preço anunciado por quarto,não aplicável,morretes|casa|3 quartos,Morretes · casa · 3 quartos,Morretes,casa,3,1,166.66666666666666,166.66666666666666,166.66666666666666,,,evidência insuficiente,1,1,1.0,1,166.66666666666666,,,55.0
median_across_captures,Mediana entre capturas,exclude_affected_listings,Sem os três imóveis afetados,preco_por_quarto,Preço anunciado por quarto,não aplicável,centro|casa|2 quartos,Centro · casa · 2 quartos,Centro,casa,2,2,151.0,138.0,164.0,,,evidência insuficiente,2,1,0.5,2,151.0,125.0,177.0,58.0
median_across_captures,Mediana entre capturas,exclude_affected_listings,Sem os três imóveis afetados,preco_por_quarto,Preço anunciado por quarto,não aplicável,meia praia|casa|3 quartos,Meia Praia · casa · 3 quartos,Meia Praia,casa,3,5,150.0,133.33333333333334,200.0,126.66666666666667,216.66666666666666,evidência insuficiente,5,1,0.2,5,150.0,141.66666666666669,175.0,59.0
median_across_captures,Mediana entre capturas,exclude_affected_listings,Sem os três imóveis afetados,preco_por_quarto,Preço anunciado por quarto,não aplicável,ilhota|casa|2 quartos,Ilhota · casa · 2 quartos,Ilhota,casa,2,2,140.0,122.5,157.5,,,evidência insuficiente,2,1,0.5,2,140.0,105.0,175.0,60.0
median_across_captures,Mediana entre capturas,exclude_affected_listings,Sem os três imóveis afetados,preco_por_quarto,Preço anunciado por quarto,não aplicável,casa branca|apartamento|3 quartos,Casa Branca · apartamento · 3 quartos,Casa Branca,apartamento,3,2,134.33333333333331,118.16666666666666,150.5,,,evidência insuficiente,2,1,0.5,2,134.33333333333331,102.0,166.66666666666666,61.0
median_across_captures,Mediana entre capturas,exclude_affected_listings,Sem os três imóveis afetados,preco_por_quarto,Preço anunciado por quarto,não aplicável,canto da praia|apartamento|3 quartos,Canto da Praia · apartamento · 3 quartos,Canto da Praia,apartamento,3,1,100.0,100.0,100.0,,,evidência insuficiente,1,1,1.0,1,100.0,,,62.0
median_across_captures,Mediana entre capturas,exclude_affected_listings,Sem os três imóveis afetados,preco_por_quarto,Preço anunciado por quarto,não aplicável,alto sao bento|apartamento|2 quartos,Alto Sao Bento · apartamento · 2 quartos,Alto Sao Bento,apartamento,2,1,99.5,99.5,99.5,,,evidência insuficiente,1,1,1.0,1,99.5,,,63.0
median_across_captures,Mediana entre capturas,exclude_affected_listings,Sem os três imóveis afetados,preco_total,Preço anunciado total,não aplicável,canto da praia|casa|4 quartos,Canto da Praia · casa · 4 quartos,Canto da Praia,casa,4,1,3900.0,3900.0,3900.0,,,evidência insuficiente,1,1,1.0,1,3900.0,,,1.0
median_across_captures,Mediana entre capturas,exclude_affected_listings,Sem os três imóveis afetados,preco_total,Preço anunciado total,não aplicável,sertaozinho|casa|6 quartos,Sertaozinho · casa · 6 quartos,Sertaozinho,casa,6,2,2581.25,2121.875,3040.625,,,evidência insuficiente,2,1,0.5,2,2581.25,1662.5,3500.0,2.0
median_across_captures,Mediana entre capturas,exclude_affected_listings,Sem os três imóveis afetados,preco_total,Preço anunciado total,não aplicável,alto sao bento|casa|12 quartos,Alto Sao Bento · casa · 12 quartos,Alto Sao Bento,casa,12,1,2500.0,2500.0,2500.0,,,evidência insuficiente,1,1,1.0,1,2500.0,,,3.0
median_across_captures,Mediana entre capturas,exclude_affected_listings,Sem os três imóveis afetados,preco_total,Preço anunciado total,não aplicável,meia praia|apartamento|5 quartos,Meia Praia · apartamento · 5 quartos,Meia Praia,apartamento,5,5,1897.0,1450.0,2100.0,900.0,2300.0,evidência insuficiente,5,1,0.2,5,1897.0,1673.5,1998.5,4.0
median_across_captures,Mediana entre capturas,exclude_affected_listings,Sem os três imóveis afetados,preco_total,Preço anunciado total,não aplicável,varzea|casa|5 quartos,Varzea · casa · 5 quartos,Varzea,casa,5,1,1750.0,1750.0,1750.0,,,evidência insuficiente,1,1,1.0,1,1750.0,,,5.0
median_across_captures,Mediana entre capturas,exclude_affected_listings,Sem os três imóveis afetados,preco_total,Preço anunciado total,não aplicável,tabuleiro dos oliveiras|casa|4 quartos,Tabuleiro dos Oliveiras · casa · 4 quartos,Tabuleiro dos Oliveiras,casa,4,1,1700.0,1700.0,1700.0,,,evidência insuficiente,1,1,1.0,1,1700.0,,,6.0
median_across_captures,Mediana entre capturas,exclude_affected_listings,Sem os três imóveis afetados,preco_total,Preço anunciado total,não aplicável,centro|casa|4 quartos,Centro · casa · 4 quartos,Centro,casa,4,4,1350.0,975.0,1800.0,,,evidência insuficiente,4,1,0.25,4,1350.0,1000.0,1700.0,7.0
median_across_captures,Mediana entre capturas,exclude_affected_listings,Sem os três imóveis afetados,preco_total,Preço anunciado total,não aplicável,tabuleiro dos oliveiras|casa|7 quartos,Tabuleiro dos Oliveiras · casa · 7 quartos,Tabuleiro dos Oliveiras,casa,7,1,1350.0,1350.0,1350.0,,,evidência insuficiente,1,1,1.0,1,1350.0,,,7.0
median_across_captures,Mediana entre capturas,exclude_affected_listings,Sem os três imóveis afetados,preco_total,Preço anunciado total,não aplicável,meia praia|casa|7 quartos,Meia Praia · casa · 7 quartos,Meia Praia,casa,7,1,1300.0,1300.0,1300.0,,,evidência insuficiente,1,1,1.0,1,1300.0,,,9.0
median_across_captures,Mediana entre capturas,exclude_affected_listings,Sem os três imóveis afetados,preco_total,Preço anunciado total,não aplicável,tabuleiro dos oliveiras|apartamento|4 quartos,Tabuleiro dos Oliveiras · apartamento · 4 quartos,Tabuleiro dos Oliveiras,apartamento,4,1,1100.0,1100.0,1100.0,,,evidência insuficiente,1,1,1.0,1,1100.0,,,10.0
median_across_captures,Mediana entre capturas,exclude_affected_listings,Sem os três imóveis afetados,preco_total,Preço anunciado total,não aplicável,meia praia|apartamento|4 quartos,Meia Praia · apartamento · 4 quartos,Meia Praia,apartamento,4,60,1075.0,837.5,1674.75,899.0,1488.0,principal,55,2,0.03333333333333333,5,1050.0,1024.5,1150.0,11.0
median_across_captures,Mediana entre capturas,exclude_affected_listings,Sem os três imóveis afetados,preco_total,Preço anunciado total,não aplicável,morretes|apartamento|4 quartos,Morretes · apartamento · 4 quartos,Morretes,apartamento,4,3,1000.0,745.0,1250.0,,,evidência insuficiente,3,1,0.3333333333333333,3,1000.0,745.0,1250.0,12.0
median_across_captures,Mediana entre capturas,exclude_affected_listings,Sem os três imóveis afetados,preco_total,Preço anunciado total,não aplicável,sertao do trombudo|casa|4 quartos,Sertao do Trombudo · casa · 4 quartos,Sertao do Trombudo,casa,4,1,1000.0,1000.0,1000.0,,,evidência insuficiente,1,1,1.0,1,1000.0,,,12.0
median_across_captures,Mediana entre capturas,exclude_affected_listings,Sem os três imóveis afetados,preco_total,Preço anunciado total,não aplicável,ilhota|casa|4 quartos,Ilhota · casa · 4 quartos,Ilhota,casa,4,1,975.0,975.0,975.0,,,evidência insuficiente,1,1,1.0,1,975.0,,,14.0
median_across_captures,Mediana entre capturas,exclude_affected_listings,Sem os três imóveis afetados,preco_total,Preço anunciado total,não aplicável,morretes|casa|4 quartos,Morretes · casa · 4 quartos,Morretes,casa,4,2,850.0,775.0,925.0,,,evidência insuficiente,2,1,0.5,2,850.0,700.0,1000.0,15.0
median_across_captures,Mediana entre capturas,exclude_affected_listings,Sem os três imóveis afetados,preco_total,Preço anunciado total,não aplicável,centro|apartamento|5 quartos,Centro · apartamento · 5 quartos,Centro,apartamento,5,1,850.0,850.0,850.0,,,evidência insuficiente,1,1,1.0,1,850.0,,,15.0
median_across_captures,Mediana entre capturas,exclude_affected_listings,Sem os três imóveis afetados,preco_total,Preço anunciado total,não aplicável,meia praia|casa|4 quartos,Meia Praia · casa · 4 quartos,Meia Praia,casa,4,2,800.0,650.0,950.0,,,evidência insuficiente,2,1,0.5,2,800.0,500.0,1100.0,17.0
median_across_captures,Mediana entre capturas,exclude_affected_listings,Sem os três imóveis afetados,preco_total,Preço anunciado total,não aplicável,canto da praia|casa|1 quarto,Canto da Praia · casa · 1 quarto,Canto da Praia,casa,1,1,793.0,793.0,793.0,,,evidência insuficiente,1,1,1.0,1,793.0,,,18.0
median_across_captures,Mediana entre capturas,exclude_affected_listings,Sem os três imóveis afetados,preco_total,Preço anunciado total,não aplicável,centro|apartamento|3 quartos,Centro · apartamento · 3 quartos,Centro,apartamento,3,45,780.0,523.0,900.0,650.0,828.3125,principal,41,4,0.08888888888888889,1,780.0,780.0,780.0,19.0
median_across_captures,Mediana entre capturas,exclude_affected_listings,Sem os três imóveis afetados,preco_total,Preço anunciado total,não aplicável,centro|apartamento|4 quartos,Centro · apartamento · 4 quartos,Centro,apartamento,4,4,745.0,637.5,862.5,,,evidência insuficiente,4,1,0.25,4,745.0,700.0,790.0,20.0
median_across_captures,Mediana entre capturas,exclude_affected_listings,Sem os três imóveis afetados,preco_total,Preço anunciado total,não aplicável,desconhecido|casa|1 quarto,Desconhecido · casa · 1 quarto,Desconhecido,casa,1,3,709.0,649.5,754.5,,,evidência insuficiente,3,1,0.3333333333333333,3,709.0,649.5,754.5,21.0
median_across_captures,Mediana entre capturas,exclude_affected_listings,Sem os três imóveis afetados,preco_total,Preço anunciado total,não aplicável,canto da praia|casa|3 quartos,Canto da Praia · casa · 3 quartos,Canto da Praia,casa,3,2,700.0,650.0,750.0,,,evidência insuficiente,2,1,0.5,2,700.0,600.0,800.0,22.0
median_across_captures,Mediana entre capturas,exclude_affected_listings,Sem os três imóveis afetados,preco_total,Preço anunciado total,não aplicável,varzea|casa|3 quartos,Varzea · casa · 3 quartos,Varzea,casa,3,1,700.0,700.0,700.0,,,evidência insuficiente,1,1,1.0,1,700.0,,,22.0
median_across_captures,Mediana entre capturas,exclude_affected_listings,Sem os três imóveis afetados,preco_total,Preço anunciado total,não aplicável,meia praia|apartamento|3 quartos,Meia Praia · apartamento · 3 quartos,Meia Praia,apartamento,3,327,682.66665,500.0,850.0,647.98333375,700.0,principal,275,12,0.03669724770642202,2,675.0,690.0,690.0,24.0
median_across_captures,Mediana entre capturas,exclude_affected_listings,Sem os três imóveis afetados,preco_total,Preço anunciado total,não aplicável,centro|casa|3 quartos,Centro · casa · 3 quartos,Centro,casa,3,2,675.0,512.5,837.5,,,evidência insuficiente,2,1,0.5,2,675.0,350.0,1000.0,25.0
median_across_captures,Mediana entre capturas,exclude_affected_listings,Sem os três imóveis afetados,preco_total,Preço anunciado total,não aplicável,morretes|apartamento|3 quartos,Morretes · apartamento · 3 quartos,Morretes,apartamento,3,10,650.0,515.0,919.75,495.0,993.0,exploratório,10,1,0.1,10,650.0,650.0,650.0,26.0
median_across_captures,Mediana entre capturas,exclude_affected_listings,Sem os três imóveis afetados,preco_total,Preço anunciado total,não aplicável,tabuleiro dos oliveiras|apartamento|3 quartos,Tabuleiro dos Oliveiras · apartamento · 3 quartos,Tabuleiro dos Oliveiras,apartamento,3,4,640.0,555.0,672.5,,,evidência insuficiente,4,1,0.25,4,640.0,610.0,670.0,27.0
median_across_captures,Mediana entre capturas,exclude_affected_listings,Sem os três imóveis afetados,preco_total,Preço anunciado total,não aplicável,centro|apartamento|2 quartos,Centro · apartamento · 2 quartos,Centro,apartamento,2,65,600.0,370.0,762.91665,384.38437500000003,693.0,principal,41,20,0.3076923076923077,1,480.0,449.0,449.0,28.0
median_across_captures,Mediana entre capturas,exclude_affected_listings,Sem os três imóveis afetados,preco_total,Preço anunciado total,não aplicável,ilhota|casa|3 quartos,Ilhota · casa · 3 quartos,Ilhota,casa,3,2,595.0,542.5,647.5,,,evidência insuficiente,2,1,0.5,2,595.0,490.0,700.0,29.0
median_across_captures,Mediana entre capturas,exclude_affected_listings,Sem os três imóveis afetados,preco_total,Preço anunciado total,não aplicável,ilhota|apartamento|2 quartos,Ilhota · apartamento · 2 quartos,Ilhota,apartamento,2,2,587.5,586.25,588.75,,,evidência insuficiente,2,1,0.5,2,587.5,585.0,590.0,30.0
median_across_captures,Mediana entre capturas,exclude_affected_listings,Sem os três imóveis afetados,preco_total,Preço anunciado total,não aplicável,areal|casa|1 quarto,Areal · casa · 1 quarto,Areal,casa,1,1,556.0,556.0,556.0,,,evidência insuficiente,1,1,1.0,1,556.0,,,31.0
median_across_captures,Mediana entre capturas,exclude_affected_listings,Sem os três imóveis afetados,preco_total,Preço anunciado total,não aplicável,canto da praia|apartamento|2 quartos,Canto da Praia · apartamento · 2 quartos,Canto da Praia,apartamento,2,4,509.0,494.75,563.25,,,evidência insuficiente,4,1,0.25,4,509.0,500.0,518.0,32.0
median_across_captures,Mediana entre capturas,exclude_affected_listings,Sem os três imóveis afetados,preco_total,Preço anunciado total,não aplicável,sertaozinho|casa|2 quartos,Sertaozinho · casa · 2 quartos,Sertaozinho,casa,2,1,500.0,500.0,500.0,,,evidência insuficiente,1,1,1.0,1,500.0,,,33.0
median_across_captures,Mediana entre capturas,exclude_affected_listings,Sem os três imóveis afetados,preco_total,Preço anunciado total,não aplicável,ilhota|apartamento|3 quartos,Ilhota · apartamento · 3 quartos,Ilhota,apartamento,3,1,500.0,500.0,500.0,,,evidência insuficiente,1,1,1.0,1,500.0,,,33.0
median_across_captures,Mediana entre capturas,exclude_affected_listings,Sem os três imóveis afetados,preco_total,Preço anunciado total,não aplicável,sertaozinho|casa|3 quartos,Sertaozinho · casa · 3 quartos,Sertaozinho,casa,3,1,500.0,500.0,500.0,,,evidência insuficiente,1,1,1.0,1,500.0,,,33.0
median_across_captures,Mediana entre capturas,exclude_affected_listings,Sem os três imóveis afetados,preco_total,Preço anunciado total,não aplicável,morretes|casa|3 quartos,Morretes · casa · 3 quartos,Morretes,casa,3,1,500.0,500.0,500.0,,,evidência insuficiente,1,1,1.0,1,500.0,,,33.0
median_across_captures,Mediana entre capturas,exclude_affected_listings,Sem os três imóveis afetados,preco_total,Preço anunciado total,não aplicável,meia praia|apartamento|1 quarto,Meia Praia · apartamento · 1 quarto,Meia Praia,apartamento,1,19,480.0,391.66667,530.5,391.66667,545.0,exploratório,15,3,0.15789473684210525,1,402.0,401.0,401.0,37.0
median_across_captures,Mediana entre capturas,exclude_affected_listings,Sem os três imóveis afetados,preco_total,Preço anunciado total,não aplicável,morretes|apartamento|2 quartos,Morretes · apartamento · 2 quartos,Morretes,apartamento,2,50,467.5,350.0,588.1875,380.0,550.0,principal,40,7,0.14,1,440.125,407.5,407.5,38.0
median_across_captures,Mediana entre capturas,exclude_affected_listings,Sem os três imóveis afetados,preco_total,Preço anunciado total,não aplicável,meia praia|apartamento|2 quartos,Meia Praia · apartamento · 2 quartos,Meia Praia,apartamento,2,186,450.0,371.25,588.6666749999999,426.0,500.0,principal,162,7,0.03763440860215054,1,450.0,450.0,450.0,39.0
median_across_captures,Mediana entre capturas,exclude_affected_listings,Sem os três imóveis afetados,preco_total,Preço anunciado total,não aplicável,tabuleiro dos oliveiras|apartamento|2 quartos,Tabuleiro dos Oliveiras · apartamento · 2 quartos,Tabuleiro dos Oliveiras,apartamento,2,12,450.0,350.0,660.75,350.0,650.0,exploratório,11,2,0.16666666666666666,1,400.0,398.5,398.5,39.0
median_across_captures,Mediana entre capturas,exclude_affected_listings,Sem os três imóveis afetados,preco_total,Preço anunciado total,não aplicável,meia praia|casa|3 quartos,Meia Praia · casa · 3 quartos,Meia Praia,casa,3,5,450.0,400.0,600.0,380.0,650.0,evidência insuficiente,5,1,0.2,5,450.0,425.0,525.0,39.0
median_across_captures,Mediana entre capturas,exclude_affected_listings,Sem os três imóveis afetados,preco_total,Preço anunciado total,não aplicável,centro|apartamento|1 quarto,Centro · apartamento · 1 quarto,Centro,apartamento,1,78,448.0,375.03125,606.25,419.8,500.0,principal,20,54,0.6923076923076923,1,443.0,450.0,450.0,42.0
median_across_captures,Mediana entre capturas,exclude_affected_listings,Sem os três imóveis afetados,preco_total,Preço anunciado total,não aplicável,meia praia|casa|2 quartos,Meia Praia · casa · 2 quartos,Meia Praia,casa,2,3,446.0,372.5,473.0,,,evidência insuficiente,3,1,0.3333333333333333,3,446.0,372.5,473.0,43.0
median_across_captures,Mediana entre capturas,exclude_affected_listings,Sem os três imóveis afetados,preco_total,Preço anunciado total,não aplicável,meia praia|apartamento|0 quartos,Meia Praia · apartamento · 0 quartos,Meia Praia,apartamento,0,8,435.0,325.6,552.5,310.0,560.0,evidência insuficiente,8,1,0.125,8,435.0,380.0,490.0,44.0
median_across_captures,Mediana entre capturas,exclude_affected_listings,Sem os três imóveis afetados,preco_total,Preço anunciado total,não aplicável,morretes|apartamento|1 quarto,Morretes · apartamento · 1 quarto,Morretes,apartamento,1,4,415.0,306.25,491.25,,,evidência insuficiente,4,1,0.25,4,415.0,350.0,480.0,45.0
median_across_captures,Mediana entre capturas,exclude_affected_listings,Sem os três imóveis afetados,preco_total,Preço anunciado total,não aplicável,casa branca|apartamento|3 quartos,Casa Branca · apartamento · 3 quartos,Casa Branca,apartamento,3,2,403.0,354.5,451.5,,,evidência insuficiente,2,1,0.5,2,403.0,306.0,500.0,46.0
median_across_captures,Mediana entre capturas,exclude_affected_listings,Sem os três imóveis afetados,preco_total,Preço anunciado total,não aplicável,alto sao bento|casa|1 quarto,Alto Sao Bento · casa · 1 quarto,Alto Sao Bento,casa,1,1,400.0,400.0,400.0,,,evidência insuficiente,1,1,1.0,1,400.0,,,47.0
median_across_captures,Mediana entre capturas,exclude_affected_listings,Sem os três imóveis afetados,preco_total,Preço anunciado total,não aplicável,sertao do trombudo|casa|1 quarto,Sertao do Trombudo · casa · 1 quarto,Sertao do Trombudo,casa,1,2,380.0,375.0,385.0,,,evidência insuficiente,1,2,1.0,1,380.0,,,48.0
median_across_captures,Mediana entre capturas,exclude_affected_listings,Sem os três imóveis afetados,preco_total,Preço anunciado total,não aplicável,morretes|casa|2 quartos,Morretes · casa · 2 quartos,Morretes,casa,2,9,361.0,320.1875,406.0,310.09375,800.0,evidência insuficiente,8,2,0.2222222222222222,1,376.5,399.0,399.0,49.0
median_across_captures,Mediana entre capturas,exclude_affected_listings,Sem os três imóveis afetados,preco_total,Preço anunciado total,não aplicável,casa branca|apartamento|2 quartos,Casa Branca · apartamento · 2 quartos,Casa Branca,apartamento,2,11,350.0,297.5,385.0,280.0,400.0,exploratório,10,2,0.18181818181818182,1,350.0,350.0,350.0,50.0
median_across_captures,Mediana entre capturas,exclude_affected_listings,Sem os três imóveis afetados,preco_total,Preço anunciado total,não aplicável,ilhota|apartamento|1 quarto,Ilhota · apartamento · 1 quarto,Ilhota,apartamento,1,2,345.5,343.25,347.75,,,evidência insuficiente,1,2,1.0,1,345.5,,,51.0
median_across_captures,Mediana entre capturas,exclude_affected_listings,Sem os três imóveis afetados,preco_total,Preço anunciado total,não aplicável,centro|casa|2 quartos,Centro · casa · 2 quartos,Centro,casa,2,2,302.0,276.0,328.0,,,evidência insuficiente,2,1,0.5,2,302.0,250.0,354.0,52.0
median_across_captures,Mediana entre capturas,exclude_affected_listings,Sem os três imóveis afetados,preco_total,Preço anunciado total,não aplicável,canto da praia|apartamento|3 quartos,Canto da Praia · apartamento · 3 quartos,Canto da Praia,apartamento,3,1,300.0,300.0,300.0,,,evidência insuficiente,1,1,1.0,1,300.0,,,53.0
median_across_captures,Mediana entre capturas,exclude_affected_listings,Sem os três imóveis afetados,preco_total,Preço anunciado total,não aplicável,centro|casa|1 quarto,Centro · casa · 1 quarto,Centro,casa,1,1,283.0,283.0,283.0,,,evidência insuficiente,1,1,1.0,1,283.0,,,54.0
median_across_captures,Mediana entre capturas,exclude_affected_listings,Sem os três imóveis afetados,preco_total,Preço anunciado total,não aplicável,morretes|casa|1 quarto,Morretes · casa · 1 quarto,Morretes,casa,1,2,282.0,237.5,326.5,,,evidência insuficiente,2,1,0.5,2,282.0,193.0,371.0,55.0
median_across_captures,Mediana entre capturas,exclude_affected_listings,Sem os três imóveis afetados,preco_total,Preço anunciado total,não aplicável,ilhota|casa|2 quartos,Ilhota · casa · 2 quartos,Ilhota,casa,2,2,280.0,245.0,315.0,,,evidência insuficiente,2,1,0.5,2,280.0,210.0,350.0,56.0
median_across_captures,Mediana entre capturas,exclude_affected_listings,Sem os três imóveis afetados,preco_total,Preço anunciado total,não aplicável,sertaozinho|casa|1 quarto,Sertaozinho · casa · 1 quarto,Sertaozinho,casa,1,2,274.5,227.25,321.75,,,evidência insuficiente,2,1,0.5,2,274.5,180.0,369.0,57.0
median_across_captures,Mediana entre capturas,exclude_affected_listings,Sem os três imóveis afetados,preco_total,Preço anunciado total,não aplicável,casa branca|casa|1 quarto,Casa Branca · casa · 1 quarto,Casa Branca,casa,1,2,274.5,261.75,287.25,,,evidência insuficiente,2,1,0.5,2,274.5,249.0,300.0,57.0
median_across_captures,Mediana entre capturas,exclude_affected_listings,Sem os três imóveis afetados,preco_total,Preço anunciado total,não aplicável,alto sao bento|apartamento|1 quarto,Alto Sao Bento · apartamento · 1 quarto,Alto Sao Bento,apartamento,1,2,230.0,205.0,255.0,,,evidência insuficiente,2,1,0.5,2,230.0,180.0,280.0,59.0
median_across_captures,Mediana entre capturas,exclude_affected_listings,Sem os três imóveis afetados,preco_total,Preço anunciado total,não aplicável,leopoldo zarling|casa|1 quarto,Leopoldo Zarling · casa · 1 quarto,Leopoldo Zarling,casa,1,1,200.0,200.0,200.0,,,evidência insuficiente,1,1,1.0,1,200.0,,,60.0
median_across_captures,Mediana entre capturas,exclude_affected_listings,Sem os três imóveis afetados,preco_total,Preço anunciado total,não aplicável,jardim praiamar|casa|1 quarto,Jardim Praiamar · casa · 1 quarto,Jardim Praiamar,casa,1,1,200.0,200.0,200.0,,,evidência insuficiente,1,1,1.0,1,200.0,,,60.0
median_across_captures,Mediana entre capturas,exclude_affected_listings,Sem os três imóveis afetados,preco_total,Preço anunciado total,não aplicável,alto sao bento|apartamento|2 quartos,Alto Sao Bento · apartamento · 2 quartos,Alto Sao Bento,apartamento,2,1,199.0,199.0,199.0,,,evidência insuficiente,1,1,1.0,1,199.0,,,62.0
median_across_captures,Mediana entre capturas,exclude_affected_listings,Sem os três imóveis afetados,preco_total,Preço anunciado total,não aplicável,meia praia|casa|1 quarto,Meia Praia · casa · 1 quarto,Meia Praia,casa,1,1,195.0,195.0,195.0,,,evidência insuficiente,1,1,1.0,1,195.0,,,63.0
median_across_captures,Mediana entre capturas,exclude_affected_listings,Sem os três imóveis afetados,preco_total,Preço anunciado total,não aplicável,varzea|casa|1 quarto,Varzea · casa · 1 quarto,Varzea,casa,1,3,185.0,167.0,317.5,,,evidência insuficiente,3,1,0.3333333333333333,3,185.0,167.0,317.5,64.0
median_across_captures,Mediana entre capturas,exclude_suspicious_prices,Sem preços ≥ 10 mil,preco_por_hospede,Preço anunciado por hóspede comportado,todas as capacidades positivas,canto da praia|casa|4 quartos,Canto da Praia · casa · 4 quartos,Canto da Praia,casa,4,1,487.5,487.5,487.5,,,evidência insuficiente,1,1,1.0,1,487.5,,,1.0
median_across_captures,Mediana entre capturas,exclude_suspicious_prices,Sem preços ≥ 10 mil,preco_por_hospede,Preço anunciado por hóspede comportado,sem capacidades positivas suspeitas,canto da praia|casa|4 quartos,Canto da Praia · casa · 4 quartos,Canto da Praia,casa,4,1,487.5,487.5,487.5,,,evidência insuficiente,1,1,1.0,1,487.5,,,1.0
median_across_captures,Mediana entre capturas,exclude_suspicious_prices,Sem preços ≥ 10 mil,preco_por_hospede,Preço anunciado por hóspede comportado,todas as capacidades positivas,desconhecido|casa|1 quarto,Desconhecido · casa · 1 quarto,Desconhecido,casa,1,3,295.0,247.5,324.75,,,evidência insuficiente,3,1,0.3333333333333333,3,295.0,247.5,324.75,2.0
median_across_captures,Mediana entre capturas,exclude_suspicious_prices,Sem preços ≥ 10 mil,preco_por_hospede,Preço anunciado por hóspede comportado,sem capacidades positivas suspeitas,desconhecido|casa|1 quarto,Desconhecido · casa · 1 quarto,Desconhecido,casa,1,3,295.0,247.5,324.75,,,evidência insuficiente,3,1,0.3333333333333333,3,295.0,247.5,324.75,2.0
median_across_captures,Mediana entre capturas,exclude_suspicious_prices,Sem preços ≥ 10 mil,preco_por_hospede,Preço anunciado por hóspede comportado,todas as capacidades positivas,areal|casa|1 quarto,Areal · casa · 1 quarto,Areal,casa,1,1,278.0,278.0,278.0,,,evidência insuficiente,1,1,1.0,1,278.0,,,3.0
median_across_captures,Mediana entre capturas,exclude_suspicious_prices,Sem preços ≥ 10 mil,preco_por_hospede,Preço anunciado por hóspede comportado,sem capacidades positivas suspeitas,areal|casa|1 quarto,Areal · casa · 1 quarto,Areal,casa,1,1,278.0,278.0,278.0,,,evidência insuficiente,1,1,1.0,1,278.0,,,3.0
median_across_captures,Mediana entre capturas,exclude_suspicious_prices,Sem preços ≥ 10 mil,preco_por_hospede,Preço anunciado por hóspede comportado,todas as capacidades positivas,alto sao bento|casa|1 quarto,Alto Sao Bento · casa · 1 quarto,Alto Sao Bento,casa,1,1,200.0,200.0,200.0,,,evidência insuficiente,1,1,1.0,1,200.0,,,4.0
median_across_captures,Mediana entre capturas,exclude_suspicious_prices,Sem preços ≥ 10 mil,preco_por_hospede,Preço anunciado por hóspede comportado,sem capacidades positivas suspeitas,alto sao bento|casa|1 quarto,Alto Sao Bento · casa · 1 quarto,Alto Sao Bento,casa,1,1,200.0,200.0,200.0,,,evidência insuficiente,1,1,1.0,1,200.0,,,4.0
median_across_captures,Mediana entre capturas,exclude_suspicious_prices,Sem preços ≥ 10 mil,preco_por_hospede,Preço anunciado por hóspede comportado,todas as capacidades positivas,sertao do trombudo|casa|1 quarto,Sertao do Trombudo · casa · 1 quarto,Sertao do Trombudo,casa,1,2,190.0,187.5,192.5,,,evidência insuficiente,1,2,1.0,1,190.0,,,5.0
median_across_captures,Mediana entre capturas,exclude_suspicious_prices,Sem preços ≥ 10 mil,preco_por_hospede,Preço anunciado por hóspede comportado,sem capacidades positivas suspeitas,sertao do trombudo|casa|1 quarto,Sertao do Trombudo · casa · 1 quarto,Sertao do Trombudo,casa,1,2,190.0,187.5,192.5,,,evidência insuficiente,1,2,1.0,1,190.0,,,5.0
median_across_captures,Mediana entre capturas,exclude_suspicious_prices,Sem preços ≥ 10 mil,preco_por_hospede,Preço anunciado por hóspede comportado,todas as capacidades positivas,sertaozinho|casa|6 quartos,Sertaozinho · casa · 6 quartos,Sertaozinho,casa,6,2,161.328125,132.6171875,190.0390625,,,evidência insuficiente,2,1,0.5,2,161.328125,103.90625,218.75,6.0
median_across_captures,Mediana entre capturas,exclude_suspicious_prices,Sem preços ≥ 10 mil,preco_por_hospede,Preço anunciado por hóspede comportado,sem capacidades positivas suspeitas,sertaozinho|casa|6 quartos,Sertaozinho · casa · 6 quartos,Sertaozinho,casa,6,2,161.328125,132.6171875,190.0390625,,,evidência insuficiente,2,1,0.5,2,161.328125,103.90625,218.75,6.0
median_across_captures,Mediana entre capturas,exclude_suspicious_prices,Sem preços ≥ 10 mil,preco_por_hospede,Preço anunciado por hóspede comportado,todas as capacidades positivas,canto da praia|casa|1 quarto,Canto da Praia · casa · 1 quarto,Canto da Praia,casa,1,1,158.6,158.6,158.6,,,evidência insuficiente,1,1,1.0,1,158.6,,,7.0
median_across_captures,Mediana entre capturas,exclude_suspicious_prices,Sem preços ≥ 10 mil,preco_por_hospede,Preço anunciado por hóspede comportado,sem capacidades positivas suspeitas,canto da praia|casa|1 quarto,Canto da Praia · casa · 1 quarto,Canto da Praia,casa,1,1,158.6,158.6,158.6,,,evidência insuficiente,1,1,1.0,1,158.6,,,7.0
median_across_captures,Mediana entre capturas,exclude_suspicious_prices,Sem preços ≥ 10 mil,preco_por_hospede,Preço anunciado por hóspede comportado,todas as capacidades positivas,alto sao bento|casa|12 quartos,Alto Sao Bento · casa · 12 quartos,Alto Sao Bento,casa,12,1,156.25,156.25,156.25,,,evidência insuficiente,1,1,1.0,1,156.25,,,8.0
median_across_captures,Mediana entre capturas,exclude_suspicious_prices,Sem preços ≥ 10 mil,preco_por_hospede,Preço anunciado por hóspede comportado,sem capacidades positivas suspeitas,alto sao bento|casa|12 quartos,Alto Sao Bento · casa · 12 quartos,Alto Sao Bento,casa,12,1,156.25,156.25,156.25,,,evidência insuficiente,1,1,1.0,1,156.25,,,8.0
median_across_captures,Mediana entre capturas,exclude_suspicious_prices,Sem preços ≥ 10 mil,preco_por_hospede,Preço anunciado por hóspede comportado,todas as capacidades positivas,centro|apartamento|1 quarto,Centro · apartamento · 1 quarto,Centro,apartamento,1,78,151.75,129.02083125000001,187.25,108.16666666666666,156.0,principal,20,54,0.6923076923076923,1,130.6875,117.75,117.75,9.0
median_across_captures,Mediana entre capturas,exclude_suspicious_prices,Sem preços ≥ 10 mil,preco_por_hospede,Preço anunciado por hóspede comportado,sem capacidades positivas suspeitas,centro|apartamento|1 quarto,Centro · apartamento · 1 quarto,Centro,apartamento,1,78,151.75,129.02083125000001,187.25,110.0,156.0,principal,20,54,0.6923076923076923,1,130.6875,117.75,117.75,9.0
median_across_captures,Mediana entre capturas,exclude_suspicious_prices,Sem preços ≥ 10 mil,preco_por_hospede,Preço anunciado por hóspede comportado,todas as capacidades positivas,tabuleiro dos oliveiras|casa|4 quartos,Tabuleiro dos Oliveiras · casa · 4 quartos,Tabuleiro dos Oliveiras,casa,4,1,141.66666666666666,141.66666666666666,141.66666666666666,,,evidência insuficiente,1,1,1.0,1,141.66666666666666,,,10.0
median_across_captures,Mediana entre capturas,exclude_suspicious_prices,Sem preços ≥ 10 mil,preco_por_hospede,Preço anunciado por hóspede comportado,sem capacidades positivas suspeitas,tabuleiro dos oliveiras|casa|4 quartos,Tabuleiro dos Oliveiras · casa · 4 quartos,Tabuleiro dos Oliveiras,casa,4,1,141.66666666666666,141.66666666666666,141.66666666666666,,,evidência insuficiente,1,1,1.0,1,141.66666666666666,,,10.0
median_across_captures,Mediana entre capturas,exclude_suspicious_prices,Sem preços ≥ 10 mil,preco_por_hospede,Preço anunciado por hóspede comportado,todas as capacidades positivas,morretes|casa|1 quarto,Morretes · casa · 1 quarto,Morretes,casa,1,2,141.0,118.75,163.25,,,evidência insuficiente,2,1,0.5,2,141.0,96.5,185.5,11.0
median_across_captures,Mediana entre capturas,exclude_suspicious_prices,Sem preços ≥ 10 mil,preco_por_hospede,Preço anunciado por hóspede comportado,sem capacidades positivas suspeitas,morretes|casa|1 quarto,Morretes · casa · 1 quarto,Morretes,casa,1,2,141.0,118.75,163.25,,,evidência insuficiente,2,1,0.5,2,141.0,96.5,185.5,11.0
median_across_captures,Mediana entre capturas,exclude_suspicious_prices,Sem preços ≥ 10 mil,preco_por_hospede,Preço anunciado por hóspede comportado,todas as capacidades positivas,sertaozinho|casa|1 quarto,Sertaozinho · casa · 1 quarto,Sertaozinho,casa,1,2,137.25,113.625,160.875,,,evidência insuficiente,2,1,0.5,2,137.25,90.0,184.5,12.0
median_across_captures,Mediana entre capturas,exclude_suspicious_prices,Sem preços ≥ 10 mil,preco_por_hospede,Preço anunciado por hóspede comportado,todas as capacidades positivas,casa branca|casa|1 quarto,Casa Branca · casa · 1 quarto,Casa Branca,casa,1,2,137.25,130.875,143.625,,,evidência insuficiente,2,1,0.5,2,137.25,124.5,150.0,12.0
median_across_captures,Mediana entre capturas,exclude_suspicious_prices,Sem preços ≥ 10 mil,preco_por_hospede,Preço anunciado por hóspede comportado,sem capacidades positivas suspeitas,sertaozinho|casa|1 quarto,Sertaozinho · casa · 1 quarto,Sertaozinho,casa,1,2,137.25,113.625,160.875,,,evidência insuficiente,2,1,0.5,2,137.25,90.0,184.5,12.0
median_across_captures,Mediana entre capturas,exclude_suspicious_prices,Sem preços ≥ 10 mil,preco_por_hospede,Preço anunciado por hóspede comportado,sem capacidades positivas suspeitas,casa branca|casa|1 quarto,Casa Branca · casa · 1 quarto,Casa Branca,casa,1,2,137.25,130.875,143.625,,,evidência insuficiente,2,1,0.5,2,137.25,124.5,150.0,12.0
median_across_captures,Mediana entre capturas,exclude_suspicious_prices,Sem preços ≥ 10 mil,preco_por_hospede,Preço anunciado por hóspede comportado,todas as capacidades positivas,ilhota|apartamento|2 quartos,Ilhota · apartamento · 2 quartos,Ilhota,apartamento,2,2,132.25,124.625,139.875,,,evidência insuficiente,2,1,0.5,2,132.25,117.0,147.5,14.0
median_across_captures,Mediana entre capturas,exclude_suspicious_prices,Sem preços ≥ 10 mil,preco_por_hospede,Preço anunciado por hóspede comportado,sem capacidades positivas suspeitas,ilhota|apartamento|2 quartos,Ilhota · apartamento · 2 quartos,Ilhota,apartamento,2,2,132.25,124.625,139.875,,,evidência insuficiente,2,1,0.5,2,132.25,117.0,147.5,14.0
median_across_captures,Mediana entre capturas,exclude_suspicious_prices,Sem preços ≥ 10 mil,preco_por_hospede,Preço anunciado por hóspede comportado,todas as capacidades positivas,meia praia|apartamento|5 quartos,Meia Praia · apartamento · 5 quartos,Meia Praia,apartamento,5,5,131.25,118.5625,145.0,64.28571428571429,153.33333333333334,evidência insuficiente,5,1,0.2,5,131.25,124.90625,138.125,15.0
median_across_captures,Mediana entre capturas,exclude_suspicious_prices,Sem preços ≥ 10 mil,preco_por_hospede,Preço anunciado por hóspede comportado,sem capacidades positivas suspeitas,meia praia|apartamento|5 quartos,Meia Praia · apartamento · 5 quartos,Meia Praia,apartamento,5,5,131.25,118.5625,145.0,64.28571428571429,153.33333333333334,evidência insuficiente,5,1,0.2,5,131.25,124.90625,138.125,15.0
median_across_captures,Mediana entre capturas,exclude_suspicious_prices,Sem preços ≥ 10 mil,preco_por_hospede,Preço anunciado por hóspede comportado,todas as capacidades positivas,morretes|apartamento|1 quarto,Morretes · apartamento · 1 quarto,Morretes,apartamento,1,4,118.33333333333334,96.25,122.8125,,,evidência insuficiente,4,1,0.25,4,118.33333333333334,116.66666666666667,120.0,16.0
median_across_captures,Mediana entre capturas,exclude_suspicious_prices,Sem preços ≥ 10 mil,preco_por_hospede,Preço anunciado por hóspede comportado,sem capacidades positivas suspeitas,morretes|apartamento|1 quarto,Morretes · apartamento · 1 quarto,Morretes,apartamento,1,4,118.33333333333334,96.25,122.8125,,,evidência insuficiente,4,1,0.25,4,118.33333333333334,116.66666666666667,120.0,16.0
median_across_captures,Mediana entre capturas,exclude_suspicious_prices,Sem preços ≥ 10 mil,preco_por_hospede,Preço anunciado por hóspede comportado,todas as capacidades positivas,canto da praia|apartamento|2 quartos,Canto da Praia · apartamento · 2 quartos,Canto da Praia,apartamento,2,4,118.125,113.275,121.0625,,,evidência insuficiente,4,1,0.25,4,118.125,116.5,119.75,17.0
median_across_captures,Mediana entre capturas,exclude_suspicious_prices,Sem preços ≥ 10 mil,preco_por_hospede,Preço anunciado por hóspede comportado,sem capacidades positivas suspeitas,canto da praia|apartamento|2 quartos,Canto da Praia · apartamento · 2 quartos,Canto da Praia,apartamento,2,4,118.125,113.275,121.0625,,,evidência insuficiente,4,1,0.25,4,118.125,116.5,119.75,17.0
median_across_captures,Mediana entre capturas,exclude_suspicious_prices,Sem preços ≥ 10 mil,preco_por_hospede,Preço anunciado por hóspede comportado,todas as capacidades positivas,varzea|casa|5 quartos,Varzea · casa · 5 quartos,Varzea,casa,5,1,116.66666666666667,116.66666666666667,116.66666666666667,,,evidência insuficiente,1,1,1.0,1,116.66666666666667,,,18.0
median_across_captures,Mediana entre capturas,exclude_suspicious_prices,Sem preços ≥ 10 mil,preco_por_hospede,Preço anunciado por hóspede comportado,sem capacidades positivas suspeitas,varzea|casa|5 quartos,Varzea · casa · 5 quartos,Varzea,casa,5,1,116.66666666666667,116.66666666666667,116.66666666666667,,,evidência insuficiente,1,1,1.0,1,116.66666666666667,,,18.0
median_across_captures,Mediana entre capturas,exclude_suspicious_prices,Sem preços ≥ 10 mil,preco_por_hospede,Preço anunciado por hóspede comportado,todas as capacidades positivas,centro|casa|4 quartos,Centro · casa · 4 quartos,Centro,casa,4,4,116.28787878787878,88.63636363636363,150.0,,,evidência insuficiente,4,1,0.25,4,116.28787878787878,90.9090909090909,141.66666666666666,19.0
median_across_captures,Mediana entre capturas,exclude_suspicious_prices,Sem preços ≥ 10 mil,preco_por_hospede,Preço anunciado por hóspede comportado,sem capacidades positivas suspeitas,centro|casa|4 quartos,Centro · casa · 4 quartos,Centro,casa,4,4,116.28787878787878,88.63636363636363,150.0,,,evidência insuficiente,4,1,0.25,4,116.28787878787878,90.9090909090909,141.66666666666666,19.0
median_across_captures,Mediana entre capturas,exclude_suspicious_prices,Sem preços ≥ 10 mil,preco_por_hospede,Preço anunciado por hóspede comportado,todas as capacidades positivas,meia praia|apartamento|1 quarto,Meia Praia · apartamento · 1 quarto,Meia Praia,apartamento,1,20,116.25,97.5,154.79166750000002,94.91666666666667,167.083335,exploratório,16,3,0.15,1,109.16666666666666,108.33333333333333,108.33333333333333,20.0
median_across_captures,Mediana entre capturas,exclude_suspicious_prices,Sem preços ≥ 10 mil,preco_por_hospede,Preço anunciado por hóspede comportado,sem capacidades positivas suspeitas,meia praia|apartamento|1 quarto,Meia Praia · apartamento · 1 quarto,Meia Praia,apartamento,1,20,116.25,97.5,154.79166750000002,95.0,191.66667,exploratório,16,3,0.15,1,109.16666666666666,108.33333333333333,108.33333333333333,20.0
median_across_captures,Mediana entre capturas,exclude_suspicious_prices,Sem preços ≥ 10 mil,preco_por_hospede,Preço anunciado por hóspede comportado,todas as capacidades positivas,tabuleiro dos oliveiras|apartamento|4 quartos,Tabuleiro dos Oliveiras · apartamento · 4 quartos,Tabuleiro dos Oliveiras,apartamento,4,1,110.0,110.0,110.0,,,evidência insuficiente,1,1,1.0,1,110.0,,,21.0
median_across_captures,Mediana entre capturas,exclude_suspicious_prices,Sem preços ≥ 10 mil,preco_por_hospede,Preço anunciado por hóspede comportado,sem capacidades positivas suspeitas,tabuleiro dos oliveiras|apartamento|4 quartos,Tabuleiro dos Oliveiras · apartamento · 4 quartos,Tabuleiro dos Oliveiras,apartamento,4,1,110.0,110.0,110.0,,,evidência insuficiente,1,1,1.0,1,110.0,,,21.0
median_across_captures,Mediana entre capturas,exclude_suspicious_prices,Sem preços ≥ 10 mil,preco_por_hospede,Preço anunciado por hóspede comportado,todas as capacidades positivas,meia praia|apartamento|4 quartos,Meia Praia · apartamento · 4 quartos,Meia Praia,apartamento,4,60,109.3125,78.22569444444444,150.1590909090909,94.44444444444444,136.3778409090909,principal,55,2,0.03333333333333333,5,106.25,106.25,114.52083333333334,22.0
median_across_captures,Mediana entre capturas,exclude_suspicious_prices,Sem preços ≥ 10 mil,preco_por_hospede,Preço anunciado por hóspede comportado,sem capacidades positivas suspeitas,meia praia|apartamento|4 quartos,Meia Praia · apartamento · 4 quartos,Meia Praia,apartamento,4,60,109.3125,78.22569444444444,150.1590909090909,92.3076923076923,136.36363636363637,principal,55,2,0.03333333333333333,5,106.25,106.25,114.52083333333334,22.0
median_across_captures,Mediana entre capturas,exclude_suspicious_prices,Sem preços ≥ 10 mil,preco_por_hospede,Preço anunciado por hóspede comportado,todas as capacidades positivas,tabuleiro dos oliveiras|apartamento|3 quartos,Tabuleiro dos Oliveiras · apartamento · 3 quartos,Tabuleiro dos Oliveiras,apartamento,3,4,107.5,92.5,118.5,,,evidência insuficiente,4,1,0.25,4,107.5,101.66666666666667,113.33333333333333,23.0
median_across_captures,Mediana entre capturas,exclude_suspicious_prices,Sem preços ≥ 10 mil,preco_por_hospede,Preço anunciado por hóspede comportado,sem capacidades positivas suspeitas,tabuleiro dos oliveiras|apartamento|3 quartos,Tabuleiro dos Oliveiras · apartamento · 3 quartos,Tabuleiro dos Oliveiras,apartamento,3,4,107.5,92.5,118.5,,,evidência insuficiente,4,1,0.25,4,107.5,101.66666666666667,113.33333333333333,23.0
median_across_captures,Mediana entre capturas,exclude_suspicious_prices,Sem preços ≥ 10 mil,preco_por_hospede,Preço anunciado por hóspede comportado,todas as capacidades positivas,tabuleiro dos oliveiras|casa|7 quartos,Tabuleiro dos Oliveiras · casa · 7 quartos,Tabuleiro dos Oliveiras,casa,7,1,103.84615384615384,103.84615384615384,103.84615384615384,,,evidência insuficiente,1,1,1.0,1,103.84615384615384,,,24.0
median_across_captures,Mediana entre capturas,exclude_suspicious_prices,Sem preços ≥ 10 mil,preco_por_hospede,Preço anunciado por hóspede comportado,sem capacidades positivas suspeitas,tabuleiro dos oliveiras|casa|7 quartos,Tabuleiro dos Oliveiras · casa · 7 quartos,Tabuleiro dos Oliveiras,casa,7,1,103.84615384615384,103.84615384615384,103.84615384615384,,,evidência insuficiente,1,1,1.0,1,103.84615384615384,,,24.0
median_across_captures,Mediana entre capturas,exclude_suspicious_prices,Sem preços ≥ 10 mil,preco_por_hospede,Preço anunciado por hóspede comportado,todas as capacidades positivas,centro|apartamento|3 quartos,Centro · apartamento · 3 quartos,Centro,apartamento,3,45,101.4375,83.0,125.0,92.83333333333333,112.5,principal,41,4,0.08888888888888889,1,101.4375,101.4375,101.4375,25.0
median_across_captures,Mediana entre capturas,exclude_suspicious_prices,Sem preços ≥ 10 mil,preco_por_hospede,Preço anunciado por hóspede comportado,sem capacidades positivas suspeitas,centro|apartamento|3 quartos,Centro · apartamento · 3 quartos,Centro,apartamento,3,45,101.4375,83.0,125.0,95.83333333333333,112.4375,principal,41,4,0.08888888888888889,1,101.4375,101.4375,101.4375,25.0
median_across_captures,Mediana entre capturas,exclude_suspicious_prices,Sem preços ≥ 10 mil,preco_por_hospede,Preço anunciado por hóspede comportado,todas as capacidades positivas,leopoldo zarling|casa|1 quarto,Leopoldo Zarling · casa · 1 quarto,Leopoldo Zarling,casa,1,1,100.0,100.0,100.0,,,evidência insuficiente,1,1,1.0,1,100.0,,,26.0
median_across_captures,Mediana entre capturas,exclude_suspicious_prices,Sem preços ≥ 10 mil,preco_por_hospede,Preço anunciado por hóspede comportado,todas as capacidades positivas,centro|apartamento|2 quartos,Centro · apartamento · 2 quartos,Centro,apartamento,2,65,100.0,70.0,141.42857142857142,70.0,121.16666666666667,principal,41,20,0.3076923076923077,1,80.83333333333333,80.0,80.0,26.0
median_across_captures,Mediana entre capturas,exclude_suspicious_prices,Sem preços ≥ 10 mil,preco_por_hospede,Preço anunciado por hóspede comportado,todas as capacidades positivas,canto da praia|casa|3 quartos,Canto da Praia · casa · 3 quartos,Canto da Praia,casa,3,2,100.0,100.0,100.0,,,evidência insuficiente,2,1,0.5,2,100.0,100.0,100.0,26.0
median_across_captures,Mediana entre capturas,exclude_suspicious_prices,Sem preços ≥ 10 mil,preco_por_hospede,Preço anunciado por hóspede comportado,todas as capacidades positivas,sertaozinho|casa|2 quartos,Sertaozinho · casa · 2 quartos,Sertaozinho,casa,2,1,100.0,100.0,100.0,,,evidência insuficiente,1,1,1.0,1,100.0,,,26.0
median_across_captures,Mediana entre capturas,exclude_suspicious_prices,Sem preços ≥ 10 mil,preco_por_hospede,Preço anunciado por hóspede comportado,todas as capacidades positivas,varzea|casa|3 quartos,Varzea · casa · 3 quartos,Varzea,casa,3,1,100.0,100.0,100.0,,,evidência insuficiente,1,1,1.0,1,100.0,,,26.0
median_across_captures,Mediana entre capturas,exclude_suspicious_prices,Sem preços ≥ 10 mil,preco_por_hospede,Preço anunciado por hóspede comportado,sem capacidades positivas suspeitas,leopoldo zarling|casa|1 quarto,Leopoldo Zarling · casa · 1 quarto,Leopoldo Zarling,casa,1,1,100.0,100.0,100.0,,,evidência insuficiente,1,1,1.0,1,100.0,,,26.0
median_across_captures,Mediana entre capturas,exclude_suspicious_prices,Sem preços ≥ 10 mil,preco_por_hospede,Preço anunciado por hóspede comportado,sem capacidades positivas suspeitas,centro|apartamento|2 quartos,Centro · apartamento · 2 quartos,Centro,apartamento,2,65,100.0,70.0,141.42857142857142,71.975,121.16666666666667,principal,41,20,0.3076923076923077,1,80.83333333333333,80.0,80.0,26.0
median_across_captures,Mediana entre capturas,exclude_suspicious_prices,Sem preços ≥ 10 mil,preco_por_hospede,Preço anunciado por hóspede comportado,sem capacidades positivas suspeitas,canto da praia|casa|3 quartos,Canto da Praia · casa · 3 quartos,Canto da Praia,casa,3,2,100.0,100.0,100.0,,,evidência insuficiente,2,1,0.5,2,100.0,100.0,100.0,26.0
median_across_captures,Mediana entre capturas,exclude_suspicious_prices,Sem preços ≥ 10 mil,preco_por_hospede,Preço anunciado por hóspede comportado,sem capacidades positivas suspeitas,sertaozinho|casa|2 quartos,Sertaozinho · casa · 2 quartos,Sertaozinho,casa,2,1,100.0,100.0,100.0,,,evidência insuficiente,1,1,1.0,1,100.0,,,26.0
median_across_captures,Mediana entre capturas,exclude_suspicious_prices,Sem preços ≥ 10 mil,preco_por_hospede,Preço anunciado por hóspede comportado,sem capacidades positivas suspeitas,varzea|casa|3 quartos,Varzea · casa · 3 quartos,Varzea,casa,3,1,100.0,100.0,100.0,,,evidência insuficiente,1,1,1.0,1,100.0,,,26.0
median_across_captures,Mediana entre capturas,exclude_suspicious_prices,Sem preços ≥ 10 mil,preco_por_hospede,Preço anunciado por hóspede comportado,todas as capacidades positivas,centro|apartamento|4 quartos,Centro · apartamento · 4 quartos,Centro,apartamento,4,4,99.375,83.4375,113.57142857142857,,,evidência insuficiente,4,1,0.25,4,99.375,98.75,100.0,31.0
median_across_captures,Mediana entre capturas,exclude_suspicious_prices,Sem preços ≥ 10 mil,preco_por_hospede,Preço anunciado por hóspede comportado,sem capacidades positivas suspeitas,centro|apartamento|4 quartos,Centro · apartamento · 4 quartos,Centro,apartamento,4,4,99.375,83.4375,113.57142857142857,,,evidência insuficiente,4,1,0.25,4,99.375,98.75,100.0,31.0
median_across_captures,Mediana entre capturas,exclude_suspicious_prices,Sem preços ≥ 10 mil,preco_por_hospede,Preço anunciado por hóspede comportado,todas as capacidades positivas,ilhota|casa|4 quartos,Ilhota · casa · 4 quartos,Ilhota,casa,4,1,97.5,97.5,97.5,,,evidência insuficiente,1,1,1.0,1,97.5,,,32.0
median_across_captures,Mediana entre capturas,exclude_suspicious_prices,Sem preços ≥ 10 mil,preco_por_hospede,Preço anunciado por hóspede comportado,sem capacidades positivas suspeitas,ilhota|casa|4 quartos,Ilhota · casa · 4 quartos,Ilhota,casa,4,1,97.5,97.5,97.5,,,evidência insuficiente,1,1,1.0,1,97.5,,,32.0
median_across_captures,Mediana entre capturas,exclude_suspicious_prices,Sem preços ≥ 10 mil,preco_por_hospede,Preço anunciado por hóspede comportado,todas as capacidades positivas,meia praia|apartamento|3 quartos,Meia Praia · apartamento · 3 quartos,Meia Praia,apartamento,3,327,90.0,66.66666666666667,115.0,87.125,96.0,principal,275,12,0.03669724770642202,2,89.0909090909091,89.0909090909091,90.42857142857143,33.0
median_across_captures,Mediana entre capturas,exclude_suspicious_prices,Sem preços ≥ 10 mil,preco_por_hospede,Preço anunciado por hóspede comportado,sem capacidades positivas suspeitas,meia praia|apartamento|3 quartos,Meia Praia · apartamento · 3 quartos,Meia Praia,apartamento,3,326,89.9375,66.66666666666667,115.0,86.41964285714286,96.125,principal,274,12,0.03680981595092025,2,89.07670454545455,89.07670454545455,90.35491071428572,33.0
median_across_captures,Mediana entre capturas,exclude_suspicious_prices,Sem preços ≥ 10 mil,preco_por_hospede,Preço anunciado por hóspede comportado,todas as capacidades positivas,morretes|apartamento|2 quartos,Morretes · apartamento · 2 quartos,Morretes,apartamento,2,50,88.35,60.833333333333336,123.75,70.0,101.23515624999999,principal,40,7,0.14,1,83.66666666666666,83.33333333333333,83.33333333333333,34.0
median_across_captures,Mediana entre capturas,exclude_suspicious_prices,Sem preços ≥ 10 mil,preco_por_hospede,Preço anunciado por hóspede comportado,sem capacidades positivas suspeitas,morretes|apartamento|2 quartos,Morretes · apartamento · 2 quartos,Morretes,apartamento,2,50,88.35,60.833333333333336,123.75,70.0,101.875,principal,40,7,0.14,1,83.66666666666666,83.33333333333333,83.33333333333333,34.0
median_across_captures,Mediana entre capturas,exclude_suspicious_prices,Sem preços ≥ 10 mil,preco_por_hospede,Preço anunciado por hóspede comportado,sem capacidades positivas suspeitas,morretes|apartamento|3 quartos,Morretes · apartamento · 3 quartos,Morretes,apartamento,3,9,87.5,65.0,124.125,61.42857142857143,130.375,evidência insuficiente,9,1,0.1111111111111111,9,87.5,85.41666666666666,90.41666666666666,35.0
median_across_captures,Mediana entre capturas,exclude_suspicious_prices,Sem preços ≥ 10 mil,preco_por_hospede,Preço anunciado por hóspede comportado,todas as capacidades positivas,meia praia|apartamento|0 quartos,Meia Praia · apartamento · 0 quartos,Meia Praia,apartamento,0,8,87.29166666666666,68.4625,101.875,41.35,109.375,evidência insuficiente,8,1,0.125,8,87.29166666666666,81.25,93.33333333333333,35.0
median_across_captures,Mediana entre capturas,exclude_suspicious_prices,Sem preços ≥ 10 mil,preco_por_hospede,Preço anunciado por hóspede comportado,sem capacidades positivas suspeitas,meia praia|apartamento|0 quartos,Meia Praia · apartamento · 0 quartos,Meia Praia,apartamento,0,8,87.29166666666666,68.4625,101.875,41.35,122.5,evidência insuficiente,8,1,0.125,8,87.29166666666666,81.25,93.33333333333333,36.0
median_across_captures,Mediana entre capturas,exclude_suspicious_prices,Sem preços ≥ 10 mil,preco_por_hospede,Preço anunciado por hóspede comportado,todas as capacidades positivas,ilhota|apartamento|1 quarto,Ilhota · apartamento · 1 quarto,Ilhota,apartamento,1,2,86.375,85.8125,86.9375,,,evidência insuficiente,1,2,1.0,1,86.375,,,36.0
median_across_captures,Mediana entre capturas,exclude_suspicious_prices,Sem preços ≥ 10 mil,preco_por_hospede,Preço anunciado por hóspede comportado,sem capacidades positivas suspeitas,ilhota|apartamento|1 quarto,Ilhota · apartamento · 1 quarto,Ilhota,apartamento,1,2,86.375,85.8125,86.9375,,,evidência insuficiente,1,2,1.0,1,86.375,,,37.0
median_across_captures,Mediana entre capturas,exclude_suspicious_prices,Sem preços ≥ 10 mil,preco_por_hospede,Preço anunciado por hóspede comportado,todas as capacidades positivas,morretes|apartamento|3 quartos,Morretes · apartamento · 3 quartos,Morretes,apartamento,3,10,85.41666666666666,62.32142857142857,116.42708333333333,59.330357142857146,124.125,exploratório,10,1,0.1,10,85.41666666666666,83.33333333333333,87.5,37.0
median_across_captures,Mediana entre capturas,exclude_suspicious_prices,Sem preços ≥ 10 mil,preco_por_hospede,Preço anunciado por hóspede comportado,todas as capacidades positivas,morretes|apartamento|4 quartos,Morretes · apartamento · 4 quartos,Morretes,apartamento,4,3,83.33333333333333,72.29166666666666,135.41666666666666,,,evidência insuficiente,3,1,0.3333333333333333,3,83.33333333333333,72.29166666666666,135.41666666666666,38.0
median_across_captures,Mediana entre capturas,exclude_suspicious_prices,Sem preços ≥ 10 mil,preco_por_hospede,Preço anunciado por hóspede comportado,sem capacidades positivas suspeitas,tabuleiro dos oliveiras|apartamento|2 quartos,Tabuleiro dos Oliveiras · apartamento · 2 quartos,Tabuleiro dos Oliveiras,apartamento,2,11,83.33333333333333,68.33333333333334,121.15625,66.66666666666667,125.5,exploratório,10,2,0.18181818181818182,1,81.36666666666667,79.4,79.4,38.0
median_across_captures,Mediana entre capturas,exclude_suspicious_prices,Sem preços ≥ 10 mil,preco_por_hospede,Preço anunciado por hóspede comportado,sem capacidades positivas suspeitas,morretes|apartamento|4 quartos,Morretes · apartamento · 4 quartos,Morretes,apartamento,4,3,83.33333333333333,72.29166666666666,135.41666666666666,,,evidência insuficiente,3,1,0.3333333333333333,3,83.33333333333333,72.29166666666666,135.41666666666666,38.0
median_across_captures,Mediana entre capturas,exclude_suspicious_prices,Sem preços ≥ 10 mil,preco_por_hospede,Preço anunciado por hóspede comportado,todas as capacidades positivas,tabuleiro dos oliveiras|apartamento|2 quartos,Tabuleiro dos Oliveiras · apartamento · 2 quartos,Tabuleiro dos Oliveiras,apartamento,2,12,81.36666666666667,64.58333333333334,118.984375,58.333333333333336,120.25,exploratório,11,2,0.16666666666666666,1,79.4,74.7,74.7,39.0
median_across_captures,Mediana entre capturas,exclude_suspicious_prices,Sem preços ≥ 10 mil,preco_por_hospede,Preço anunciado por hóspede comportado,todas as capacidades positivas,meia praia|casa|7 quartos,Meia Praia · casa · 7 quartos,Meia Praia,casa,7,1,81.25,81.25,81.25,,,evidência insuficiente,1,1,1.0,1,81.25,,,40.0
median_across_captures,Mediana entre capturas,exclude_suspicious_prices,Sem preços ≥ 10 mil,preco_por_hospede,Preço anunciado por hóspede comportado,sem capacidades positivas suspeitas,meia praia|casa|7 quartos,Meia Praia · casa · 7 quartos,Meia Praia,casa,7,1,81.25,81.25,81.25,,,evidência insuficiente,1,1,1.0,1,81.25,,,40.0
median_across_captures,Mediana entre capturas,exclude_suspicious_prices,Sem preços ≥ 10 mil,preco_por_hospede,Preço anunciado por hóspede comportado,todas as capacidades positivas,centro|casa|3 quartos,Centro · casa · 3 quartos,Centro,casa,3,2,80.55555555555556,65.27777777777777,95.83333333333334,,,evidência insuficiente,2,1,0.5,2,80.55555555555556,50.0,111.11111111111111,41.0
median_across_captures,Mediana entre capturas,exclude_suspicious_prices,Sem preços ≥ 10 mil,preco_por_hospede,Preço anunciado por hóspede comportado,sem capacidades positivas suspeitas,centro|casa|3 quartos,Centro · casa · 3 quartos,Centro,casa,3,2,80.55555555555556,65.27777777777777,95.83333333333334,,,evidência insuficiente,2,1,0.5,2,80.55555555555556,50.0,111.11111111111111,41.0
median_across_captures,Mediana entre capturas,exclude_suspicious_prices,Sem preços ≥ 10 mil,preco_por_hospede,Preço anunciado por hóspede comportado,todas as capacidades positivas,alto sao bento|apartamento|1 quarto,Alto Sao Bento · apartamento · 1 quarto,Alto Sao Bento,apartamento,1,2,80.0,75.0,85.0,,,evidência insuficiente,2,1,0.5,2,80.0,70.0,90.0,42.0
median_across_captures,Mediana entre capturas,exclude_suspicious_prices,Sem preços ≥ 10 mil,preco_por_hospede,Preço anunciado por hóspede comportado,sem capacidades positivas suspeitas,alto sao bento|apartamento|1 quarto,Alto Sao Bento · apartamento · 1 quarto,Alto Sao Bento,apartamento,1,2,80.0,75.0,85.0,,,evidência insuficiente,2,1,0.5,2,80.0,70.0,90.0,42.0
median_across_captures,Mediana entre capturas,exclude_suspicious_prices,Sem preços ≥ 10 mil,preco_por_hospede,Preço anunciado por hóspede comportado,todas as capacidades positivas,meia praia|apartamento|2 quartos,Meia Praia · apartamento · 2 quartos,Meia Praia,apartamento,2,186,78.0,63.5,100.0,71.42857142857143,83.33333333333333,principal,162,7,0.03763440860215054,1,76.63020833333334,78.0,78.0,43.0
median_across_captures,Mediana entre capturas,exclude_suspicious_prices,Sem preços ≥ 10 mil,preco_por_hospede,Preço anunciado por hóspede comportado,sem capacidades positivas suspeitas,meia praia|apartamento|2 quartos,Meia Praia · apartamento · 2 quartos,Meia Praia,apartamento,2,186,78.0,63.5,100.0,71.66369047619048,83.33333333333333,principal,162,7,0.03763440860215054,1,76.63020833333334,78.0,78.0,43.0
median_across_captures,Mediana entre capturas,exclude_suspicious_prices,Sem preços ≥ 10 mil,preco_por_hospede,Preço anunciado por hóspede comportado,todas as capacidades positivas,varzea|casa|1 quarto,Varzea · casa · 1 quarto,Varzea,casa,1,3,74.5,60.375,93.5,,,evidência insuficiente,3,1,0.3333333333333333,3,74.5,60.375,93.5,44.0
median_across_captures,Mediana entre capturas,exclude_suspicious_prices,Sem preços ≥ 10 mil,preco_por_hospede,Preço anunciado por hóspede comportado,sem capacidades positivas suspeitas,varzea|casa|1 quarto,Varzea · casa · 1 quarto,Varzea,casa,1,3,74.5,60.375,93.5,,,evidência insuficiente,3,1,0.3333333333333333,3,74.5,60.375,93.5,44.0
median_across_captures,Mediana entre capturas,exclude_suspicious_prices,Sem preços ≥ 10 mil,preco_por_hospede,Preço anunciado por hóspede comportado,todas as capacidades positivas,ilhota|casa|3 quartos,Ilhota · casa · 3 quartos,Ilhota,casa,3,2,74.375,67.8125,80.9375,,,evidência insuficiente,2,1,0.5,2,74.375,61.25,87.5,45.0
median_across_captures,Mediana entre capturas,exclude_suspicious_prices,Sem preços ≥ 10 mil,preco_por_hospede,Preço anunciado por hóspede comportado,sem capacidades positivas suspeitas,ilhota|casa|3 quartos,Ilhota · casa · 3 quartos,Ilhota,casa,3,2,74.375,67.8125,80.9375,,,evidência insuficiente,2,1,0.5,2,74.375,61.25,87.5,45.0
median_across_captures,Mediana entre capturas,exclude_suspicious_prices,Sem preços ≥ 10 mil,preco_por_hospede,Preço anunciado por hóspede comportado,todas as capacidades positivas,casa branca|apartamento|2 quartos,Casa Branca · apartamento · 2 quartos,Casa Branca,apartamento,2,11,74.0,63.65,98.33333333333334,57.5,116.66666666666667,exploratório,10,2,0.18181818181818182,1,74.45,74.0,74.0,46.0
median_across_captures,Mediana entre capturas,exclude_suspicious_prices,Sem preços ≥ 10 mil,preco_por_hospede,Preço anunciado por hóspede comportado,sem capacidades positivas suspeitas,casa branca|apartamento|2 quartos,Casa Branca · apartamento · 2 quartos,Casa Branca,apartamento,2,11,74.0,63.65,98.33333333333334,57.5,116.66666666666667,exploratório,10,2,0.18181818181818182,1,74.45,74.0,74.0,46.0
median_across_captures,Mediana entre capturas,exclude_suspicious_prices,Sem preços ≥ 10 mil,preco_por_hospede,Preço anunciado por hóspede comportado,todas as capacidades positivas,centro|apartamento|5 quartos,Centro · apartamento · 5 quartos,Centro,apartamento,5,1,70.83333333333333,70.83333333333333,70.83333333333333,,,evidência insuficiente,1,1,1.0,1,70.83333333333333,,,47.0
median_across_captures,Mediana entre capturas,exclude_suspicious_prices,Sem preços ≥ 10 mil,preco_por_hospede,Preço anunciado por hóspede comportado,sem capacidades positivas suspeitas,centro|apartamento|5 quartos,Centro · apartamento · 5 quartos,Centro,apartamento,5,1,70.83333333333333,70.83333333333333,70.83333333333333,,,evidência insuficiente,1,1,1.0,1,70.83333333333333,,,47.0
median_across_captures,Mediana entre capturas,exclude_suspicious_prices,Sem preços ≥ 10 mil,preco_por_hospede,Preço anunciado por hóspede comportado,todas as capacidades positivas,centro|casa|1 quarto,Centro · casa · 1 quarto,Centro,casa,1,1,70.75,70.75,70.75,,,evidência insuficiente,1,1,1.0,1,70.75,,,48.0
median_across_captures,Mediana entre capturas,exclude_suspicious_prices,Sem preços ≥ 10 mil,preco_por_hospede,Preço anunciado por hóspede comportado,sem capacidades positivas suspeitas,centro|casa|1 quarto,Centro · casa · 1 quarto,Centro,casa,1,1,70.75,70.75,70.75,,,evidência insuficiente,1,1,1.0,1,70.75,,,48.0
median_across_captures,Mediana entre capturas,exclude_suspicious_prices,Sem preços ≥ 10 mil,preco_por_hospede,Preço anunciado por hóspede comportado,todas as capacidades positivas,meia praia|casa|4 quartos,Meia Praia · casa · 4 quartos,Meia Praia,casa,4,2,67.3076923076923,58.65384615384615,75.96153846153845,,,evidência insuficiente,2,1,0.5,2,67.3076923076923,50.0,84.61538461538461,49.0
median_across_captures,Mediana entre capturas,exclude_suspicious_prices,Sem preços ≥ 10 mil,preco_por_hospede,Preço anunciado por hóspede comportado,sem capacidades positivas suspeitas,meia praia|casa|4 quartos,Meia Praia · casa · 4 quartos,Meia Praia,casa,4,2,67.3076923076923,58.65384615384615,75.96153846153845,,,evidência insuficiente,2,1,0.5,2,67.3076923076923,50.0,84.61538461538461,49.0
median_across_captures,Mediana entre capturas,exclude_suspicious_prices,Sem preços ≥ 10 mil,preco_por_hospede,Preço anunciado por hóspede comportado,todas as capacidades positivas,casa branca|apartamento|3 quartos,Casa Branca · apartamento · 3 quartos,Casa Branca,apartamento,3,2,67.16666666666666,59.08333333333333,75.25,,,evidência insuficiente,2,1,0.5,2,67.16666666666666,51.0,83.33333333333333,50.0
median_across_captures,Mediana entre capturas,exclude_suspicious_prices,Sem preços ≥ 10 mil,preco_por_hospede,Preço anunciado por hóspede comportado,sem capacidades positivas suspeitas,casa branca|apartamento|3 quartos,Casa Branca · apartamento · 3 quartos,Casa Branca,apartamento,3,2,67.16666666666666,59.08333333333333,75.25,,,evidência insuficiente,2,1,0.5,2,67.16666666666666,51.0,83.33333333333333,50.0
median_across_captures,Mediana entre capturas,exclude_suspicious_prices,Sem preços ≥ 10 mil,preco_por_hospede,Preço anunciado por hóspede comportado,todas as capacidades positivas,sertao do trombudo|casa|4 quartos,Sertao do Trombudo · casa · 4 quartos,Sertao do Trombudo,casa,4,1,66.66666666666667,66.66666666666667,66.66666666666667,,,evidência insuficiente,1,1,1.0,1,66.66666666666667,,,51.0
median_across_captures,Mediana entre capturas,exclude_suspicious_prices,Sem preços ≥ 10 mil,preco_por_hospede,Preço anunciado por hóspede comportado,sem capacidades positivas suspeitas,sertao do trombudo|casa|4 quartos,Sertao do Trombudo · casa · 4 quartos,Sertao do Trombudo,casa,4,1,66.66666666666667,66.66666666666667,66.66666666666667,,,evidência insuficiente,1,1,1.0,1,66.66666666666667,,,51.0
median_across_captures,Mediana entre capturas,exclude_suspicious_prices,Sem preços ≥ 10 mil,preco_por_hospede,Preço anunciado por hóspede comportado,todas as capacidades positivas,meia praia|casa|1 quarto,Meia Praia · casa · 1 quarto,Meia Praia,casa,1,1,65.0,65.0,65.0,,,evidência insuficiente,1,1,1.0,1,65.0,,,52.0
median_across_captures,Mediana entre capturas,exclude_suspicious_prices,Sem preços ≥ 10 mil,preco_por_hospede,Preço anunciado por hóspede comportado,sem capacidades positivas suspeitas,meia praia|casa|1 quarto,Meia Praia · casa · 1 quarto,Meia Praia,casa,1,1,65.0,65.0,65.0,,,evidência insuficiente,1,1,1.0,1,65.0,,,52.0
median_across_captures,Mediana entre capturas,exclude_suspicious_prices,Sem preços ≥ 10 mil,preco_por_hospede,Preço anunciado por hóspede comportado,todas as capacidades positivas,morretes|casa|4 quartos,Morretes · casa · 4 quartos,Morretes,casa,4,2,63.541666666666664,53.64583333333333,73.4375,,,evidência insuficiente,2,1,0.5,2,63.541666666666664,43.75,83.33333333333333,53.0
median_across_captures,Mediana entre capturas,exclude_suspicious_prices,Sem preços ≥ 10 mil,preco_por_hospede,Preço anunciado por hóspede comportado,sem capacidades positivas suspeitas,morretes|casa|4 quartos,Morretes · casa · 4 quartos,Morretes,casa,4,2,63.541666666666664,53.64583333333333,73.4375,,,evidência insuficiente,2,1,0.5,2,63.541666666666664,43.75,83.33333333333333,53.0
median_across_captures,Mediana entre capturas,exclude_suspicious_prices,Sem preços ≥ 10 mil,preco_por_hospede,Preço anunciado por hóspede comportado,todas as capacidades positivas,meia praia|casa|3 quartos,Meia Praia · casa · 3 quartos,Meia Praia,casa,3,5,63.333333333333336,50.0,72.22222222222223,50.0,85.71428571428571,evidência insuficiente,5,1,0.2,5,63.333333333333336,56.66666666666667,67.77777777777779,54.0
median_across_captures,Mediana entre capturas,exclude_suspicious_prices,Sem preços ≥ 10 mil,preco_por_hospede,Preço anunciado por hóspede comportado,sem capacidades positivas suspeitas,meia praia|casa|3 quartos,Meia Praia · casa · 3 quartos,Meia Praia,casa,3,5,63.333333333333336,50.0,72.22222222222223,50.0,85.71428571428571,evidência insuficiente,5,1,0.2,5,63.333333333333336,56.66666666666667,67.77777777777779,54.0
median_across_captures,Mediana entre capturas,exclude_suspicious_prices,Sem preços ≥ 10 mil,preco_por_hospede,Preço anunciado por hóspede comportado,todas as capacidades positivas,ilhota|apartamento|3 quartos,Ilhota · apartamento · 3 quartos,Ilhota,apartamento,3,1,62.5,62.5,62.5,,,evidência insuficiente,1,1,1.0,1,62.5,,,55.0
median_across_captures,Mediana entre capturas,exclude_suspicious_prices,Sem preços ≥ 10 mil,preco_por_hospede,Preço anunciado por hóspede comportado,todas as capacidades positivas,sertaozinho|casa|3 quartos,Sertaozinho · casa · 3 quartos,Sertaozinho,casa,3,1,62.5,62.5,62.5,,,evidência insuficiente,1,1,1.0,1,62.5,,,55.0
median_across_captures,Mediana entre capturas,exclude_suspicious_prices,Sem preços ≥ 10 mil,preco_por_hospede,Preço anunciado por hóspede comportado,sem capacidades positivas suspeitas,ilhota|apartamento|3 quartos,Ilhota · apartamento · 3 quartos,Ilhota,apartamento,3,1,62.5,62.5,62.5,,,evidência insuficiente,1,1,1.0,1,62.5,,,55.0
median_across_captures,Mediana entre capturas,exclude_suspicious_prices,Sem preços ≥ 10 mil,preco_por_hospede,Preço anunciado por hóspede comportado,sem capacidades positivas suspeitas,sertaozinho|casa|3 quartos,Sertaozinho · casa · 3 quartos,Sertaozinho,casa,3,1,62.5,62.5,62.5,,,evidência insuficiente,1,1,1.0,1,62.5,,,55.0
median_across_captures,Mediana entre capturas,exclude_suspicious_prices,Sem preços ≥ 10 mil,preco_por_hospede,Preço anunciado por hóspede comportado,sem capacidades positivas suspeitas,meia praia|casa|2 quartos,Meia Praia · casa · 2 quartos,Meia Praia,casa,2,2,62.375,56.1875,68.5625,,,evidência insuficiente,2,1,0.5,2,62.375,50.0,74.75,57.0
median_across_captures,Mediana entre capturas,exclude_suspicious_prices,Sem preços ≥ 10 mil,preco_por_hospede,Preço anunciado por hóspede comportado,todas as capacidades positivas,centro|casa|2 quartos,Centro · casa · 2 quartos,Centro,casa,2,2,60.4,55.2,65.6,,,evidência insuficiente,2,1,0.5,2,60.4,50.0,70.8,57.0
median_across_captures,Mediana entre capturas,exclude_suspicious_prices,Sem preços ≥ 10 mil,preco_por_hospede,Preço anunciado por hóspede comportado,sem capacidades positivas suspeitas,centro|casa|2 quartos,Centro · casa · 2 quartos,Centro,casa,2,2,60.4,55.2,65.6,,,evidência insuficiente,2,1,0.5,2,60.4,50.0,70.8,58.0
median_across_captures,Mediana entre capturas,exclude_suspicious_prices,Sem preços ≥ 10 mil,preco_por_hospede,Preço anunciado por hóspede comportado,todas as capacidades positivas,morretes|casa|2 quartos,Morretes · casa · 2 quartos,Morretes,casa,2,9,60.0,50.0,99.75,32.81818181818182,99.878125,evidência insuficiente,8,2,0.2222222222222222,1,70.0234375,80.046875,80.046875,58.0
median_across_captures,Mediana entre capturas,exclude_suspicious_prices,Sem preços ≥ 10 mil,preco_por_hospede,Preço anunciado por hóspede comportado,sem capacidades positivas suspeitas,morretes|casa|2 quartos,Morretes · casa · 2 quartos,Morretes,casa,2,9,60.0,50.0,99.75,32.81818181818182,99.875,evidência insuficiente,8,2,0.2222222222222222,1,70.0234375,80.046875,80.046875,59.0
median_across_captures,Mediana entre capturas,exclude_suspicious_prices,Sem preços ≥ 10 mil,preco_por_hospede,Preço anunciado por hóspede comportado,todas as capacidades positivas,meia praia|casa|2 quartos,Meia Praia · casa · 2 quartos,Meia Praia,casa,2,3,50.0,38.9375,62.375,,,evidência insuficiente,3,1,0.3333333333333333,3,50.0,38.9375,62.375,59.0
median_across_captures,Mediana entre capturas,exclude_suspicious_prices,Sem preços ≥ 10 mil,preco_por_hospede,Preço anunciado por hóspede comportado,todas as capacidades positivas,jardim praiamar|casa|1 quarto,Jardim Praiamar · casa · 1 quarto,Jardim Praiamar,casa,1,1,50.0,50.0,50.0,,,evidência insuficiente,1,1,1.0,1,50.0,,,59.0
median_across_captures,Mediana entre capturas,exclude_suspicious_prices,Sem preços ≥ 10 mil,preco_por_hospede,Preço anunciado por hóspede comportado,todas as capacidades positivas,morretes|casa|3 quartos,Morretes · casa · 3 quartos,Morretes,casa,3,1,50.0,50.0,50.0,,,evidência insuficiente,1,1,1.0,1,50.0,,,59.0
median_across_captures,Mediana entre capturas,exclude_suspicious_prices,Sem preços ≥ 10 mil,preco_por_hospede,Preço anunciado por hóspede comportado,sem capacidades positivas suspeitas,jardim praiamar|casa|1 quarto,Jardim Praiamar · casa · 1 quarto,Jardim Praiamar,casa,1,1,50.0,50.0,50.0,,,evidência insuficiente,1,1,1.0,1,50.0,,,60.0
median_across_captures,Mediana entre capturas,exclude_suspicious_prices,Sem preços ≥ 10 mil,preco_por_hospede,Preço anunciado por hóspede comportado,sem capacidades positivas suspeitas,morretes|casa|3 quartos,Morretes · casa · 3 quartos,Morretes,casa,3,1,50.0,50.0,50.0,,,evidência insuficiente,1,1,1.0,1,50.0,,,60.0
median_across_captures,Mediana entre capturas,exclude_suspicious_prices,Sem preços ≥ 10 mil,preco_por_hospede,Preço anunciado por hóspede comportado,todas as capacidades positivas,alto sao bento|apartamento|2 quartos,Alto Sao Bento · apartamento · 2 quartos,Alto Sao Bento,apartamento,2,1,49.75,49.75,49.75,,,evidência insuficiente,1,1,1.0,1,49.75,,,62.0
median_across_captures,Mediana entre capturas,exclude_suspicious_prices,Sem preços ≥ 10 mil,preco_por_hospede,Preço anunciado por hóspede comportado,sem capacidades positivas suspeitas,alto sao bento|apartamento|2 quartos,Alto Sao Bento · apartamento · 2 quartos,Alto Sao Bento,apartamento,2,1,49.75,49.75,49.75,,,evidência insuficiente,1,1,1.0,1,49.75,,,62.0
median_across_captures,Mediana entre capturas,exclude_suspicious_prices,Sem preços ≥ 10 mil,preco_por_hospede,Preço anunciado por hóspede comportado,todas as capacidades positivas,ilhota|casa|2 quartos,Ilhota · casa · 2 quartos,Ilhota,casa,2,2,38.5,36.75,40.25,,,evidência insuficiente,2,1,0.5,2,38.5,35.0,42.0,63.0
median_across_captures,Mediana entre capturas,exclude_suspicious_prices,Sem preços ≥ 10 mil,preco_por_hospede,Preço anunciado por hóspede comportado,sem capacidades positivas suspeitas,ilhota|casa|2 quartos,Ilhota · casa · 2 quartos,Ilhota,casa,2,2,38.5,36.75,40.25,,,evidência insuficiente,2,1,0.5,2,38.5,35.0,42.0,63.0
median_across_captures,Mediana entre capturas,exclude_suspicious_prices,Sem preços ≥ 10 mil,preco_por_hospede,Preço anunciado por hóspede comportado,todas as capacidades positivas,canto da praia|apartamento|3 quartos,Canto da Praia · apartamento · 3 quartos,Canto da Praia,apartamento,3,1,37.5,37.5,37.5,,,evidência insuficiente,1,1,1.0,1,37.5,,,64.0
median_across_captures,Mediana entre capturas,exclude_suspicious_prices,Sem preços ≥ 10 mil,preco_por_hospede,Preço anunciado por hóspede comportado,sem capacidades positivas suspeitas,canto da praia|apartamento|3 quartos,Canto da Praia · apartamento · 3 quartos,Canto da Praia,apartamento,3,1,37.5,37.5,37.5,,,evidência insuficiente,1,1,1.0,1,37.5,,,64.0
median_across_captures,Mediana entre capturas,exclude_suspicious_prices,Sem preços ≥ 10 mil,preco_por_quarto,Preço anunciado por quarto,não aplicável,canto da praia|casa|4 quartos,Canto da Praia · casa · 4 quartos,Canto da Praia,casa,4,1,975.0,975.0,975.0,,,evidência insuficiente,1,1,1.0,1,975.0,,,1.0
median_across_captures,Mediana entre capturas,exclude_suspicious_prices,Sem preços ≥ 10 mil,preco_por_quarto,Preço anunciado por quarto,não aplicável,canto da praia|casa|1 quarto,Canto da Praia · casa · 1 quarto,Canto da Praia,casa,1,1,793.0,793.0,793.0,,,evidência insuficiente,1,1,1.0,1,793.0,,,2.0
median_across_captures,Mediana entre capturas,exclude_suspicious_prices,Sem preços ≥ 10 mil,preco_por_quarto,Preço anunciado por quarto,não aplicável,desconhecido|casa|1 quarto,Desconhecido · casa · 1 quarto,Desconhecido,casa,1,3,709.0,649.5,754.5,,,evidência insuficiente,3,1,0.3333333333333333,3,709.0,649.5,754.5,3.0
median_across_captures,Mediana entre capturas,exclude_suspicious_prices,Sem preços ≥ 10 mil,preco_por_quarto,Preço anunciado por quarto,não aplicável,areal|casa|1 quarto,Areal · casa · 1 quarto,Areal,casa,1,1,556.0,556.0,556.0,,,evidência insuficiente,1,1,1.0,1,556.0,,,4.0
median_across_captures,Mediana entre capturas,exclude_suspicious_prices,Sem preços ≥ 10 mil,preco_por_quarto,Preço anunciado por quarto,não aplicável,centro|apartamento|1 quarto,Centro · apartamento · 1 quarto,Centro,apartamento,1,78,448.0,375.03125,606.25,420.0,499.5,principal,20,54,0.6923076923076923,1,443.0,450.0,450.0,5.0
median_across_captures,Mediana entre capturas,exclude_suspicious_prices,Sem preços ≥ 10 mil,preco_por_quarto,Preço anunciado por quarto,não aplicável,meia praia|apartamento|1 quarto,Meia Praia · apartamento · 1 quarto,Meia Praia,apartamento,1,20,441.0,377.500005,523.25,383.33334,522.6999999999998,exploratório,16,3,0.15,1,401.0,400.0,400.0,6.0
median_across_captures,Mediana entre capturas,exclude_suspicious_prices,Sem preços ≥ 10 mil,preco_por_quarto,Preço anunciado por quarto,não aplicável,sertaozinho|casa|6 quartos,Sertaozinho · casa · 6 quartos,Sertaozinho,casa,6,2,430.20833333333337,353.6458333333333,506.77083333333337,,,evidência insuficiente,2,1,0.5,2,430.20833333333337,277.0833333333333,583.3333333333334,7.0
median_across_captures,Mediana entre capturas,exclude_suspicious_prices,Sem preços ≥ 10 mil,preco_por_quarto,Preço anunciado por quarto,não aplicável,tabuleiro dos oliveiras|casa|4 quartos,Tabuleiro dos Oliveiras · casa · 4 quartos,Tabuleiro dos Oliveiras,casa,4,1,425.0,425.0,425.0,,,evidência insuficiente,1,1,1.0,1,425.0,,,8.0
median_across_captures,Mediana entre capturas,exclude_suspicious_prices,Sem preços ≥ 10 mil,preco_por_quarto,Preço anunciado por quarto,não aplicável,morretes|apartamento|1 quarto,Morretes · apartamento · 1 quarto,Morretes,apartamento,1,4,415.0,306.25,491.25,,,evidência insuficiente,4,1,0.25,4,415.0,350.0,480.0,9.0
median_across_captures,Mediana entre capturas,exclude_suspicious_prices,Sem preços ≥ 10 mil,preco_por_quarto,Preço anunciado por quarto,não aplicável,alto sao bento|casa|1 quarto,Alto Sao Bento · casa · 1 quarto,Alto Sao Bento,casa,1,1,400.0,400.0,400.0,,,evidência insuficiente,1,1,1.0,1,400.0,,,10.0
median_across_captures,Mediana entre capturas,exclude_suspicious_prices,Sem preços ≥ 10 mil,preco_por_quarto,Preço anunciado por quarto,não aplicável,sertao do trombudo|casa|1 quarto,Sertao do Trombudo · casa · 1 quarto,Sertao do Trombudo,casa,1,2,380.0,375.0,385.0,,,evidência insuficiente,1,2,1.0,1,380.0,,,11.0
median_across_captures,Mediana entre capturas,exclude_suspicious_prices,Sem preços ≥ 10 mil,preco_por_quarto,Preço anunciado por quarto,não aplicável,meia praia|apartamento|5 quartos,Meia Praia · apartamento · 5 quartos,Meia Praia,apartamento,5,5,379.4,290.0,420.0,180.0,460.0,evidência insuficiente,5,1,0.2,5,379.4,334.7,399.7,12.0
median_across_captures,Mediana entre capturas,exclude_suspicious_prices,Sem preços ≥ 10 mil,preco_por_quarto,Preço anunciado por quarto,não aplicável,varzea|casa|5 quartos,Varzea · casa · 5 quartos,Varzea,casa,5,1,350.0,350.0,350.0,,,evidência insuficiente,1,1,1.0,1,350.0,,,13.0
median_across_captures,Mediana entre capturas,exclude_suspicious_prices,Sem preços ≥ 10 mil,preco_por_quarto,Preço anunciado por quarto,não aplicável,ilhota|apartamento|1 quarto,Ilhota · apartamento · 1 quarto,Ilhota,apartamento,1,2,345.5,343.25,347.75,,,evidência insuficiente,1,2,1.0,1,345.5,,,14.0
median_across_captures,Mediana entre capturas,exclude_suspicious_prices,Sem preços ≥ 10 mil,preco_por_quarto,Preço anunciado por quarto,não aplicável,centro|casa|4 quartos,Centro · casa · 4 quartos,Centro,casa,4,4,337.5,243.75,450.0,,,evidência insuficiente,4,1,0.25,4,337.5,250.0,425.0,15.0
median_across_captures,Mediana entre capturas,exclude_suspicious_prices,Sem preços ≥ 10 mil,preco_por_quarto,Preço anunciado por quarto,não aplicável,centro|apartamento|2 quartos,Centro · apartamento · 2 quartos,Centro,apartamento,2,65,300.0,185.0,381.458325,194.875,346.5,principal,41,20,0.3076923076923077,1,240.0,224.5,224.5,16.0
median_across_captures,Mediana entre capturas,exclude_suspicious_prices,Sem preços ≥ 10 mil,preco_por_quarto,Preço anunciado por quarto,não aplicável,ilhota|apartamento|2 quartos,Ilhota · apartamento · 2 quartos,Ilhota,apartamento,2,2,293.75,293.125,294.375,,,evidência insuficiente,2,1,0.5,2,293.75,292.5,295.0,17.0
median_across_captures,Mediana entre capturas,exclude_suspicious_prices,Sem preços ≥ 10 mil,preco_por_quarto,Preço anunciado por quarto,não aplicável,centro|casa|1 quarto,Centro · casa · 1 quarto,Centro,casa,1,1,283.0,283.0,283.0,,,evidência insuficiente,1,1,1.0,1,283.0,,,18.0
median_across_captures,Mediana entre capturas,exclude_suspicious_prices,Sem preços ≥ 10 mil,preco_por_quarto,Preço anunciado por quarto,não aplicável,morretes|casa|1 quarto,Morretes · casa · 1 quarto,Morretes,casa,1,2,282.0,237.5,326.5,,,evidência insuficiente,2,1,0.5,2,282.0,193.0,371.0,19.0
median_across_captures,Mediana entre capturas,exclude_suspicious_prices,Sem preços ≥ 10 mil,preco_por_quarto,Preço anunciado por quarto,não aplicável,tabuleiro dos oliveiras|apartamento|4 quartos,Tabuleiro dos Oliveiras · apartamento · 4 quartos,Tabuleiro dos Oliveiras,apartamento,4,1,275.0,275.0,275.0,,,evidência insuficiente,1,1,1.0,1,275.0,,,20.0
median_across_captures,Mediana entre capturas,exclude_suspicious_prices,Sem preços ≥ 10 mil,preco_por_quarto,Preço anunciado por quarto,não aplicável,sertaozinho|casa|1 quarto,Sertaozinho · casa · 1 quarto,Sertaozinho,casa,1,2,274.5,227.25,321.75,,,evidência insuficiente,2,1,0.5,2,274.5,180.0,369.0,21.0
median_across_captures,Mediana entre capturas,exclude_suspicious_prices,Sem preços ≥ 10 mil,preco_por_quarto,Preço anunciado por quarto,não aplicável,casa branca|casa|1 quarto,Casa Branca · casa · 1 quarto,Casa Branca,casa,1,2,274.5,261.75,287.25,,,evidência insuficiente,2,1,0.5,2,274.5,249.0,300.0,21.0
median_across_captures,Mediana entre capturas,exclude_suspicious_prices,Sem preços ≥ 10 mil,preco_por_quarto,Preço anunciado por quarto,não aplicável,meia praia|apartamento|4 quartos,Meia Praia · apartamento · 4 quartos,Meia Praia,apartamento,4,60,268.75,209.375,418.6875,224.75,373.5,principal,55,2,0.03333333333333333,5,262.5,256.125,287.5,23.0
median_across_captures,Mediana entre capturas,exclude_suspicious_prices,Sem preços ≥ 10 mil,preco_por_quarto,Preço anunciado por quarto,não aplicável,centro|apartamento|3 quartos,Centro · apartamento · 3 quartos,Centro,apartamento,3,45,260.0,174.33333333333334,300.0,216.0,270.5,principal,41,4,0.08888888888888889,1,260.0,260.0,260.0,24.0
median_across_captures,Mediana entre capturas,exclude_suspicious_prices,Sem preços ≥ 10 mil,preco_por_quarto,Preço anunciado por quarto,não aplicável,canto da praia|apartamento|2 quartos,Canto da Praia · apartamento · 2 quartos,Canto da Praia,apartamento,2,4,254.5,247.375,281.625,,,evidência insuficiente,4,1,0.25,4,254.5,250.0,259.0,25.0
median_across_captures,Mediana entre capturas,exclude_suspicious_prices,Sem preços ≥ 10 mil,preco_por_quarto,Preço anunciado por quarto,não aplicável,morretes|apartamento|4 quartos,Morretes · apartamento · 4 quartos,Morretes,apartamento,4,3,250.0,186.25,312.5,,,evidência insuficiente,3,1,0.3333333333333333,3,250.0,186.25,312.5,26.0
median_across_captures,Mediana entre capturas,exclude_suspicious_prices,Sem preços ≥ 10 mil,preco_por_quarto,Preço anunciado por quarto,não aplicável,sertaozinho|casa|2 quartos,Sertaozinho · casa · 2 quartos,Sertaozinho,casa,2,1,250.0,250.0,250.0,,,evidência insuficiente,1,1,1.0,1,250.0,,,26.0
median_across_captures,Mediana entre capturas,exclude_suspicious_prices,Sem preços ≥ 10 mil,preco_por_quarto,Preço anunciado por quarto,não aplicável,sertao do trombudo|casa|4 quartos,Sertao do Trombudo · casa · 4 quartos,Sertao do Trombudo,casa,4,1,250.0,250.0,250.0,,,evidência insuficiente,1,1,1.0,1,250.0,,,26.0
median_across_captures,Mediana entre capturas,exclude_suspicious_prices,Sem preços ≥ 10 mil,preco_por_quarto,Preço anunciado por quarto,não aplicável,ilhota|casa|4 quartos,Ilhota · casa · 4 quartos,Ilhota,casa,4,1,243.75,243.75,243.75,,,evidência insuficiente,1,1,1.0,1,243.75,,,29.0
median_across_captures,Mediana entre capturas,exclude_suspicious_prices,Sem preços ≥ 10 mil,preco_por_quarto,Preço anunciado por quarto,não aplicável,morretes|apartamento|2 quartos,Morretes · apartamento · 2 quartos,Morretes,apartamento,2,50,233.75,175.0,294.09375,188.15625,275.0,principal,40,7,0.14,1,220.0625,203.75,203.75,30.0
median_across_captures,Mediana entre capturas,exclude_suspicious_prices,Sem preços ≥ 10 mil,preco_por_quarto,Preço anunciado por quarto,não aplicável,canto da praia|casa|3 quartos,Canto da Praia · casa · 3 quartos,Canto da Praia,casa,3,2,233.33333333333334,216.66666666666669,250.0,,,evidência insuficiente,2,1,0.5,2,233.33333333333334,200.0,266.6666666666667,31.0
median_across_captures,Mediana entre capturas,exclude_suspicious_prices,Sem preços ≥ 10 mil,preco_por_quarto,Preço anunciado por quarto,não aplicável,varzea|casa|3 quartos,Varzea · casa · 3 quartos,Varzea,casa,3,1,233.33333333333334,233.33333333333334,233.33333333333334,,,evidência insuficiente,1,1,1.0,1,233.33333333333334,,,31.0
median_across_captures,Mediana entre capturas,exclude_suspicious_prices,Sem preços ≥ 10 mil,preco_por_quarto,Preço anunciado por quarto,não aplicável,alto sao bento|apartamento|1 quarto,Alto Sao Bento · apartamento · 1 quarto,Alto Sao Bento,apartamento,1,2,230.0,205.0,255.0,,,evidência insuficiente,2,1,0.5,2,230.0,180.0,280.0,33.0
median_across_captures,Mediana entre capturas,exclude_suspicious_prices,Sem preços ≥ 10 mil,preco_por_quarto,Preço anunciado por quarto,não aplicável,meia praia|apartamento|3 quartos,Meia Praia · apartamento · 3 quartos,Meia Praia,apartamento,3,327,227.55555,166.66666666666666,283.3333333333333,216.65833333333333,233.33333333333334,principal,275,12,0.03669724770642202,2,225.0,230.0,230.0,34.0
median_across_captures,Mediana entre capturas,exclude_suspicious_prices,Sem preços ≥ 10 mil,preco_por_quarto,Preço anunciado por quarto,não aplicável,meia praia|apartamento|2 quartos,Meia Praia · apartamento · 2 quartos,Meia Praia,apartamento,2,186,225.0,185.625,294.33333749999997,213.0,250.0,principal,162,7,0.03763440860215054,1,225.0,225.0,225.0,35.0
median_across_captures,Mediana entre capturas,exclude_suspicious_prices,Sem preços ≥ 10 mil,preco_por_quarto,Preço anunciado por quarto,não aplicável,tabuleiro dos oliveiras|apartamento|2 quartos,Tabuleiro dos Oliveiras · apartamento · 2 quartos,Tabuleiro dos Oliveiras,apartamento,2,12,225.0,175.0,330.375,175.0,325.0,exploratório,11,2,0.16666666666666666,1,200.0,199.25,199.25,35.0
median_across_captures,Mediana entre capturas,exclude_suspicious_prices,Sem preços ≥ 10 mil,preco_por_quarto,Preço anunciado por quarto,não aplicável,centro|casa|3 quartos,Centro · casa · 3 quartos,Centro,casa,3,2,225.0,170.83333333333331,279.16666666666663,,,evidência insuficiente,2,1,0.5,2,225.0,116.66666666666667,333.3333333333333,35.0
median_across_captures,Mediana entre capturas,exclude_suspicious_prices,Sem preços ≥ 10 mil,preco_por_quarto,Preço anunciado por quarto,não aplicável,meia praia|casa|2 quartos,Meia Praia · casa · 2 quartos,Meia Praia,casa,2,3,223.0,186.25,236.5,,,evidência insuficiente,3,1,0.3333333333333333,3,223.0,186.25,236.5,38.0
median_across_captures,Mediana entre capturas,exclude_suspicious_prices,Sem preços ≥ 10 mil,preco_por_quarto,Preço anunciado por quarto,não aplicável,morretes|apartamento|3 quartos,Morretes · apartamento · 3 quartos,Morretes,apartamento,3,10,216.66666666666666,171.66666666666666,306.5833333333333,165.0,331.0,exploratório,10,1,0.1,10,216.66666666666666,216.66666666666666,216.66666666666666,39.0
median_across_captures,Mediana entre capturas,exclude_suspicious_prices,Sem preços ≥ 10 mil,preco_por_quarto,Preço anunciado por quarto,não aplicável,tabuleiro dos oliveiras|apartamento|3 quartos,Tabuleiro dos Oliveiras · apartamento · 3 quartos,Tabuleiro dos Oliveiras,apartamento,3,4,213.33333333333334,185.0,224.16666666666669,,,evidência insuficiente,4,1,0.25,4,213.33333333333334,203.33333333333334,223.33333333333334,40.0
median_across_captures,Mediana entre capturas,exclude_suspicious_prices,Sem preços ≥ 10 mil,preco_por_quarto,Preço anunciado por quarto,não aplicável,morretes|casa|4 quartos,Morretes · casa · 4 quartos,Morretes,casa,4,2,212.5,193.75,231.25,,,evidência insuficiente,2,1,0.5,2,212.5,175.0,250.0,41.0
median_across_captures,Mediana entre capturas,exclude_suspicious_prices,Sem preços ≥ 10 mil,preco_por_quarto,Preço anunciado por quarto,não aplicável,alto sao bento|casa|12 quartos,Alto Sao Bento · casa · 12 quartos,Alto Sao Bento,casa,12,1,208.33333333333334,208.33333333333334,208.33333333333334,,,evidência insuficiente,1,1,1.0,1,208.33333333333334,,,42.0
median_across_captures,Mediana entre capturas,exclude_suspicious_prices,Sem preços ≥ 10 mil,preco_por_quarto,Preço anunciado por quarto,não aplicável,leopoldo zarling|casa|1 quarto,Leopoldo Zarling · casa · 1 quarto,Leopoldo Zarling,casa,1,1,200.0,200.0,200.0,,,evidência insuficiente,1,1,1.0,1,200.0,,,43.0
median_across_captures,Mediana entre capturas,exclude_suspicious_prices,Sem preços ≥ 10 mil,preco_por_quarto,Preço anunciado por quarto,não aplicável,meia praia|casa|4 quartos,Meia Praia · casa · 4 quartos,Meia Praia,casa,4,2,200.0,162.5,237.5,,,evidência insuficiente,2,1,0.5,2,200.0,125.0,275.0,43.0
median_across_captures,Mediana entre capturas,exclude_suspicious_prices,Sem preços ≥ 10 mil,preco_por_quarto,Preço anunciado por quarto,não aplicável,jardim praiamar|casa|1 quarto,Jardim Praiamar · casa · 1 quarto,Jardim Praiamar,casa,1,1,200.0,200.0,200.0,,,evidência insuficiente,1,1,1.0,1,200.0,,,43.0
median_across_captures,Mediana entre capturas,exclude_suspicious_prices,Sem preços ≥ 10 mil,preco_por_quarto,Preço anunciado por quarto,não aplicável,ilhota|casa|3 quartos,Ilhota · casa · 3 quartos,Ilhota,casa,3,2,198.33333333333334,180.83333333333334,215.83333333333334,,,evidência insuficiente,2,1,0.5,2,198.33333333333334,163.33333333333334,233.33333333333334,46.0
median_across_captures,Mediana entre capturas,exclude_suspicious_prices,Sem preços ≥ 10 mil,preco_por_quarto,Preço anunciado por quarto,não aplicável,meia praia|casa|1 quarto,Meia Praia · casa · 1 quarto,Meia Praia,casa,1,1,195.0,195.0,195.0,,,evidência insuficiente,1,1,1.0,1,195.0,,,47.0
median_across_captures,Mediana entre capturas,exclude_suspicious_prices,Sem preços ≥ 10 mil,preco_por_quarto,Preço anunciado por quarto,não aplicável,tabuleiro dos oliveiras|casa|7 quartos,Tabuleiro dos Oliveiras · casa · 7 quartos,Tabuleiro dos Oliveiras,casa,7,1,192.85714285714286,192.85714285714286,192.85714285714286,,,evidência insuficiente,1,1,1.0,1,192.85714285714286,,,48.0
median_across_captures,Mediana entre capturas,exclude_suspicious_prices,Sem preços ≥ 10 mil,preco_por_quarto,Preço anunciado por quarto,não aplicável,centro|apartamento|4 quartos,Centro · apartamento · 4 quartos,Centro,apartamento,4,4,186.25,159.375,215.625,,,evidência insuficiente,4,1,0.25,4,186.25,175.0,197.5,49.0
median_across_captures,Mediana entre capturas,exclude_suspicious_prices,Sem preços ≥ 10 mil,preco_por_quarto,Preço anunciado por quarto,não aplicável,meia praia|casa|7 quartos,Meia Praia · casa · 7 quartos,Meia Praia,casa,7,1,185.71428571428572,185.71428571428572,185.71428571428572,,,evidência insuficiente,1,1,1.0,1,185.71428571428572,,,50.0
median_across_captures,Mediana entre capturas,exclude_suspicious_prices,Sem preços ≥ 10 mil,preco_por_quarto,Preço anunciado por quarto,não aplicável,varzea|casa|1 quarto,Varzea · casa · 1 quarto,Varzea,casa,1,3,185.0,167.0,317.5,,,evidência insuficiente,3,1,0.3333333333333333,3,185.0,167.0,317.5,51.0
median_across_captures,Mediana entre capturas,exclude_suspicious_prices,Sem preços ≥ 10 mil,preco_por_quarto,Preço anunciado por quarto,não aplicável,morretes|casa|2 quartos,Morretes · casa · 2 quartos,Morretes,casa,2,9,180.5,160.09375,203.0,155.046875,400.0,evidência insuficiente,8,2,0.2222222222222222,1,188.25,199.5,199.5,52.0
median_across_captures,Mediana entre capturas,exclude_suspicious_prices,Sem preços ≥ 10 mil,preco_por_quarto,Preço anunciado por quarto,não aplicável,casa branca|apartamento|2 quartos,Casa Branca · apartamento · 2 quartos,Casa Branca,apartamento,2,11,175.0,148.75,192.5,140.0,200.0,exploratório,10,2,0.18181818181818182,1,175.0,175.0,175.0,53.0
median_across_captures,Mediana entre capturas,exclude_suspicious_prices,Sem preços ≥ 10 mil,preco_por_quarto,Preço anunciado por quarto,não aplicável,centro|apartamento|5 quartos,Centro · apartamento · 5 quartos,Centro,apartamento,5,1,170.0,170.0,170.0,,,evidência insuficiente,1,1,1.0,1,170.0,,,54.0
median_across_captures,Mediana entre capturas,exclude_suspicious_prices,Sem preços ≥ 10 mil,preco_por_quarto,Preço anunciado por quarto,não aplicável,ilhota|apartamento|3 quartos,Ilhota · apartamento · 3 quartos,Ilhota,apartamento,3,1,166.66666666666666,166.66666666666666,166.66666666666666,,,evidência insuficiente,1,1,1.0,1,166.66666666666666,,,55.0
median_across_captures,Mediana entre capturas,exclude_suspicious_prices,Sem preços ≥ 10 mil,preco_por_quarto,Preço anunciado por quarto,não aplicável,sertaozinho|casa|3 quartos,Sertaozinho · casa · 3 quartos,Sertaozinho,casa,3,1,166.66666666666666,166.66666666666666,166.66666666666666,,,evidência insuficiente,1,1,1.0,1,166.66666666666666,,,55.0
median_across_captures,Mediana entre capturas,exclude_suspicious_prices,Sem preços ≥ 10 mil,preco_por_quarto,Preço anunciado por quarto,não aplicável,morretes|casa|3 quartos,Morretes · casa · 3 quartos,Morretes,casa,3,1,166.66666666666666,166.66666666666666,166.66666666666666,,,evidência insuficiente,1,1,1.0,1,166.66666666666666,,,55.0
median_across_captures,Mediana entre capturas,exclude_suspicious_prices,Sem preços ≥ 10 mil,preco_por_quarto,Preço anunciado por quarto,não aplicável,centro|casa|2 quartos,Centro · casa · 2 quartos,Centro,casa,2,2,151.0,138.0,164.0,,,evidência insuficiente,2,1,0.5,2,151.0,125.0,177.0,58.0
median_across_captures,Mediana entre capturas,exclude_suspicious_prices,Sem preços ≥ 10 mil,preco_por_quarto,Preço anunciado por quarto,não aplicável,meia praia|casa|3 quartos,Meia Praia · casa · 3 quartos,Meia Praia,casa,3,5,150.0,133.33333333333334,200.0,126.66666666666667,216.66666666666666,evidência insuficiente,5,1,0.2,5,150.0,141.66666666666669,175.0,59.0
median_across_captures,Mediana entre capturas,exclude_suspicious_prices,Sem preços ≥ 10 mil,preco_por_quarto,Preço anunciado por quarto,não aplicável,ilhota|casa|2 quartos,Ilhota · casa · 2 quartos,Ilhota,casa,2,2,140.0,122.5,157.5,,,evidência insuficiente,2,1,0.5,2,140.0,105.0,175.0,60.0
median_across_captures,Mediana entre capturas,exclude_suspicious_prices,Sem preços ≥ 10 mil,preco_por_quarto,Preço anunciado por quarto,não aplicável,casa branca|apartamento|3 quartos,Casa Branca · apartamento · 3 quartos,Casa Branca,apartamento,3,2,134.33333333333331,118.16666666666666,150.5,,,evidência insuficiente,2,1,0.5,2,134.33333333333331,102.0,166.66666666666666,61.0
median_across_captures,Mediana entre capturas,exclude_suspicious_prices,Sem preços ≥ 10 mil,preco_por_quarto,Preço anunciado por quarto,não aplicável,canto da praia|apartamento|3 quartos,Canto da Praia · apartamento · 3 quartos,Canto da Praia,apartamento,3,1,100.0,100.0,100.0,,,evidência insuficiente,1,1,1.0,1,100.0,,,62.0
median_across_captures,Mediana entre capturas,exclude_suspicious_prices,Sem preços ≥ 10 mil,preco_por_quarto,Preço anunciado por quarto,não aplicável,alto sao bento|apartamento|2 quartos,Alto Sao Bento · apartamento · 2 quartos,Alto Sao Bento,apartamento,2,1,99.5,99.5,99.5,,,evidência insuficiente,1,1,1.0,1,99.5,,,63.0
median_across_captures,Mediana entre capturas,exclude_suspicious_prices,Sem preços ≥ 10 mil,preco_total,Preço anunciado total,não aplicável,canto da praia|casa|4 quartos,Canto da Praia · casa · 4 quartos,Canto da Praia,casa,4,1,3900.0,3900.0,3900.0,,,evidência insuficiente,1,1,1.0,1,3900.0,,,1.0
median_across_captures,Mediana entre capturas,exclude_suspicious_prices,Sem preços ≥ 10 mil,preco_total,Preço anunciado total,não aplicável,sertaozinho|casa|6 quartos,Sertaozinho · casa · 6 quartos,Sertaozinho,casa,6,2,2581.25,2121.875,3040.625,,,evidência insuficiente,2,1,0.5,2,2581.25,1662.5,3500.0,2.0
median_across_captures,Mediana entre capturas,exclude_suspicious_prices,Sem preços ≥ 10 mil,preco_total,Preço anunciado total,não aplicável,alto sao bento|casa|12 quartos,Alto Sao Bento · casa · 12 quartos,Alto Sao Bento,casa,12,1,2500.0,2500.0,2500.0,,,evidência insuficiente,1,1,1.0,1,2500.0,,,3.0
median_across_captures,Mediana entre capturas,exclude_suspicious_prices,Sem preços ≥ 10 mil,preco_total,Preço anunciado total,não aplicável,meia praia|apartamento|5 quartos,Meia Praia · apartamento · 5 quartos,Meia Praia,apartamento,5,5,1897.0,1450.0,2100.0,900.0,2300.0,evidência insuficiente,5,1,0.2,5,1897.0,1673.5,1998.5,4.0
median_across_captures,Mediana entre capturas,exclude_suspicious_prices,Sem preços ≥ 10 mil,preco_total,Preço anunciado total,não aplicável,varzea|casa|5 quartos,Varzea · casa · 5 quartos,Varzea,casa,5,1,1750.0,1750.0,1750.0,,,evidência insuficiente,1,1,1.0,1,1750.0,,,5.0
median_across_captures,Mediana entre capturas,exclude_suspicious_prices,Sem preços ≥ 10 mil,preco_total,Preço anunciado total,não aplicável,tabuleiro dos oliveiras|casa|4 quartos,Tabuleiro dos Oliveiras · casa · 4 quartos,Tabuleiro dos Oliveiras,casa,4,1,1700.0,1700.0,1700.0,,,evidência insuficiente,1,1,1.0,1,1700.0,,,6.0
median_across_captures,Mediana entre capturas,exclude_suspicious_prices,Sem preços ≥ 10 mil,preco_total,Preço anunciado total,não aplicável,centro|casa|4 quartos,Centro · casa · 4 quartos,Centro,casa,4,4,1350.0,975.0,1800.0,,,evidência insuficiente,4,1,0.25,4,1350.0,1000.0,1700.0,7.0
median_across_captures,Mediana entre capturas,exclude_suspicious_prices,Sem preços ≥ 10 mil,preco_total,Preço anunciado total,não aplicável,tabuleiro dos oliveiras|casa|7 quartos,Tabuleiro dos Oliveiras · casa · 7 quartos,Tabuleiro dos Oliveiras,casa,7,1,1350.0,1350.0,1350.0,,,evidência insuficiente,1,1,1.0,1,1350.0,,,7.0
median_across_captures,Mediana entre capturas,exclude_suspicious_prices,Sem preços ≥ 10 mil,preco_total,Preço anunciado total,não aplicável,meia praia|casa|7 quartos,Meia Praia · casa · 7 quartos,Meia Praia,casa,7,1,1300.0,1300.0,1300.0,,,evidência insuficiente,1,1,1.0,1,1300.0,,,9.0
median_across_captures,Mediana entre capturas,exclude_suspicious_prices,Sem preços ≥ 10 mil,preco_total,Preço anunciado total,não aplicável,tabuleiro dos oliveiras|apartamento|4 quartos,Tabuleiro dos Oliveiras · apartamento · 4 quartos,Tabuleiro dos Oliveiras,apartamento,4,1,1100.0,1100.0,1100.0,,,evidência insuficiente,1,1,1.0,1,1100.0,,,10.0
median_across_captures,Mediana entre capturas,exclude_suspicious_prices,Sem preços ≥ 10 mil,preco_total,Preço anunciado total,não aplicável,meia praia|apartamento|4 quartos,Meia Praia · apartamento · 4 quartos,Meia Praia,apartamento,4,60,1075.0,837.5,1674.75,899.0,1450.9499999999991,principal,55,2,0.03333333333333333,5,1050.0,1024.5,1150.0,11.0
median_across_captures,Mediana entre capturas,exclude_suspicious_prices,Sem preços ≥ 10 mil,preco_total,Preço anunciado total,não aplicável,morretes|apartamento|4 quartos,Morretes · apartamento · 4 quartos,Morretes,apartamento,4,3,1000.0,745.0,1250.0,,,evidência insuficiente,3,1,0.3333333333333333,3,1000.0,745.0,1250.0,12.0
median_across_captures,Mediana entre capturas,exclude_suspicious_prices,Sem preços ≥ 10 mil,preco_total,Preço anunciado total,não aplicável,sertao do trombudo|casa|4 quartos,Sertao do Trombudo · casa · 4 quartos,Sertao do Trombudo,casa,4,1,1000.0,1000.0,1000.0,,,evidência insuficiente,1,1,1.0,1,1000.0,,,12.0
median_across_captures,Mediana entre capturas,exclude_suspicious_prices,Sem preços ≥ 10 mil,preco_total,Preço anunciado total,não aplicável,ilhota|casa|4 quartos,Ilhota · casa · 4 quartos,Ilhota,casa,4,1,975.0,975.0,975.0,,,evidência insuficiente,1,1,1.0,1,975.0,,,14.0
median_across_captures,Mediana entre capturas,exclude_suspicious_prices,Sem preços ≥ 10 mil,preco_total,Preço anunciado total,não aplicável,morretes|casa|4 quartos,Morretes · casa · 4 quartos,Morretes,casa,4,2,850.0,775.0,925.0,,,evidência insuficiente,2,1,0.5,2,850.0,700.0,1000.0,15.0
median_across_captures,Mediana entre capturas,exclude_suspicious_prices,Sem preços ≥ 10 mil,preco_total,Preço anunciado total,não aplicável,centro|apartamento|5 quartos,Centro · apartamento · 5 quartos,Centro,apartamento,5,1,850.0,850.0,850.0,,,evidência insuficiente,1,1,1.0,1,850.0,,,15.0
median_across_captures,Mediana entre capturas,exclude_suspicious_prices,Sem preços ≥ 10 mil,preco_total,Preço anunciado total,não aplicável,meia praia|casa|4 quartos,Meia Praia · casa · 4 quartos,Meia Praia,casa,4,2,800.0,650.0,950.0,,,evidência insuficiente,2,1,0.5,2,800.0,500.0,1100.0,17.0
median_across_captures,Mediana entre capturas,exclude_suspicious_prices,Sem preços ≥ 10 mil,preco_total,Preço anunciado total,não aplicável,canto da praia|casa|1 quarto,Canto da Praia · casa · 1 quarto,Canto da Praia,casa,1,1,793.0,793.0,793.0,,,evidência insuficiente,1,1,1.0,1,793.0,,,18.0
median_across_captures,Mediana entre capturas,exclude_suspicious_prices,Sem preços ≥ 10 mil,preco_total,Preço anunciado total,não aplicável,centro|apartamento|3 quartos,Centro · apartamento · 3 quartos,Centro,apartamento,3,45,780.0,523.0,900.0,650.0,828.25,principal,41,4,0.08888888888888889,1,780.0,780.0,780.0,19.0
median_across_captures,Mediana entre capturas,exclude_suspicious_prices,Sem preços ≥ 10 mil,preco_total,Preço anunciado total,não aplicável,centro|apartamento|4 quartos,Centro · apartamento · 4 quartos,Centro,apartamento,4,4,745.0,637.5,862.5,,,evidência insuficiente,4,1,0.25,4,745.0,700.0,790.0,20.0
median_across_captures,Mediana entre capturas,exclude_suspicious_prices,Sem preços ≥ 10 mil,preco_total,Preço anunciado total,não aplicável,desconhecido|casa|1 quarto,Desconhecido · casa · 1 quarto,Desconhecido,casa,1,3,709.0,649.5,754.5,,,evidência insuficiente,3,1,0.3333333333333333,3,709.0,649.5,754.5,21.0
median_across_captures,Mediana entre capturas,exclude_suspicious_prices,Sem preços ≥ 10 mil,preco_total,Preço anunciado total,não aplicável,canto da praia|casa|3 quartos,Canto da Praia · casa · 3 quartos,Canto da Praia,casa,3,2,700.0,650.0,750.0,,,evidência insuficiente,2,1,0.5,2,700.0,600.0,800.0,22.0
median_across_captures,Mediana entre capturas,exclude_suspicious_prices,Sem preços ≥ 10 mil,preco_total,Preço anunciado total,não aplicável,varzea|casa|3 quartos,Varzea · casa · 3 quartos,Varzea,casa,3,1,700.0,700.0,700.0,,,evidência insuficiente,1,1,1.0,1,700.0,,,22.0
median_across_captures,Mediana entre capturas,exclude_suspicious_prices,Sem preços ≥ 10 mil,preco_total,Preço anunciado total,não aplicável,meia praia|apartamento|3 quartos,Meia Praia · apartamento · 3 quartos,Meia Praia,apartamento,3,327,682.66665,500.0,850.0,649.0,700.0,principal,275,12,0.03669724770642202,2,675.0,690.0,690.0,24.0
median_across_captures,Mediana entre capturas,exclude_suspicious_prices,Sem preços ≥ 10 mil,preco_total,Preço anunciado total,não aplicável,centro|casa|3 quartos,Centro · casa · 3 quartos,Centro,casa,3,2,675.0,512.5,837.5,,,evidência insuficiente,2,1,0.5,2,675.0,350.0,1000.0,25.0
median_across_captures,Mediana entre capturas,exclude_suspicious_prices,Sem preços ≥ 10 mil,preco_total,Preço anunciado total,não aplicável,morretes|apartamento|3 quartos,Morretes · apartamento · 3 quartos,Morretes,apartamento,3,10,650.0,515.0,919.75,465.0,993.0,exploratório,10,1,0.1,10,650.0,650.0,650.0,26.0
median_across_captures,Mediana entre capturas,exclude_suspicious_prices,Sem preços ≥ 10 mil,preco_total,Preço anunciado total,não aplicável,tabuleiro dos oliveiras|apartamento|3 quartos,Tabuleiro dos Oliveiras · apartamento · 3 quartos,Tabuleiro dos Oliveiras,apartamento,3,4,640.0,555.0,672.5,,,evidência insuficiente,4,1,0.25,4,640.0,610.0,670.0,27.0
median_across_captures,Mediana entre capturas,exclude_suspicious_prices,Sem preços ≥ 10 mil,preco_total,Preço anunciado total,não aplicável,centro|apartamento|2 quartos,Centro · apartamento · 2 quartos,Centro,apartamento,2,65,600.0,370.0,762.91665,389.75,693.0,principal,41,20,0.3076923076923077,1,480.0,449.0,449.0,28.0
median_across_captures,Mediana entre capturas,exclude_suspicious_prices,Sem preços ≥ 10 mil,preco_total,Preço anunciado total,não aplicável,ilhota|casa|3 quartos,Ilhota · casa · 3 quartos,Ilhota,casa,3,2,595.0,542.5,647.5,,,evidência insuficiente,2,1,0.5,2,595.0,490.0,700.0,29.0
median_across_captures,Mediana entre capturas,exclude_suspicious_prices,Sem preços ≥ 10 mil,preco_total,Preço anunciado total,não aplicável,ilhota|apartamento|2 quartos,Ilhota · apartamento · 2 quartos,Ilhota,apartamento,2,2,587.5,586.25,588.75,,,evidência insuficiente,2,1,0.5,2,587.5,585.0,590.0,30.0
median_across_captures,Mediana entre capturas,exclude_suspicious_prices,Sem preços ≥ 10 mil,preco_total,Preço anunciado total,não aplicável,areal|casa|1 quarto,Areal · casa · 1 quarto,Areal,casa,1,1,556.0,556.0,556.0,,,evidência insuficiente,1,1,1.0,1,556.0,,,31.0
median_across_captures,Mediana entre capturas,exclude_suspicious_prices,Sem preços ≥ 10 mil,preco_total,Preço anunciado total,não aplicável,canto da praia|apartamento|2 quartos,Canto da Praia · apartamento · 2 quartos,Canto da Praia,apartamento,2,4,509.0,494.75,563.25,,,evidência insuficiente,4,1,0.25,4,509.0,500.0,518.0,32.0
median_across_captures,Mediana entre capturas,exclude_suspicious_prices,Sem preços ≥ 10 mil,preco_total,Preço anunciado total,não aplicável,sertaozinho|casa|2 quartos,Sertaozinho · casa · 2 quartos,Sertaozinho,casa,2,1,500.0,500.0,500.0,,,evidência insuficiente,1,1,1.0,1,500.0,,,33.0
median_across_captures,Mediana entre capturas,exclude_suspicious_prices,Sem preços ≥ 10 mil,preco_total,Preço anunciado total,não aplicável,ilhota|apartamento|3 quartos,Ilhota · apartamento · 3 quartos,Ilhota,apartamento,3,1,500.0,500.0,500.0,,,evidência insuficiente,1,1,1.0,1,500.0,,,33.0
median_across_captures,Mediana entre capturas,exclude_suspicious_prices,Sem preços ≥ 10 mil,preco_total,Preço anunciado total,não aplicável,sertaozinho|casa|3 quartos,Sertaozinho · casa · 3 quartos,Sertaozinho,casa,3,1,500.0,500.0,500.0,,,evidência insuficiente,1,1,1.0,1,500.0,,,33.0
median_across_captures,Mediana entre capturas,exclude_suspicious_prices,Sem preços ≥ 10 mil,preco_total,Preço anunciado total,não aplicável,morretes|casa|3 quartos,Morretes · casa · 3 quartos,Morretes,casa,3,1,500.0,500.0,500.0,,,evidência insuficiente,1,1,1.0,1,500.0,,,33.0
median_across_captures,Mediana entre capturas,exclude_suspicious_prices,Sem preços ≥ 10 mil,preco_total,Preço anunciado total,não aplicável,morretes|apartamento|2 quartos,Morretes · apartamento · 2 quartos,Morretes,apartamento,2,50,467.5,350.0,588.1875,380.0,550.0,principal,40,7,0.14,1,440.125,407.5,407.5,37.0
median_across_captures,Mediana entre capturas,exclude_suspicious_prices,Sem preços ≥ 10 mil,preco_total,Preço anunciado total,não aplicável,meia praia|apartamento|2 quartos,Meia Praia · apartamento · 2 quartos,Meia Praia,apartamento,2,186,450.0,371.25,588.6666749999999,427.95,500.0,principal,162,7,0.03763440860215054,1,450.0,450.0,450.0,38.0
median_across_captures,Mediana entre capturas,exclude_suspicious_prices,Sem preços ≥ 10 mil,preco_total,Preço anunciado total,não aplicável,tabuleiro dos oliveiras|apartamento|2 quartos,Tabuleiro dos Oliveiras · apartamento · 2 quartos,Tabuleiro dos Oliveiras,apartamento,2,12,450.0,350.0,660.75,350.0,650.0,exploratório,11,2,0.16666666666666666,1,400.0,398.5,398.5,38.0
median_across_captures,Mediana entre capturas,exclude_suspicious_prices,Sem preços ≥ 10 mil,preco_total,Preço anunciado total,não aplicável,meia praia|casa|3 quartos,Meia Praia · casa · 3 quartos,Meia Praia,casa,3,5,450.0,400.0,600.0,380.0,650.0,evidência insuficiente,5,1,0.2,5,450.0,425.0,525.0,38.0
median_across_captures,Mediana entre capturas,exclude_suspicious_prices,Sem preços ≥ 10 mil,preco_total,Preço anunciado total,não aplicável,centro|apartamento|1 quarto,Centro · apartamento · 1 quarto,Centro,apartamento,1,78,448.0,375.03125,606.25,400.0,500.0,principal,20,54,0.6923076923076923,1,443.0,450.0,450.0,41.0
median_across_captures,Mediana entre capturas,exclude_suspicious_prices,Sem preços ≥ 10 mil,preco_total,Preço anunciado total,não aplicável,meia praia|casa|2 quartos,Meia Praia · casa · 2 quartos,Meia Praia,casa,2,3,446.0,372.5,473.0,,,evidência insuficiente,3,1,0.3333333333333333,3,446.0,372.5,473.0,42.0
median_across_captures,Mediana entre capturas,exclude_suspicious_prices,Sem preços ≥ 10 mil,preco_total,Preço anunciado total,não aplicável,meia praia|apartamento|1 quarto,Meia Praia · apartamento · 1 quarto,Meia Praia,apartamento,1,20,441.0,377.500005,523.25,360.0,545.0,exploratório,16,3,0.15,1,401.0,400.0,400.0,43.0
median_across_captures,Mediana entre capturas,exclude_suspicious_prices,Sem preços ≥ 10 mil,preco_total,Preço anunciado total,não aplicável,meia praia|apartamento|0 quartos,Meia Praia · apartamento · 0 quartos,Meia Praia,apartamento,0,8,435.0,325.6,552.5,310.0,560.0,evidência insuficiente,8,1,0.125,8,435.0,380.0,490.0,44.0
median_across_captures,Mediana entre capturas,exclude_suspicious_prices,Sem preços ≥ 10 mil,preco_total,Preço anunciado total,não aplicável,morretes|apartamento|1 quarto,Morretes · apartamento · 1 quarto,Morretes,apartamento,1,4,415.0,306.25,491.25,,,evidência insuficiente,4,1,0.25,4,415.0,350.0,480.0,45.0
median_across_captures,Mediana entre capturas,exclude_suspicious_prices,Sem preços ≥ 10 mil,preco_total,Preço anunciado total,não aplicável,casa branca|apartamento|3 quartos,Casa Branca · apartamento · 3 quartos,Casa Branca,apartamento,3,2,403.0,354.5,451.5,,,evidência insuficiente,2,1,0.5,2,403.0,306.0,500.0,46.0
median_across_captures,Mediana entre capturas,exclude_suspicious_prices,Sem preços ≥ 10 mil,preco_total,Preço anunciado total,não aplicável,alto sao bento|casa|1 quarto,Alto Sao Bento · casa · 1 quarto,Alto Sao Bento,casa,1,1,400.0,400.0,400.0,,,evidência insuficiente,1,1,1.0,1,400.0,,,47.0
median_across_captures,Mediana entre capturas,exclude_suspicious_prices,Sem preços ≥ 10 mil,preco_total,Preço anunciado total,não aplicável,sertao do trombudo|casa|1 quarto,Sertao do Trombudo · casa · 1 quarto,Sertao do Trombudo,casa,1,2,380.0,375.0,385.0,,,evidência insuficiente,1,2,1.0,1,380.0,,,48.0
median_across_captures,Mediana entre capturas,exclude_suspicious_prices,Sem preços ≥ 10 mil,preco_total,Preço anunciado total,não aplicável,morretes|casa|2 quartos,Morretes · casa · 2 quartos,Morretes,casa,2,9,361.0,320.1875,406.0,300.0,605.4999999999977,evidência insuficiente,8,2,0.2222222222222222,1,376.5,399.0,399.0,49.0
median_across_captures,Mediana entre capturas,exclude_suspicious_prices,Sem preços ≥ 10 mil,preco_total,Preço anunciado total,não aplicável,casa branca|apartamento|2 quartos,Casa Branca · apartamento · 2 quartos,Casa Branca,apartamento,2,11,350.0,297.5,385.0,280.0,400.0,exploratório,10,2,0.18181818181818182,1,350.0,350.0,350.0,50.0
median_across_captures,Mediana entre capturas,exclude_suspicious_prices,Sem preços ≥ 10 mil,preco_total,Preço anunciado total,não aplicável,ilhota|apartamento|1 quarto,Ilhota · apartamento · 1 quarto,Ilhota,apartamento,1,2,345.5,343.25,347.75,,,evidência insuficiente,1,2,1.0,1,345.5,,,51.0
median_across_captures,Mediana entre capturas,exclude_suspicious_prices,Sem preços ≥ 10 mil,preco_total,Preço anunciado total,não aplicável,centro|casa|2 quartos,Centro · casa · 2 quartos,Centro,casa,2,2,302.0,276.0,328.0,,,evidência insuficiente,2,1,0.5,2,302.0,250.0,354.0,52.0
median_across_captures,Mediana entre capturas,exclude_suspicious_prices,Sem preços ≥ 10 mil,preco_total,Preço anunciado total,não aplicável,canto da praia|apartamento|3 quartos,Canto da Praia · apartamento · 3 quartos,Canto da Praia,apartamento,3,1,300.0,300.0,300.0,,,evidência insuficiente,1,1,1.0,1,300.0,,,53.0
median_across_captures,Mediana entre capturas,exclude_suspicious_prices,Sem preços ≥ 10 mil,preco_total,Preço anunciado total,não aplicável,centro|casa|1 quarto,Centro · casa · 1 quarto,Centro,casa,1,1,283.0,283.0,283.0,,,evidência insuficiente,1,1,1.0,1,283.0,,,54.0
median_across_captures,Mediana entre capturas,exclude_suspicious_prices,Sem preços ≥ 10 mil,preco_total,Preço anunciado total,não aplicável,morretes|casa|1 quarto,Morretes · casa · 1 quarto,Morretes,casa,1,2,282.0,237.5,326.5,,,evidência insuficiente,2,1,0.5,2,282.0,193.0,371.0,55.0
median_across_captures,Mediana entre capturas,exclude_suspicious_prices,Sem preços ≥ 10 mil,preco_total,Preço anunciado total,não aplicável,ilhota|casa|2 quartos,Ilhota · casa · 2 quartos,Ilhota,casa,2,2,280.0,245.0,315.0,,,evidência insuficiente,2,1,0.5,2,280.0,210.0,350.0,56.0
median_across_captures,Mediana entre capturas,exclude_suspicious_prices,Sem preços ≥ 10 mil,preco_total,Preço anunciado total,não aplicável,sertaozinho|casa|1 quarto,Sertaozinho · casa · 1 quarto,Sertaozinho,casa,1,2,274.5,227.25,321.75,,,evidência insuficiente,2,1,0.5,2,274.5,180.0,369.0,57.0
median_across_captures,Mediana entre capturas,exclude_suspicious_prices,Sem preços ≥ 10 mil,preco_total,Preço anunciado total,não aplicável,casa branca|casa|1 quarto,Casa Branca · casa · 1 quarto,Casa Branca,casa,1,2,274.5,261.75,287.25,,,evidência insuficiente,2,1,0.5,2,274.5,249.0,300.0,57.0
median_across_captures,Mediana entre capturas,exclude_suspicious_prices,Sem preços ≥ 10 mil,preco_total,Preço anunciado total,não aplicável,alto sao bento|apartamento|1 quarto,Alto Sao Bento · apartamento · 1 quarto,Alto Sao Bento,apartamento,1,2,230.0,205.0,255.0,,,evidência insuficiente,2,1,0.5,2,230.0,180.0,280.0,59.0
median_across_captures,Mediana entre capturas,exclude_suspicious_prices,Sem preços ≥ 10 mil,preco_total,Preço anunciado total,não aplicável,leopoldo zarling|casa|1 quarto,Leopoldo Zarling · casa · 1 quarto,Leopoldo Zarling,casa,1,1,200.0,200.0,200.0,,,evidência insuficiente,1,1,1.0,1,200.0,,,60.0
median_across_captures,Mediana entre capturas,exclude_suspicious_prices,Sem preços ≥ 10 mil,preco_total,Preço anunciado total,não aplicável,jardim praiamar|casa|1 quarto,Jardim Praiamar · casa · 1 quarto,Jardim Praiamar,casa,1,1,200.0,200.0,200.0,,,evidência insuficiente,1,1,1.0,1,200.0,,,60.0
median_across_captures,Mediana entre capturas,exclude_suspicious_prices,Sem preços ≥ 10 mil,preco_total,Preço anunciado total,não aplicável,alto sao bento|apartamento|2 quartos,Alto Sao Bento · apartamento · 2 quartos,Alto Sao Bento,apartamento,2,1,199.0,199.0,199.0,,,evidência insuficiente,1,1,1.0,1,199.0,,,62.0
median_across_captures,Mediana entre capturas,exclude_suspicious_prices,Sem preços ≥ 10 mil,preco_total,Preço anunciado total,não aplicável,meia praia|casa|1 quarto,Meia Praia · casa · 1 quarto,Meia Praia,casa,1,1,195.0,195.0,195.0,,,evidência insuficiente,1,1,1.0,1,195.0,,,63.0
median_across_captures,Mediana entre capturas,exclude_suspicious_prices,Sem preços ≥ 10 mil,preco_total,Preço anunciado total,não aplicável,varzea|casa|1 quarto,Varzea · casa · 1 quarto,Varzea,casa,1,3,185.0,167.0,317.5,,,evidência insuficiente,3,1,0.3333333333333333,3,185.0,167.0,317.5,64.0
median_across_captures,Mediana entre capturas,original,Valores originais,preco_por_hospede,Preço anunciado por hóspede comportado,todas as capacidades positivas,canto da praia|casa|4 quartos,Canto da Praia · casa · 4 quartos,Canto da Praia,casa,4,1,487.5,487.5,487.5,,,evidência insuficiente,1,1,1.0,1,487.5,,,1.0
median_across_captures,Mediana entre capturas,original,Valores originais,preco_por_hospede,Preço anunciado por hóspede comportado,sem capacidades positivas suspeitas,canto da praia|casa|4 quartos,Canto da Praia · casa · 4 quartos,Canto da Praia,casa,4,1,487.5,487.5,487.5,,,evidência insuficiente,1,1,1.0,1,487.5,,,1.0
median_across_captures,Mediana entre capturas,original,Valores originais,preco_por_hospede,Preço anunciado por hóspede comportado,todas as capacidades positivas,desconhecido|casa|1 quarto,Desconhecido · casa · 1 quarto,Desconhecido,casa,1,3,295.0,247.5,324.75,,,evidência insuficiente,3,1,0.3333333333333333,3,295.0,247.5,324.75,2.0
median_across_captures,Mediana entre capturas,original,Valores originais,preco_por_hospede,Preço anunciado por hóspede comportado,sem capacidades positivas suspeitas,desconhecido|casa|1 quarto,Desconhecido · casa · 1 quarto,Desconhecido,casa,1,3,295.0,247.5,324.75,,,evidência insuficiente,3,1,0.3333333333333333,3,295.0,247.5,324.75,2.0
median_across_captures,Mediana entre capturas,original,Valores originais,preco_por_hospede,Preço anunciado por hóspede comportado,todas as capacidades positivas,areal|casa|1 quarto,Areal · casa · 1 quarto,Areal,casa,1,1,278.0,278.0,278.0,,,evidência insuficiente,1,1,1.0,1,278.0,,,3.0
median_across_captures,Mediana entre capturas,original,Valores originais,preco_por_hospede,Preço anunciado por hóspede comportado,sem capacidades positivas suspeitas,areal|casa|1 quarto,Areal · casa · 1 quarto,Areal,casa,1,1,278.0,278.0,278.0,,,evidência insuficiente,1,1,1.0,1,278.0,,,3.0
median_across_captures,Mediana entre capturas,original,Valores originais,preco_por_hospede,Preço anunciado por hóspede comportado,todas as capacidades positivas,alto sao bento|casa|1 quarto,Alto Sao Bento · casa · 1 quarto,Alto Sao Bento,casa,1,1,200.0,200.0,200.0,,,evidência insuficiente,1,1,1.0,1,200.0,,,4.0
median_across_captures,Mediana entre capturas,original,Valores originais,preco_por_hospede,Preço anunciado por hóspede comportado,sem capacidades positivas suspeitas,alto sao bento|casa|1 quarto,Alto Sao Bento · casa · 1 quarto,Alto Sao Bento,casa,1,1,200.0,200.0,200.0,,,evidência insuficiente,1,1,1.0,1,200.0,,,4.0
median_across_captures,Mediana entre capturas,original,Valores originais,preco_por_hospede,Preço anunciado por hóspede comportado,todas as capacidades positivas,sertao do trombudo|casa|1 quarto,Sertao do Trombudo · casa · 1 quarto,Sertao do Trombudo,casa,1,2,190.0,187.5,192.5,,,evidência insuficiente,1,2,1.0,1,190.0,,,5.0
median_across_captures,Mediana entre capturas,original,Valores originais,preco_por_hospede,Preço anunciado por hóspede comportado,sem capacidades positivas suspeitas,sertao do trombudo|casa|1 quarto,Sertao do Trombudo · casa · 1 quarto,Sertao do Trombudo,casa,1,2,190.0,187.5,192.5,,,evidência insuficiente,1,2,1.0,1,190.0,,,5.0
median_across_captures,Mediana entre capturas,original,Valores originais,preco_por_hospede,Preço anunciado por hóspede comportado,todas as capacidades positivas,sertaozinho|casa|6 quartos,Sertaozinho · casa · 6 quartos,Sertaozinho,casa,6,2,161.328125,132.6171875,190.0390625,,,evidência insuficiente,2,1,0.5,2,161.328125,103.90625,218.75,6.0
median_across_captures,Mediana entre capturas,original,Valores originais,preco_por_hospede,Preço anunciado por hóspede comportado,sem capacidades positivas suspeitas,sertaozinho|casa|6 quartos,Sertaozinho · casa · 6 quartos,Sertaozinho,casa,6,2,161.328125,132.6171875,190.0390625,,,evidência insuficiente,2,1,0.5,2,161.328125,103.90625,218.75,6.0
median_across_captures,Mediana entre capturas,original,Valores originais,preco_por_hospede,Preço anunciado por hóspede comportado,todas as capacidades positivas,canto da praia|casa|1 quarto,Canto da Praia · casa · 1 quarto,Canto da Praia,casa,1,1,158.6,158.6,158.6,,,evidência insuficiente,1,1,1.0,1,158.6,,,7.0
median_across_captures,Mediana entre capturas,original,Valores originais,preco_por_hospede,Preço anunciado por hóspede comportado,sem capacidades positivas suspeitas,canto da praia|casa|1 quarto,Canto da Praia · casa · 1 quarto,Canto da Praia,casa,1,1,158.6,158.6,158.6,,,evidência insuficiente,1,1,1.0,1,158.6,,,7.0
median_across_captures,Mediana entre capturas,original,Valores originais,preco_por_hospede,Preço anunciado por hóspede comportado,todas as capacidades positivas,alto sao bento|casa|12 quartos,Alto Sao Bento · casa · 12 quartos,Alto Sao Bento,casa,12,1,156.25,156.25,156.25,,,evidência insuficiente,1,1,1.0,1,156.25,,,8.0
median_across_captures,Mediana entre capturas,original,Valores originais,preco_por_hospede,Preço anunciado por hóspede comportado,sem capacidades positivas suspeitas,alto sao bento|casa|12 quartos,Alto Sao Bento · casa · 12 quartos,Alto Sao Bento,casa,12,1,156.25,156.25,156.25,,,evidência insuficiente,1,1,1.0,1,156.25,,,8.0
median_across_captures,Mediana entre capturas,original,Valores originais,preco_por_hospede,Preço anunciado por hóspede comportado,todas as capacidades positivas,centro|apartamento|1 quarto,Centro · apartamento · 1 quarto,Centro,apartamento,1,78,151.75,129.02083125000001,187.25,110.0,156.0,principal,20,54,0.6923076923076923,1,130.6875,117.75,117.75,9.0
median_across_captures,Mediana entre capturas,original,Valores originais,preco_por_hospede,Preço anunciado por hóspede comportado,sem capacidades positivas suspeitas,centro|apartamento|1 quarto,Centro · apartamento · 1 quarto,Centro,apartamento,1,78,151.75,129.02083125000001,187.25,110.0,156.0,principal,20,54,0.6923076923076923,1,130.6875,117.75,117.75,9.0
median_across_captures,Mediana entre capturas,original,Valores originais,preco_por_hospede,Preço anunciado por hóspede comportado,todas as capacidades positivas,tabuleiro dos oliveiras|casa|4 quartos,Tabuleiro dos Oliveiras · casa · 4 quartos,Tabuleiro dos Oliveiras,casa,4,1,141.66666666666666,141.66666666666666,141.66666666666666,,,evidência insuficiente,1,1,1.0,1,141.66666666666666,,,10.0
median_across_captures,Mediana entre capturas,original,Valores originais,preco_por_hospede,Preço anunciado por hóspede comportado,sem capacidades positivas suspeitas,tabuleiro dos oliveiras|casa|4 quartos,Tabuleiro dos Oliveiras · casa · 4 quartos,Tabuleiro dos Oliveiras,casa,4,1,141.66666666666666,141.66666666666666,141.66666666666666,,,evidência insuficiente,1,1,1.0,1,141.66666666666666,,,10.0
median_across_captures,Mediana entre capturas,original,Valores originais,preco_por_hospede,Preço anunciado por hóspede comportado,todas as capacidades positivas,morretes|casa|1 quarto,Morretes · casa · 1 quarto,Morretes,casa,1,2,141.0,118.75,163.25,,,evidência insuficiente,2,1,0.5,2,141.0,96.5,185.5,11.0
median_across_captures,Mediana entre capturas,original,Valores originais,preco_por_hospede,Preço anunciado por hóspede comportado,sem capacidades positivas suspeitas,morretes|casa|1 quarto,Morretes · casa · 1 quarto,Morretes,casa,1,2,141.0,118.75,163.25,,,evidência insuficiente,2,1,0.5,2,141.0,96.5,185.5,11.0
median_across_captures,Mediana entre capturas,original,Valores originais,preco_por_hospede,Preço anunciado por hóspede comportado,todas as capacidades positivas,sertaozinho|casa|1 quarto,Sertaozinho · casa · 1 quarto,Sertaozinho,casa,1,2,137.25,113.625,160.875,,,evidência insuficiente,2,1,0.5,2,137.25,90.0,184.5,12.0
median_across_captures,Mediana entre capturas,original,Valores originais,preco_por_hospede,Preço anunciado por hóspede comportado,todas as capacidades positivas,casa branca|casa|1 quarto,Casa Branca · casa · 1 quarto,Casa Branca,casa,1,2,137.25,130.875,143.625,,,evidência insuficiente,2,1,0.5,2,137.25,124.5,150.0,12.0
median_across_captures,Mediana entre capturas,original,Valores originais,preco_por_hospede,Preço anunciado por hóspede comportado,sem capacidades positivas suspeitas,sertaozinho|casa|1 quarto,Sertaozinho · casa · 1 quarto,Sertaozinho,casa,1,2,137.25,113.625,160.875,,,evidência insuficiente,2,1,0.5,2,137.25,90.0,184.5,12.0
median_across_captures,Mediana entre capturas,original,Valores originais,preco_por_hospede,Preço anunciado por hóspede comportado,sem capacidades positivas suspeitas,casa branca|casa|1 quarto,Casa Branca · casa · 1 quarto,Casa Branca,casa,1,2,137.25,130.875,143.625,,,evidência insuficiente,2,1,0.5,2,137.25,124.5,150.0,12.0
median_across_captures,Mediana entre capturas,original,Valores originais,preco_por_hospede,Preço anunciado por hóspede comportado,todas as capacidades positivas,ilhota|apartamento|2 quartos,Ilhota · apartamento · 2 quartos,Ilhota,apartamento,2,2,132.25,124.625,139.875,,,evidência insuficiente,2,1,0.5,2,132.25,117.0,147.5,14.0
median_across_captures,Mediana entre capturas,original,Valores originais,preco_por_hospede,Preço anunciado por hóspede comportado,sem capacidades positivas suspeitas,ilhota|apartamento|2 quartos,Ilhota · apartamento · 2 quartos,Ilhota,apartamento,2,2,132.25,124.625,139.875,,,evidência insuficiente,2,1,0.5,2,132.25,117.0,147.5,14.0
median_across_captures,Mediana entre capturas,original,Valores originais,preco_por_hospede,Preço anunciado por hóspede comportado,todas as capacidades positivas,meia praia|apartamento|5 quartos,Meia Praia · apartamento · 5 quartos,Meia Praia,apartamento,5,5,131.25,118.5625,145.0,64.28571428571429,153.33333333333334,evidência insuficiente,5,1,0.2,5,131.25,124.90625,138.125,15.0
median_across_captures,Mediana entre capturas,original,Valores originais,preco_por_hospede,Preço anunciado por hóspede comportado,sem capacidades positivas suspeitas,meia praia|apartamento|5 quartos,Meia Praia · apartamento · 5 quartos,Meia Praia,apartamento,5,5,131.25,118.5625,145.0,64.28571428571429,153.33333333333334,evidência insuficiente,5,1,0.2,5,131.25,124.90625,138.125,15.0
median_across_captures,Mediana entre capturas,original,Valores originais,preco_por_hospede,Preço anunciado por hóspede comportado,todas as capacidades positivas,morretes|apartamento|1 quarto,Morretes · apartamento · 1 quarto,Morretes,apartamento,1,4,118.33333333333334,96.25,122.8125,,,evidência insuficiente,4,1,0.25,4,118.33333333333334,116.66666666666667,120.0,16.0
median_across_captures,Mediana entre capturas,original,Valores originais,preco_por_hospede,Preço anunciado por hóspede comportado,sem capacidades positivas suspeitas,morretes|apartamento|1 quarto,Morretes · apartamento · 1 quarto,Morretes,apartamento,1,4,118.33333333333334,96.25,122.8125,,,evidência insuficiente,4,1,0.25,4,118.33333333333334,116.66666666666667,120.0,16.0
median_across_captures,Mediana entre capturas,original,Valores originais,preco_por_hospede,Preço anunciado por hóspede comportado,todas as capacidades positivas,canto da praia|apartamento|2 quartos,Canto da Praia · apartamento · 2 quartos,Canto da Praia,apartamento,2,4,118.125,113.275,121.0625,,,evidência insuficiente,4,1,0.25,4,118.125,116.5,119.75,17.0
median_across_captures,Mediana entre capturas,original,Valores originais,preco_por_hospede,Preço anunciado por hóspede comportado,sem capacidades positivas suspeitas,canto da praia|apartamento|2 quartos,Canto da Praia · apartamento · 2 quartos,Canto da Praia,apartamento,2,4,118.125,113.275,121.0625,,,evidência insuficiente,4,1,0.25,4,118.125,116.5,119.75,17.0
median_across_captures,Mediana entre capturas,original,Valores originais,preco_por_hospede,Preço anunciado por hóspede comportado,todas as capacidades positivas,varzea|casa|5 quartos,Varzea · casa · 5 quartos,Varzea,casa,5,1,116.66666666666667,116.66666666666667,116.66666666666667,,,evidência insuficiente,1,1,1.0,1,116.66666666666667,,,18.0
median_across_captures,Mediana entre capturas,original,Valores originais,preco_por_hospede,Preço anunciado por hóspede comportado,sem capacidades positivas suspeitas,varzea|casa|5 quartos,Varzea · casa · 5 quartos,Varzea,casa,5,1,116.66666666666667,116.66666666666667,116.66666666666667,,,evidência insuficiente,1,1,1.0,1,116.66666666666667,,,18.0
median_across_captures,Mediana entre capturas,original,Valores originais,preco_por_hospede,Preço anunciado por hóspede comportado,todas as capacidades positivas,centro|casa|4 quartos,Centro · casa · 4 quartos,Centro,casa,4,4,116.28787878787878,88.63636363636363,150.0,,,evidência insuficiente,4,1,0.25,4,116.28787878787878,90.9090909090909,141.66666666666666,19.0
median_across_captures,Mediana entre capturas,original,Valores originais,preco_por_hospede,Preço anunciado por hóspede comportado,sem capacidades positivas suspeitas,centro|casa|4 quartos,Centro · casa · 4 quartos,Centro,casa,4,4,116.28787878787878,88.63636363636363,150.0,,,evidência insuficiente,4,1,0.25,4,116.28787878787878,90.9090909090909,141.66666666666666,19.0
median_across_captures,Mediana entre capturas,original,Valores originais,preco_por_hospede,Preço anunciado por hóspede comportado,todas as capacidades positivas,meia praia|apartamento|1 quarto,Meia Praia · apartamento · 1 quarto,Meia Praia,apartamento,1,20,116.25,97.5,154.79166750000002,95.0,167.083335,exploratório,16,3,0.15,1,109.16666666666666,108.33333333333333,108.33333333333333,20.0
median_across_captures,Mediana entre capturas,original,Valores originais,preco_por_hospede,Preço anunciado por hóspede comportado,sem capacidades positivas suspeitas,meia praia|apartamento|1 quarto,Meia Praia · apartamento · 1 quarto,Meia Praia,apartamento,1,20,116.25,97.5,154.79166750000002,95.0,191.25,exploratório,16,3,0.15,1,109.16666666666666,108.33333333333333,108.33333333333333,20.0
median_across_captures,Mediana entre capturas,original,Valores originais,preco_por_hospede,Preço anunciado por hóspede comportado,todas as capacidades positivas,tabuleiro dos oliveiras|apartamento|4 quartos,Tabuleiro dos Oliveiras · apartamento · 4 quartos,Tabuleiro dos Oliveiras,apartamento,4,1,110.0,110.0,110.0,,,evidência insuficiente,1,1,1.0,1,110.0,,,21.0
median_across_captures,Mediana entre capturas,original,Valores originais,preco_por_hospede,Preço anunciado por hóspede comportado,sem capacidades positivas suspeitas,tabuleiro dos oliveiras|apartamento|4 quartos,Tabuleiro dos Oliveiras · apartamento · 4 quartos,Tabuleiro dos Oliveiras,apartamento,4,1,110.0,110.0,110.0,,,evidência insuficiente,1,1,1.0,1,110.0,,,21.0
median_across_captures,Mediana entre capturas,original,Valores originais,preco_por_hospede,Preço anunciado por hóspede comportado,todas as capacidades positivas,meia praia|apartamento|4 quartos,Meia Praia · apartamento · 4 quartos,Meia Praia,apartamento,4,60,109.3125,78.22569444444444,150.1590909090909,93.37606837606837,136.3778409090909,principal,55,2,0.03333333333333333,5,106.25,106.25,114.52083333333334,22.0
median_across_captures,Mediana entre capturas,original,Valores originais,preco_por_hospede,Preço anunciado por hóspede comportado,sem capacidades positivas suspeitas,meia praia|apartamento|4 quartos,Meia Praia · apartamento · 4 quartos,Meia Praia,apartamento,4,60,109.3125,78.22569444444444,150.1590909090909,94.44444444444444,136.36363636363637,principal,55,2,0.03333333333333333,5,106.25,106.25,114.52083333333334,22.0
median_across_captures,Mediana entre capturas,original,Valores originais,preco_por_hospede,Preço anunciado por hóspede comportado,todas as capacidades positivas,tabuleiro dos oliveiras|apartamento|3 quartos,Tabuleiro dos Oliveiras · apartamento · 3 quartos,Tabuleiro dos Oliveiras,apartamento,3,4,107.5,92.5,118.5,,,evidência insuficiente,4,1,0.25,4,107.5,101.66666666666667,113.33333333333333,23.0
median_across_captures,Mediana entre capturas,original,Valores originais,preco_por_hospede,Preço anunciado por hóspede comportado,sem capacidades positivas suspeitas,tabuleiro dos oliveiras|apartamento|3 quartos,Tabuleiro dos Oliveiras · apartamento · 3 quartos,Tabuleiro dos Oliveiras,apartamento,3,4,107.5,92.5,118.5,,,evidência insuficiente,4,1,0.25,4,107.5,101.66666666666667,113.33333333333333,23.0
median_across_captures,Mediana entre capturas,original,Valores originais,preco_por_hospede,Preço anunciado por hóspede comportado,todas as capacidades positivas,tabuleiro dos oliveiras|casa|7 quartos,Tabuleiro dos Oliveiras · casa · 7 quartos,Tabuleiro dos Oliveiras,casa,7,1,103.84615384615384,103.84615384615384,103.84615384615384,,,evidência insuficiente,1,1,1.0,1,103.84615384615384,,,24.0
median_across_captures,Mediana entre capturas,original,Valores originais,preco_por_hospede,Preço anunciado por hóspede comportado,sem capacidades positivas suspeitas,tabuleiro dos oliveiras|casa|7 quartos,Tabuleiro dos Oliveiras · casa · 7 quartos,Tabuleiro dos Oliveiras,casa,7,1,103.84615384615384,103.84615384615384,103.84615384615384,,,evidência insuficiente,1,1,1.0,1,103.84615384615384,,,24.0
median_across_captures,Mediana entre capturas,original,Valores originais,preco_por_hospede,Preço anunciado por hóspede comportado,todas as capacidades positivas,centro|apartamento|3 quartos,Centro · apartamento · 3 quartos,Centro,apartamento,3,45,101.4375,83.0,125.0,92.83333333333333,112.5,principal,41,4,0.08888888888888889,1,101.4375,101.4375,101.4375,25.0
median_across_captures,Mediana entre capturas,original,Valores originais,preco_por_hospede,Preço anunciado por hóspede comportado,sem capacidades positivas suspeitas,centro|apartamento|3 quartos,Centro · apartamento · 3 quartos,Centro,apartamento,3,45,101.4375,83.0,125.0,95.83333333333333,112.5,principal,41,4,0.08888888888888889,1,101.4375,101.4375,101.4375,25.0
median_across_captures,Mediana entre capturas,original,Valores originais,preco_por_hospede,Preço anunciado por hóspede comportado,todas as capacidades positivas,leopoldo zarling|casa|1 quarto,Leopoldo Zarling · casa · 1 quarto,Leopoldo Zarling,casa,1,1,100.0,100.0,100.0,,,evidência insuficiente,1,1,1.0,1,100.0,,,26.0
median_across_captures,Mediana entre capturas,original,Valores originais,preco_por_hospede,Preço anunciado por hóspede comportado,todas as capacidades positivas,centro|apartamento|2 quartos,Centro · apartamento · 2 quartos,Centro,apartamento,2,65,100.0,70.0,141.42857142857142,70.0,121.16666666666667,principal,41,20,0.3076923076923077,1,80.83333333333333,80.0,80.0,26.0
median_across_captures,Mediana entre capturas,original,Valores originais,preco_por_hospede,Preço anunciado por hóspede comportado,todas as capacidades positivas,canto da praia|casa|3 quartos,Canto da Praia · casa · 3 quartos,Canto da Praia,casa,3,2,100.0,100.0,100.0,,,evidência insuficiente,2,1,0.5,2,100.0,100.0,100.0,26.0
median_across_captures,Mediana entre capturas,original,Valores originais,preco_por_hospede,Preço anunciado por hóspede comportado,todas as capacidades positivas,sertaozinho|casa|2 quartos,Sertaozinho · casa · 2 quartos,Sertaozinho,casa,2,1,100.0,100.0,100.0,,,evidência insuficiente,1,1,1.0,1,100.0,,,26.0
median_across_captures,Mediana entre capturas,original,Valores originais,preco_por_hospede,Preço anunciado por hóspede comportado,todas as capacidades positivas,varzea|casa|3 quartos,Varzea · casa · 3 quartos,Varzea,casa,3,1,100.0,100.0,100.0,,,evidência insuficiente,1,1,1.0,1,100.0,,,26.0
median_across_captures,Mediana entre capturas,original,Valores originais,preco_por_hospede,Preço anunciado por hóspede comportado,sem capacidades positivas suspeitas,leopoldo zarling|casa|1 quarto,Leopoldo Zarling · casa · 1 quarto,Leopoldo Zarling,casa,1,1,100.0,100.0,100.0,,,evidência insuficiente,1,1,1.0,1,100.0,,,26.0
median_across_captures,Mediana entre capturas,original,Valores originais,preco_por_hospede,Preço anunciado por hóspede comportado,sem capacidades positivas suspeitas,centro|apartamento|2 quartos,Centro · apartamento · 2 quartos,Centro,apartamento,2,65,100.0,70.0,141.42857142857142,72.0,121.16666666666667,principal,41,20,0.3076923076923077,1,80.83333333333333,80.0,80.0,26.0
median_across_captures,Mediana entre capturas,original,Valores originais,preco_por_hospede,Preço anunciado por hóspede comportado,sem capacidades positivas suspeitas,canto da praia|casa|3 quartos,Canto da Praia · casa · 3 quartos,Canto da Praia,casa,3,2,100.0,100.0,100.0,,,evidência insuficiente,2,1,0.5,2,100.0,100.0,100.0,26.0
median_across_captures,Mediana entre capturas,original,Valores originais,preco_por_hospede,Preço anunciado por hóspede comportado,sem capacidades positivas suspeitas,sertaozinho|casa|2 quartos,Sertaozinho · casa · 2 quartos,Sertaozinho,casa,2,1,100.0,100.0,100.0,,,evidência insuficiente,1,1,1.0,1,100.0,,,26.0
median_across_captures,Mediana entre capturas,original,Valores originais,preco_por_hospede,Preço anunciado por hóspede comportado,sem capacidades positivas suspeitas,varzea|casa|3 quartos,Varzea · casa · 3 quartos,Varzea,casa,3,1,100.0,100.0,100.0,,,evidência insuficiente,1,1,1.0,1,100.0,,,26.0
median_across_captures,Mediana entre capturas,original,Valores originais,preco_por_hospede,Preço anunciado por hóspede comportado,todas as capacidades positivas,centro|apartamento|4 quartos,Centro · apartamento · 4 quartos,Centro,apartamento,4,4,99.375,83.4375,113.57142857142857,,,evidência insuficiente,4,1,0.25,4,99.375,98.75,100.0,31.0
median_across_captures,Mediana entre capturas,original,Valores originais,preco_por_hospede,Preço anunciado por hóspede comportado,sem capacidades positivas suspeitas,centro|apartamento|4 quartos,Centro · apartamento · 4 quartos,Centro,apartamento,4,4,99.375,83.4375,113.57142857142857,,,evidência insuficiente,4,1,0.25,4,99.375,98.75,100.0,31.0
median_across_captures,Mediana entre capturas,original,Valores originais,preco_por_hospede,Preço anunciado por hóspede comportado,todas as capacidades positivas,ilhota|casa|4 quartos,Ilhota · casa · 4 quartos,Ilhota,casa,4,1,97.5,97.5,97.5,,,evidência insuficiente,1,1,1.0,1,97.5,,,32.0
median_across_captures,Mediana entre capturas,original,Valores originais,preco_por_hospede,Preço anunciado por hóspede comportado,sem capacidades positivas suspeitas,ilhota|casa|4 quartos,Ilhota · casa · 4 quartos,Ilhota,casa,4,1,97.5,97.5,97.5,,,evidência insuficiente,1,1,1.0,1,97.5,,,32.0
median_across_captures,Mediana entre capturas,original,Valores originais,preco_por_hospede,Preço anunciado por hóspede comportado,todas as capacidades positivas,meia praia|apartamento|3 quartos,Meia Praia · apartamento · 3 quartos,Meia Praia,apartamento,3,327,90.0,66.66666666666667,115.0,85.71428571428571,95.875,principal,275,12,0.03669724770642202,2,89.0909090909091,89.0909090909091,90.42857142857143,33.0
median_across_captures,Mediana entre capturas,original,Valores originais,preco_por_hospede,Preço anunciado por hóspede comportado,sem capacidades positivas suspeitas,meia praia|apartamento|3 quartos,Meia Praia · apartamento · 3 quartos,Meia Praia,apartamento,3,326,89.9375,66.66666666666667,115.0,86.41964285714286,96.0,principal,274,12,0.03680981595092025,2,89.07670454545455,89.07670454545455,90.35491071428572,33.0
median_across_captures,Mediana entre capturas,original,Valores originais,preco_por_hospede,Preço anunciado por hóspede comportado,todas as capacidades positivas,morretes|apartamento|2 quartos,Morretes · apartamento · 2 quartos,Morretes,apartamento,2,51,89.2,61.66666666666667,125.0,70.0,101.875,principal,40,7,0.13725490196078433,1,85.75,83.66666666666666,83.66666666666666,34.0
median_across_captures,Mediana entre capturas,original,Valores originais,preco_por_hospede,Preço anunciado por hóspede comportado,sem capacidades positivas suspeitas,morretes|apartamento|2 quartos,Morretes · apartamento · 2 quartos,Morretes,apartamento,2,51,89.2,61.66666666666667,125.0,70.0,101.875,principal,40,7,0.13725490196078433,1,85.75,83.66666666666666,83.66666666666666,34.0
median_across_captures,Mediana entre capturas,original,Valores originais,preco_por_hospede,Preço anunciado por hóspede comportado,sem capacidades positivas suspeitas,morretes|apartamento|3 quartos,Morretes · apartamento · 3 quartos,Morretes,apartamento,3,9,87.5,65.0,124.125,61.42857142857143,130.375,evidência insuficiente,9,1,0.1111111111111111,9,87.5,85.41666666666666,90.41666666666666,35.0
median_across_captures,Mediana entre capturas,original,Valores originais,preco_por_hospede,Preço anunciado por hóspede comportado,todas as capacidades positivas,meia praia|apartamento|0 quartos,Meia Praia · apartamento · 0 quartos,Meia Praia,apartamento,0,8,87.29166666666666,68.4625,101.875,41.35,122.5,evidência insuficiente,8,1,0.125,8,87.29166666666666,81.25,93.33333333333333,35.0
median_across_captures,Mediana entre capturas,original,Valores originais,preco_por_hospede,Preço anunciado por hóspede comportado,sem capacidades positivas suspeitas,meia praia|apartamento|0 quartos,Meia Praia · apartamento · 0 quartos,Meia Praia,apartamento,0,8,87.29166666666666,68.4625,101.875,41.35,122.5,evidência insuficiente,8,1,0.125,8,87.29166666666666,81.25,93.33333333333333,36.0
median_across_captures,Mediana entre capturas,original,Valores originais,preco_por_hospede,Preço anunciado por hóspede comportado,todas as capacidades positivas,ilhota|apartamento|1 quarto,Ilhota · apartamento · 1 quarto,Ilhota,apartamento,1,2,86.375,85.8125,86.9375,,,evidência insuficiente,1,2,1.0,1,86.375,,,36.0
median_across_captures,Mediana entre capturas,original,Valores originais,preco_por_hospede,Preço anunciado por hóspede comportado,sem capacidades positivas suspeitas,ilhota|apartamento|1 quarto,Ilhota · apartamento · 1 quarto,Ilhota,apartamento,1,2,86.375,85.8125,86.9375,,,evidência insuficiente,1,2,1.0,1,86.375,,,37.0
median_across_captures,Mediana entre capturas,original,Valores originais,preco_por_hospede,Preço anunciado por hóspede comportado,todas as capacidades positivas,morretes|apartamento|3 quartos,Morretes · apartamento · 3 quartos,Morretes,apartamento,3,10,85.41666666666666,62.32142857142857,116.42708333333333,59.375,124.125,exploratório,10,1,0.1,10,85.41666666666666,83.33333333333333,87.5,37.0
median_across_captures,Mediana entre capturas,original,Valores originais,preco_por_hospede,Preço anunciado por hóspede comportado,todas as capacidades positivas,morretes|apartamento|4 quartos,Morretes · apartamento · 4 quartos,Morretes,apartamento,4,3,83.33333333333333,72.29166666666666,135.41666666666666,,,evidência insuficiente,3,1,0.3333333333333333,3,83.33333333333333,72.29166666666666,135.41666666666666,38.0
median_across_captures,Mediana entre capturas,original,Valores originais,preco_por_hospede,Preço anunciado por hóspede comportado,sem capacidades positivas suspeitas,tabuleiro dos oliveiras|apartamento|2 quartos,Tabuleiro dos Oliveiras · apartamento · 2 quartos,Tabuleiro dos Oliveiras,apartamento,2,11,83.33333333333333,68.33333333333334,121.15625,66.66666666666667,122.5,exploratório,10,2,0.18181818181818182,1,81.36666666666667,79.4,79.4,38.0
median_across_captures,Mediana entre capturas,original,Valores originais,preco_por_hospede,Preço anunciado por hóspede comportado,sem capacidades positivas suspeitas,morretes|apartamento|4 quartos,Morretes · apartamento · 4 quartos,Morretes,apartamento,4,3,83.33333333333333,72.29166666666666,135.41666666666666,,,evidência insuficiente,3,1,0.3333333333333333,3,83.33333333333333,72.29166666666666,135.41666666666666,38.0
median_across_captures,Mediana entre capturas,original,Valores originais,preco_por_hospede,Preço anunciado por hóspede comportado,todas as capacidades positivas,tabuleiro dos oliveiras|apartamento|2 quartos,Tabuleiro dos Oliveiras · apartamento · 2 quartos,Tabuleiro dos Oliveiras,apartamento,2,12,81.36666666666667,64.58333333333334,118.984375,58.333333333333336,116.8125,exploratório,11,2,0.16666666666666666,1,79.4,74.7,74.7,39.0
median_across_captures,Mediana entre capturas,original,Valores originais,preco_por_hospede,Preço anunciado por hóspede comportado,todas as capacidades positivas,meia praia|casa|7 quartos,Meia Praia · casa · 7 quartos,Meia Praia,casa,7,1,81.25,81.25,81.25,,,evidência insuficiente,1,1,1.0,1,81.25,,,40.0
median_across_captures,Mediana entre capturas,original,Valores originais,preco_por_hospede,Preço anunciado por hóspede comportado,sem capacidades positivas suspeitas,meia praia|casa|7 quartos,Meia Praia · casa · 7 quartos,Meia Praia,casa,7,1,81.25,81.25,81.25,,,evidência insuficiente,1,1,1.0,1,81.25,,,40.0
median_across_captures,Mediana entre capturas,original,Valores originais,preco_por_hospede,Preço anunciado por hóspede comportado,todas as capacidades positivas,centro|casa|3 quartos,Centro · casa · 3 quartos,Centro,casa,3,2,80.55555555555556,65.27777777777777,95.83333333333334,,,evidência insuficiente,2,1,0.5,2,80.55555555555556,50.0,111.11111111111111,41.0
median_across_captures,Mediana entre capturas,original,Valores originais,preco_por_hospede,Preço anunciado por hóspede comportado,sem capacidades positivas suspeitas,centro|casa|3 quartos,Centro · casa · 3 quartos,Centro,casa,3,2,80.55555555555556,65.27777777777777,95.83333333333334,,,evidência insuficiente,2,1,0.5,2,80.55555555555556,50.0,111.11111111111111,41.0
median_across_captures,Mediana entre capturas,original,Valores originais,preco_por_hospede,Preço anunciado por hóspede comportado,todas as capacidades positivas,alto sao bento|apartamento|1 quarto,Alto Sao Bento · apartamento · 1 quarto,Alto Sao Bento,apartamento,1,2,80.0,75.0,85.0,,,evidência insuficiente,2,1,0.5,2,80.0,70.0,90.0,42.0
median_across_captures,Mediana entre capturas,original,Valores originais,preco_por_hospede,Preço anunciado por hóspede comportado,sem capacidades positivas suspeitas,alto sao bento|apartamento|1 quarto,Alto Sao Bento · apartamento · 1 quarto,Alto Sao Bento,apartamento,1,2,80.0,75.0,85.0,,,evidência insuficiente,2,1,0.5,2,80.0,70.0,90.0,42.0
median_across_captures,Mediana entre capturas,original,Valores originais,preco_por_hospede,Preço anunciado por hóspede comportado,todas as capacidades positivas,meia praia|apartamento|2 quartos,Meia Praia · apartamento · 2 quartos,Meia Praia,apartamento,2,187,78.0,63.66666666666667,100.9,71.42857142857143,84.48035714285712,principal,163,7,0.0374331550802139,1,78.0,78.0,78.0,43.0
median_across_captures,Mediana entre capturas,original,Valores originais,preco_por_hospede,Preço anunciado por hóspede comportado,sem capacidades positivas suspeitas,meia praia|apartamento|2 quartos,Meia Praia · apartamento · 2 quartos,Meia Praia,apartamento,2,187,78.0,63.66666666666667,100.9,71.66666666666667,87.5,principal,163,7,0.0374331550802139,1,78.0,78.0,78.0,43.0
median_across_captures,Mediana entre capturas,original,Valores originais,preco_por_hospede,Preço anunciado por hóspede comportado,todas as capacidades positivas,varzea|casa|1 quarto,Varzea · casa · 1 quarto,Varzea,casa,1,3,74.5,60.375,93.5,,,evidência insuficiente,3,1,0.3333333333333333,3,74.5,60.375,93.5,44.0
median_across_captures,Mediana entre capturas,original,Valores originais,preco_por_hospede,Preço anunciado por hóspede comportado,sem capacidades positivas suspeitas,varzea|casa|1 quarto,Varzea · casa · 1 quarto,Varzea,casa,1,3,74.5,60.375,93.5,,,evidência insuficiente,3,1,0.3333333333333333,3,74.5,60.375,93.5,44.0
median_across_captures,Mediana entre capturas,original,Valores originais,preco_por_hospede,Preço anunciado por hóspede comportado,todas as capacidades positivas,ilhota|casa|3 quartos,Ilhota · casa · 3 quartos,Ilhota,casa,3,2,74.375,67.8125,80.9375,,,evidência insuficiente,2,1,0.5,2,74.375,61.25,87.5,45.0
median_across_captures,Mediana entre capturas,original,Valores originais,preco_por_hospede,Preço anunciado por hóspede comportado,sem capacidades positivas suspeitas,ilhota|casa|3 quartos,Ilhota · casa · 3 quartos,Ilhota,casa,3,2,74.375,67.8125,80.9375,,,evidência insuficiente,2,1,0.5,2,74.375,61.25,87.5,45.0
median_across_captures,Mediana entre capturas,original,Valores originais,preco_por_hospede,Preço anunciado por hóspede comportado,todas as capacidades positivas,casa branca|apartamento|2 quartos,Casa Branca · apartamento · 2 quartos,Casa Branca,apartamento,2,11,74.0,63.65,98.33333333333334,57.5,116.66666666666667,exploratório,10,2,0.18181818181818182,1,74.45,74.0,74.0,46.0
median_across_captures,Mediana entre capturas,original,Valores originais,preco_por_hospede,Preço anunciado por hóspede comportado,sem capacidades positivas suspeitas,casa branca|apartamento|2 quartos,Casa Branca · apartamento · 2 quartos,Casa Branca,apartamento,2,11,74.0,63.65,98.33333333333334,57.5,116.66666666666667,exploratório,10,2,0.18181818181818182,1,74.45,74.0,74.0,46.0
median_across_captures,Mediana entre capturas,original,Valores originais,preco_por_hospede,Preço anunciado por hóspede comportado,todas as capacidades positivas,centro|apartamento|5 quartos,Centro · apartamento · 5 quartos,Centro,apartamento,5,1,70.83333333333333,70.83333333333333,70.83333333333333,,,evidência insuficiente,1,1,1.0,1,70.83333333333333,,,47.0
median_across_captures,Mediana entre capturas,original,Valores originais,preco_por_hospede,Preço anunciado por hóspede comportado,sem capacidades positivas suspeitas,centro|apartamento|5 quartos,Centro · apartamento · 5 quartos,Centro,apartamento,5,1,70.83333333333333,70.83333333333333,70.83333333333333,,,evidência insuficiente,1,1,1.0,1,70.83333333333333,,,47.0
median_across_captures,Mediana entre capturas,original,Valores originais,preco_por_hospede,Preço anunciado por hóspede comportado,todas as capacidades positivas,centro|casa|1 quarto,Centro · casa · 1 quarto,Centro,casa,1,1,70.75,70.75,70.75,,,evidência insuficiente,1,1,1.0,1,70.75,,,48.0
median_across_captures,Mediana entre capturas,original,Valores originais,preco_por_hospede,Preço anunciado por hóspede comportado,sem capacidades positivas suspeitas,centro|casa|1 quarto,Centro · casa · 1 quarto,Centro,casa,1,1,70.75,70.75,70.75,,,evidência insuficiente,1,1,1.0,1,70.75,,,48.0
median_across_captures,Mediana entre capturas,original,Valores originais,preco_por_hospede,Preço anunciado por hóspede comportado,todas as capacidades positivas,meia praia|casa|4 quartos,Meia Praia · casa · 4 quartos,Meia Praia,casa,4,2,67.3076923076923,58.65384615384615,75.96153846153845,,,evidência insuficiente,2,1,0.5,2,67.3076923076923,50.0,84.61538461538461,49.0
median_across_captures,Mediana entre capturas,original,Valores originais,preco_por_hospede,Preço anunciado por hóspede comportado,sem capacidades positivas suspeitas,meia praia|casa|4 quartos,Meia Praia · casa · 4 quartos,Meia Praia,casa,4,2,67.3076923076923,58.65384615384615,75.96153846153845,,,evidência insuficiente,2,1,0.5,2,67.3076923076923,50.0,84.61538461538461,49.0
median_across_captures,Mediana entre capturas,original,Valores originais,preco_por_hospede,Preço anunciado por hóspede comportado,todas as capacidades positivas,casa branca|apartamento|3 quartos,Casa Branca · apartamento · 3 quartos,Casa Branca,apartamento,3,2,67.16666666666666,59.08333333333333,75.25,,,evidência insuficiente,2,1,0.5,2,67.16666666666666,51.0,83.33333333333333,50.0
median_across_captures,Mediana entre capturas,original,Valores originais,preco_por_hospede,Preço anunciado por hóspede comportado,sem capacidades positivas suspeitas,casa branca|apartamento|3 quartos,Casa Branca · apartamento · 3 quartos,Casa Branca,apartamento,3,2,67.16666666666666,59.08333333333333,75.25,,,evidência insuficiente,2,1,0.5,2,67.16666666666666,51.0,83.33333333333333,50.0
median_across_captures,Mediana entre capturas,original,Valores originais,preco_por_hospede,Preço anunciado por hóspede comportado,todas as capacidades positivas,sertao do trombudo|casa|4 quartos,Sertao do Trombudo · casa · 4 quartos,Sertao do Trombudo,casa,4,1,66.66666666666667,66.66666666666667,66.66666666666667,,,evidência insuficiente,1,1,1.0,1,66.66666666666667,,,51.0
median_across_captures,Mediana entre capturas,original,Valores originais,preco_por_hospede,Preço anunciado por hóspede comportado,sem capacidades positivas suspeitas,sertao do trombudo|casa|4 quartos,Sertao do Trombudo · casa · 4 quartos,Sertao do Trombudo,casa,4,1,66.66666666666667,66.66666666666667,66.66666666666667,,,evidência insuficiente,1,1,1.0,1,66.66666666666667,,,51.0
median_across_captures,Mediana entre capturas,original,Valores originais,preco_por_hospede,Preço anunciado por hóspede comportado,todas as capacidades positivas,meia praia|casa|1 quarto,Meia Praia · casa · 1 quarto,Meia Praia,casa,1,1,65.0,65.0,65.0,,,evidência insuficiente,1,1,1.0,1,65.0,,,52.0
median_across_captures,Mediana entre capturas,original,Valores originais,preco_por_hospede,Preço anunciado por hóspede comportado,sem capacidades positivas suspeitas,meia praia|casa|1 quarto,Meia Praia · casa · 1 quarto,Meia Praia,casa,1,1,65.0,65.0,65.0,,,evidência insuficiente,1,1,1.0,1,65.0,,,52.0
median_across_captures,Mediana entre capturas,original,Valores originais,preco_por_hospede,Preço anunciado por hóspede comportado,todas as capacidades positivas,morretes|casa|4 quartos,Morretes · casa · 4 quartos,Morretes,casa,4,2,63.541666666666664,53.64583333333333,73.4375,,,evidência insuficiente,2,1,0.5,2,63.541666666666664,43.75,83.33333333333333,53.0
median_across_captures,Mediana entre capturas,original,Valores originais,preco_por_hospede,Preço anunciado por hóspede comportado,sem capacidades positivas suspeitas,morretes|casa|4 quartos,Morretes · casa · 4 quartos,Morretes,casa,4,2,63.541666666666664,53.64583333333333,73.4375,,,evidência insuficiente,2,1,0.5,2,63.541666666666664,43.75,83.33333333333333,53.0
median_across_captures,Mediana entre capturas,original,Valores originais,preco_por_hospede,Preço anunciado por hóspede comportado,todas as capacidades positivas,meia praia|casa|3 quartos,Meia Praia · casa · 3 quartos,Meia Praia,casa,3,5,63.333333333333336,50.0,72.22222222222223,50.0,85.71428571428571,evidência insuficiente,5,1,0.2,5,63.333333333333336,56.66666666666667,67.77777777777779,54.0
median_across_captures,Mediana entre capturas,original,Valores originais,preco_por_hospede,Preço anunciado por hóspede comportado,sem capacidades positivas suspeitas,meia praia|casa|3 quartos,Meia Praia · casa · 3 quartos,Meia Praia,casa,3,5,63.333333333333336,50.0,72.22222222222223,50.0,85.71428571428571,evidência insuficiente,5,1,0.2,5,63.333333333333336,56.66666666666667,67.77777777777779,54.0
median_across_captures,Mediana entre capturas,original,Valores originais,preco_por_hospede,Preço anunciado por hóspede comportado,todas as capacidades positivas,ilhota|apartamento|3 quartos,Ilhota · apartamento · 3 quartos,Ilhota,apartamento,3,1,62.5,62.5,62.5,,,evidência insuficiente,1,1,1.0,1,62.5,,,55.0
median_across_captures,Mediana entre capturas,original,Valores originais,preco_por_hospede,Preço anunciado por hóspede comportado,todas as capacidades positivas,sertaozinho|casa|3 quartos,Sertaozinho · casa · 3 quartos,Sertaozinho,casa,3,1,62.5,62.5,62.5,,,evidência insuficiente,1,1,1.0,1,62.5,,,55.0
median_across_captures,Mediana entre capturas,original,Valores originais,preco_por_hospede,Preço anunciado por hóspede comportado,sem capacidades positivas suspeitas,ilhota|apartamento|3 quartos,Ilhota · apartamento · 3 quartos,Ilhota,apartamento,3,1,62.5,62.5,62.5,,,evidência insuficiente,1,1,1.0,1,62.5,,,55.0
median_across_captures,Mediana entre capturas,original,Valores originais,preco_por_hospede,Preço anunciado por hóspede comportado,sem capacidades positivas suspeitas,sertaozinho|casa|3 quartos,Sertaozinho · casa · 3 quartos,Sertaozinho,casa,3,1,62.5,62.5,62.5,,,evidência insuficiente,1,1,1.0,1,62.5,,,55.0
median_across_captures,Mediana entre capturas,original,Valores originais,preco_por_hospede,Preço anunciado por hóspede comportado,sem capacidades positivas suspeitas,meia praia|casa|2 quartos,Meia Praia · casa · 2 quartos,Meia Praia,casa,2,2,62.375,56.1875,68.5625,,,evidência insuficiente,2,1,0.5,2,62.375,50.0,74.75,57.0
median_across_captures,Mediana entre capturas,original,Valores originais,preco_por_hospede,Preço anunciado por hóspede comportado,todas as capacidades positivas,centro|casa|2 quartos,Centro · casa · 2 quartos,Centro,casa,2,2,60.4,55.2,65.6,,,evidência insuficiente,2,1,0.5,2,60.4,50.0,70.8,57.0
median_across_captures,Mediana entre capturas,original,Valores originais,preco_por_hospede,Preço anunciado por hóspede comportado,sem capacidades positivas suspeitas,centro|casa|2 quartos,Centro · casa · 2 quartos,Centro,casa,2,2,60.4,55.2,65.6,,,evidência insuficiente,2,1,0.5,2,60.4,50.0,70.8,58.0
median_across_captures,Mediana entre capturas,original,Valores originais,preco_por_hospede,Preço anunciado por hóspede comportado,todas as capacidades positivas,morretes|casa|2 quartos,Morretes · casa · 2 quartos,Morretes,casa,2,9,60.0,50.0,99.75,32.81818181818182,100.0,evidência insuficiente,8,2,0.2222222222222222,1,70.0234375,80.046875,80.046875,58.0
median_across_captures,Mediana entre capturas,original,Valores originais,preco_por_hospede,Preço anunciado por hóspede comportado,sem capacidades positivas suspeitas,morretes|casa|2 quartos,Morretes · casa · 2 quartos,Morretes,casa,2,9,60.0,50.0,99.75,32.81818181818182,99.875,evidência insuficiente,8,2,0.2222222222222222,1,70.0234375,80.046875,80.046875,59.0
median_across_captures,Mediana entre capturas,original,Valores originais,preco_por_hospede,Preço anunciado por hóspede comportado,todas as capacidades positivas,meia praia|casa|2 quartos,Meia Praia · casa · 2 quartos,Meia Praia,casa,2,3,50.0,38.9375,62.375,,,evidência insuficiente,3,1,0.3333333333333333,3,50.0,38.9375,62.375,59.0
median_across_captures,Mediana entre capturas,original,Valores originais,preco_por_hospede,Preço anunciado por hóspede comportado,todas as capacidades positivas,jardim praiamar|casa|1 quarto,Jardim Praiamar · casa · 1 quarto,Jardim Praiamar,casa,1,1,50.0,50.0,50.0,,,evidência insuficiente,1,1,1.0,1,50.0,,,59.0
median_across_captures,Mediana entre capturas,original,Valores originais,preco_por_hospede,Preço anunciado por hóspede comportado,todas as capacidades positivas,morretes|casa|3 quartos,Morretes · casa · 3 quartos,Morretes,casa,3,1,50.0,50.0,50.0,,,evidência insuficiente,1,1,1.0,1,50.0,,,59.0
median_across_captures,Mediana entre capturas,original,Valores originais,preco_por_hospede,Preço anunciado por hóspede comportado,sem capacidades positivas suspeitas,jardim praiamar|casa|1 quarto,Jardim Praiamar · casa · 1 quarto,Jardim Praiamar,casa,1,1,50.0,50.0,50.0,,,evidência insuficiente,1,1,1.0,1,50.0,,,60.0
median_across_captures,Mediana entre capturas,original,Valores originais,preco_por_hospede,Preço anunciado por hóspede comportado,sem capacidades positivas suspeitas,morretes|casa|3 quartos,Morretes · casa · 3 quartos,Morretes,casa,3,1,50.0,50.0,50.0,,,evidência insuficiente,1,1,1.0,1,50.0,,,60.0
median_across_captures,Mediana entre capturas,original,Valores originais,preco_por_hospede,Preço anunciado por hóspede comportado,todas as capacidades positivas,alto sao bento|apartamento|2 quartos,Alto Sao Bento · apartamento · 2 quartos,Alto Sao Bento,apartamento,2,1,49.75,49.75,49.75,,,evidência insuficiente,1,1,1.0,1,49.75,,,62.0
median_across_captures,Mediana entre capturas,original,Valores originais,preco_por_hospede,Preço anunciado por hóspede comportado,sem capacidades positivas suspeitas,alto sao bento|apartamento|2 quartos,Alto Sao Bento · apartamento · 2 quartos,Alto Sao Bento,apartamento,2,1,49.75,49.75,49.75,,,evidência insuficiente,1,1,1.0,1,49.75,,,62.0
median_across_captures,Mediana entre capturas,original,Valores originais,preco_por_hospede,Preço anunciado por hóspede comportado,todas as capacidades positivas,ilhota|casa|2 quartos,Ilhota · casa · 2 quartos,Ilhota,casa,2,2,38.5,36.75,40.25,,,evidência insuficiente,2,1,0.5,2,38.5,35.0,42.0,63.0
median_across_captures,Mediana entre capturas,original,Valores originais,preco_por_hospede,Preço anunciado por hóspede comportado,sem capacidades positivas suspeitas,ilhota|casa|2 quartos,Ilhota · casa · 2 quartos,Ilhota,casa,2,2,38.5,36.75,40.25,,,evidência insuficiente,2,1,0.5,2,38.5,35.0,42.0,63.0
median_across_captures,Mediana entre capturas,original,Valores originais,preco_por_hospede,Preço anunciado por hóspede comportado,todas as capacidades positivas,canto da praia|apartamento|3 quartos,Canto da Praia · apartamento · 3 quartos,Canto da Praia,apartamento,3,1,37.5,37.5,37.5,,,evidência insuficiente,1,1,1.0,1,37.5,,,64.0
median_across_captures,Mediana entre capturas,original,Valores originais,preco_por_hospede,Preço anunciado por hóspede comportado,sem capacidades positivas suspeitas,canto da praia|apartamento|3 quartos,Canto da Praia · apartamento · 3 quartos,Canto da Praia,apartamento,3,1,37.5,37.5,37.5,,,evidência insuficiente,1,1,1.0,1,37.5,,,64.0
median_across_captures,Mediana entre capturas,original,Valores originais,preco_por_quarto,Preço anunciado por quarto,não aplicável,canto da praia|casa|4 quartos,Canto da Praia · casa · 4 quartos,Canto da Praia,casa,4,1,975.0,975.0,975.0,,,evidência insuficiente,1,1,1.0,1,975.0,,,1.0
median_across_captures,Mediana entre capturas,original,Valores originais,preco_por_quarto,Preço anunciado por quarto,não aplicável,canto da praia|casa|1 quarto,Canto da Praia · casa · 1 quarto,Canto da Praia,casa,1,1,793.0,793.0,793.0,,,evidência insuficiente,1,1,1.0,1,793.0,,,2.0
median_across_captures,Mediana entre capturas,original,Valores originais,preco_por_quarto,Preço anunciado por quarto,não aplicável,desconhecido|casa|1 quarto,Desconhecido · casa · 1 quarto,Desconhecido,casa,1,3,709.0,649.5,754.5,,,evidência insuficiente,3,1,0.3333333333333333,3,709.0,649.5,754.5,3.0
median_across_captures,Mediana entre capturas,original,Valores originais,preco_por_quarto,Preço anunciado por quarto,não aplicável,areal|casa|1 quarto,Areal · casa · 1 quarto,Areal,casa,1,1,556.0,556.0,556.0,,,evidência insuficiente,1,1,1.0,1,556.0,,,4.0
median_across_captures,Mediana entre capturas,original,Valores originais,preco_por_quarto,Preço anunciado por quarto,não aplicável,centro|apartamento|1 quarto,Centro · apartamento · 1 quarto,Centro,apartamento,1,78,448.0,375.03125,606.25,425.0,499.5,principal,20,54,0.6923076923076923,1,443.0,450.0,450.0,5.0
median_across_captures,Mediana entre capturas,original,Valores originais,preco_por_quarto,Preço anunciado por quarto,não aplicável,meia praia|apartamento|1 quarto,Meia Praia · apartamento · 1 quarto,Meia Praia,apartamento,1,20,441.0,377.500005,523.25,380.0,545.0,exploratório,16,3,0.15,1,401.0,400.0,400.0,6.0
median_across_captures,Mediana entre capturas,original,Valores originais,preco_por_quarto,Preço anunciado por quarto,não aplicável,sertaozinho|casa|6 quartos,Sertaozinho · casa · 6 quartos,Sertaozinho,casa,6,2,430.20833333333337,353.6458333333333,506.77083333333337,,,evidência insuficiente,2,1,0.5,2,430.20833333333337,277.0833333333333,583.3333333333334,7.0
median_across_captures,Mediana entre capturas,original,Valores originais,preco_por_quarto,Preço anunciado por quarto,não aplicável,tabuleiro dos oliveiras|casa|4 quartos,Tabuleiro dos Oliveiras · casa · 4 quartos,Tabuleiro dos Oliveiras,casa,4,1,425.0,425.0,425.0,,,evidência insuficiente,1,1,1.0,1,425.0,,,8.0
median_across_captures,Mediana entre capturas,original,Valores originais,preco_por_quarto,Preço anunciado por quarto,não aplicável,morretes|apartamento|1 quarto,Morretes · apartamento · 1 quarto,Morretes,apartamento,1,4,415.0,306.25,491.25,,,evidência insuficiente,4,1,0.25,4,415.0,350.0,480.0,9.0
median_across_captures,Mediana entre capturas,original,Valores originais,preco_por_quarto,Preço anunciado por quarto,não aplicável,alto sao bento|casa|1 quarto,Alto Sao Bento · casa · 1 quarto,Alto Sao Bento,casa,1,1,400.0,400.0,400.0,,,evidência insuficiente,1,1,1.0,1,400.0,,,10.0
median_across_captures,Mediana entre capturas,original,Valores originais,preco_por_quarto,Preço anunciado por quarto,não aplicável,sertao do trombudo|casa|1 quarto,Sertao do Trombudo · casa · 1 quarto,Sertao do Trombudo,casa,1,2,380.0,375.0,385.0,,,evidência insuficiente,1,2,1.0,1,380.0,,,11.0
median_across_captures,Mediana entre capturas,original,Valores originais,preco_por_quarto,Preço anunciado por quarto,não aplicável,meia praia|apartamento|5 quartos,Meia Praia · apartamento · 5 quartos,Meia Praia,apartamento,5,5,379.4,290.0,420.0,180.0,460.0,evidência insuficiente,5,1,0.2,5,379.4,334.7,399.7,12.0
median_across_captures,Mediana entre capturas,original,Valores originais,preco_por_quarto,Preço anunciado por quarto,não aplicável,varzea|casa|5 quartos,Varzea · casa · 5 quartos,Varzea,casa,5,1,350.0,350.0,350.0,,,evidência insuficiente,1,1,1.0,1,350.0,,,13.0
median_across_captures,Mediana entre capturas,original,Valores originais,preco_por_quarto,Preço anunciado por quarto,não aplicável,ilhota|apartamento|1 quarto,Ilhota · apartamento · 1 quarto,Ilhota,apartamento,1,2,345.5,343.25,347.75,,,evidência insuficiente,1,2,1.0,1,345.5,,,14.0
median_across_captures,Mediana entre capturas,original,Valores originais,preco_por_quarto,Preço anunciado por quarto,não aplicável,centro|casa|4 quartos,Centro · casa · 4 quartos,Centro,casa,4,4,337.5,243.75,450.0,,,evidência insuficiente,4,1,0.25,4,337.5,250.0,425.0,15.0
median_across_captures,Mediana entre capturas,original,Valores originais,preco_por_quarto,Preço anunciado por quarto,não aplicável,centro|apartamento|2 quartos,Centro · apartamento · 2 quartos,Centro,apartamento,2,65,300.0,185.0,381.458325,194.875,346.5,principal,41,20,0.3076923076923077,1,240.0,224.5,224.5,16.0
median_across_captures,Mediana entre capturas,original,Valores originais,preco_por_quarto,Preço anunciado por quarto,não aplicável,ilhota|apartamento|2 quartos,Ilhota · apartamento · 2 quartos,Ilhota,apartamento,2,2,293.75,293.125,294.375,,,evidência insuficiente,2,1,0.5,2,293.75,292.5,295.0,17.0
median_across_captures,Mediana entre capturas,original,Valores originais,preco_por_quarto,Preço anunciado por quarto,não aplicável,centro|casa|1 quarto,Centro · casa · 1 quarto,Centro,casa,1,1,283.0,283.0,283.0,,,evidência insuficiente,1,1,1.0,1,283.0,,,18.0
median_across_captures,Mediana entre capturas,original,Valores originais,preco_por_quarto,Preço anunciado por quarto,não aplicável,morretes|casa|1 quarto,Morretes · casa · 1 quarto,Morretes,casa,1,2,282.0,237.5,326.5,,,evidência insuficiente,2,1,0.5,2,282.0,193.0,371.0,19.0
median_across_captures,Mediana entre capturas,original,Valores originais,preco_por_quarto,Preço anunciado por quarto,não aplicável,tabuleiro dos oliveiras|apartamento|4 quartos,Tabuleiro dos Oliveiras · apartamento · 4 quartos,Tabuleiro dos Oliveiras,apartamento,4,1,275.0,275.0,275.0,,,evidência insuficiente,1,1,1.0,1,275.0,,,20.0
median_across_captures,Mediana entre capturas,original,Valores originais,preco_por_quarto,Preço anunciado por quarto,não aplicável,sertaozinho|casa|1 quarto,Sertaozinho · casa · 1 quarto,Sertaozinho,casa,1,2,274.5,227.25,321.75,,,evidência insuficiente,2,1,0.5,2,274.5,180.0,369.0,21.0
median_across_captures,Mediana entre capturas,original,Valores originais,preco_por_quarto,Preço anunciado por quarto,não aplicável,casa branca|casa|1 quarto,Casa Branca · casa · 1 quarto,Casa Branca,casa,1,2,274.5,261.75,287.25,,,evidência insuficiente,2,1,0.5,2,274.5,249.0,300.0,21.0
median_across_captures,Mediana entre capturas,original,Valores originais,preco_por_quarto,Preço anunciado por quarto,não aplicável,meia praia|apartamento|4 quartos,Meia Praia · apartamento · 4 quartos,Meia Praia,apartamento,4,60,268.75,209.375,418.6875,224.75,372.0,principal,55,2,0.03333333333333333,5,262.5,256.125,287.5,23.0
median_across_captures,Mediana entre capturas,original,Valores originais,preco_por_quarto,Preço anunciado por quarto,não aplicável,centro|apartamento|3 quartos,Centro · apartamento · 3 quartos,Centro,apartamento,3,45,260.0,174.33333333333334,300.0,216.66666666666666,274.1875,principal,41,4,0.08888888888888889,1,260.0,260.0,260.0,24.0
median_across_captures,Mediana entre capturas,original,Valores originais,preco_por_quarto,Preço anunciado por quarto,não aplicável,canto da praia|apartamento|2 quartos,Canto da Praia · apartamento · 2 quartos,Canto da Praia,apartamento,2,4,254.5,247.375,281.625,,,evidência insuficiente,4,1,0.25,4,254.5,250.0,259.0,25.0
median_across_captures,Mediana entre capturas,original,Valores originais,preco_por_quarto,Preço anunciado por quarto,não aplicável,morretes|apartamento|4 quartos,Morretes · apartamento · 4 quartos,Morretes,apartamento,4,3,250.0,186.25,312.5,,,evidência insuficiente,3,1,0.3333333333333333,3,250.0,186.25,312.5,26.0
median_across_captures,Mediana entre capturas,original,Valores originais,preco_por_quarto,Preço anunciado por quarto,não aplicável,sertaozinho|casa|2 quartos,Sertaozinho · casa · 2 quartos,Sertaozinho,casa,2,1,250.0,250.0,250.0,,,evidência insuficiente,1,1,1.0,1,250.0,,,26.0
median_across_captures,Mediana entre capturas,original,Valores originais,preco_por_quarto,Preço anunciado por quarto,não aplicável,sertao do trombudo|casa|4 quartos,Sertao do Trombudo · casa · 4 quartos,Sertao do Trombudo,casa,4,1,250.0,250.0,250.0,,,evidência insuficiente,1,1,1.0,1,250.0,,,26.0
median_across_captures,Mediana entre capturas,original,Valores originais,preco_por_quarto,Preço anunciado por quarto,não aplicável,ilhota|casa|4 quartos,Ilhota · casa · 4 quartos,Ilhota,casa,4,1,243.75,243.75,243.75,,,evidência insuficiente,1,1,1.0,1,243.75,,,29.0
median_across_captures,Mediana entre capturas,original,Valores originais,preco_por_quarto,Preço anunciado por quarto,não aplicável,morretes|apartamento|2 quartos,Morretes · apartamento · 2 quartos,Morretes,apartamento,2,51,235.0,175.0,297.5625,192.5,275.0,principal,40,7,0.13725490196078433,1,231.3125,206.875,206.875,30.0
median_across_captures,Mediana entre capturas,original,Valores originais,preco_por_quarto,Preço anunciado por quarto,não aplicável,canto da praia|casa|3 quartos,Canto da Praia · casa · 3 quartos,Canto da Praia,casa,3,2,233.33333333333334,216.66666666666669,250.0,,,evidência insuficiente,2,1,0.5,2,233.33333333333334,200.0,266.6666666666667,31.0
median_across_captures,Mediana entre capturas,original,Valores originais,preco_por_quarto,Preço anunciado por quarto,não aplicável,varzea|casa|3 quartos,Varzea · casa · 3 quartos,Varzea,casa,3,1,233.33333333333334,233.33333333333334,233.33333333333334,,,evidência insuficiente,1,1,1.0,1,233.33333333333334,,,31.0
median_across_captures,Mediana entre capturas,original,Valores originais,preco_por_quarto,Preço anunciado por quarto,não aplicável,alto sao bento|apartamento|1 quarto,Alto Sao Bento · apartamento · 1 quarto,Alto Sao Bento,apartamento,1,2,230.0,205.0,255.0,,,evidência insuficiente,2,1,0.5,2,230.0,180.0,280.0,33.0
median_across_captures,Mediana entre capturas,original,Valores originais,preco_por_quarto,Preço anunciado por quarto,não aplicável,meia praia|apartamento|3 quartos,Meia Praia · apartamento · 3 quartos,Meia Praia,apartamento,3,327,227.55555,166.66666666666666,283.3333333333333,216.33333333333331,233.33333333333334,principal,275,12,0.03669724770642202,2,225.0,230.0,230.0,34.0
median_across_captures,Mediana entre capturas,original,Valores originais,preco_por_quarto,Preço anunciado por quarto,não aplicável,meia praia|apartamento|2 quartos,Meia Praia · apartamento · 2 quartos,Meia Praia,apartamento,2,187,225.0,186.25,295.0,212.59375,250.0,principal,163,7,0.0374331550802139,1,225.0,225.0,225.0,35.0
median_across_captures,Mediana entre capturas,original,Valores originais,preco_por_quarto,Preço anunciado por quarto,não aplicável,tabuleiro dos oliveiras|apartamento|2 quartos,Tabuleiro dos Oliveiras · apartamento · 2 quartos,Tabuleiro dos Oliveiras,apartamento,2,12,225.0,175.0,330.375,175.0,325.0,exploratório,11,2,0.16666666666666666,1,200.0,199.25,199.25,35.0
median_across_captures,Mediana entre capturas,original,Valores originais,preco_por_quarto,Preço anunciado por quarto,não aplicável,centro|casa|3 quartos,Centro · casa · 3 quartos,Centro,casa,3,2,225.0,170.83333333333331,279.16666666666663,,,evidência insuficiente,2,1,0.5,2,225.0,116.66666666666667,333.3333333333333,35.0
median_across_captures,Mediana entre capturas,original,Valores originais,preco_por_quarto,Preço anunciado por quarto,não aplicável,meia praia|casa|2 quartos,Meia Praia · casa · 2 quartos,Meia Praia,casa,2,3,223.0,186.25,236.5,,,evidência insuficiente,3,1,0.3333333333333333,3,223.0,186.25,236.5,38.0
median_across_captures,Mediana entre capturas,original,Valores originais,preco_por_quarto,Preço anunciado por quarto,não aplicável,morretes|apartamento|3 quartos,Morretes · apartamento · 3 quartos,Morretes,apartamento,3,10,216.66666666666666,171.66666666666666,306.5833333333333,165.0,331.0,exploratório,10,1,0.1,10,216.66666666666666,216.66666666666666,216.66666666666666,39.0
median_across_captures,Mediana entre capturas,original,Valores originais,preco_por_quarto,Preço anunciado por quarto,não aplicável,tabuleiro dos oliveiras|apartamento|3 quartos,Tabuleiro dos Oliveiras · apartamento · 3 quartos,Tabuleiro dos Oliveiras,apartamento,3,4,213.33333333333334,185.0,224.16666666666669,,,evidência insuficiente,4,1,0.25,4,213.33333333333334,203.33333333333334,223.33333333333334,40.0
median_across_captures,Mediana entre capturas,original,Valores originais,preco_por_quarto,Preço anunciado por quarto,não aplicável,morretes|casa|4 quartos,Morretes · casa · 4 quartos,Morretes,casa,4,2,212.5,193.75,231.25,,,evidência insuficiente,2,1,0.5,2,212.5,175.0,250.0,41.0
median_across_captures,Mediana entre capturas,original,Valores originais,preco_por_quarto,Preço anunciado por quarto,não aplicável,alto sao bento|casa|12 quartos,Alto Sao Bento · casa · 12 quartos,Alto Sao Bento,casa,12,1,208.33333333333334,208.33333333333334,208.33333333333334,,,evidência insuficiente,1,1,1.0,1,208.33333333333334,,,42.0
median_across_captures,Mediana entre capturas,original,Valores originais,preco_por_quarto,Preço anunciado por quarto,não aplicável,leopoldo zarling|casa|1 quarto,Leopoldo Zarling · casa · 1 quarto,Leopoldo Zarling,casa,1,1,200.0,200.0,200.0,,,evidência insuficiente,1,1,1.0,1,200.0,,,43.0
median_across_captures,Mediana entre capturas,original,Valores originais,preco_por_quarto,Preço anunciado por quarto,não aplicável,meia praia|casa|4 quartos,Meia Praia · casa · 4 quartos,Meia Praia,casa,4,2,200.0,162.5,237.5,,,evidência insuficiente,2,1,0.5,2,200.0,125.0,275.0,43.0
median_across_captures,Mediana entre capturas,original,Valores originais,preco_por_quarto,Preço anunciado por quarto,não aplicável,jardim praiamar|casa|1 quarto,Jardim Praiamar · casa · 1 quarto,Jardim Praiamar,casa,1,1,200.0,200.0,200.0,,,evidência insuficiente,1,1,1.0,1,200.0,,,43.0
median_across_captures,Mediana entre capturas,original,Valores originais,preco_por_quarto,Preço anunciado por quarto,não aplicável,ilhota|casa|3 quartos,Ilhota · casa · 3 quartos,Ilhota,casa,3,2,198.33333333333334,180.83333333333334,215.83333333333334,,,evidência insuficiente,2,1,0.5,2,198.33333333333334,163.33333333333334,233.33333333333334,46.0
median_across_captures,Mediana entre capturas,original,Valores originais,preco_por_quarto,Preço anunciado por quarto,não aplicável,meia praia|casa|1 quarto,Meia Praia · casa · 1 quarto,Meia Praia,casa,1,1,195.0,195.0,195.0,,,evidência insuficiente,1,1,1.0,1,195.0,,,47.0
median_across_captures,Mediana entre capturas,original,Valores originais,preco_por_quarto,Preço anunciado por quarto,não aplicável,tabuleiro dos oliveiras|casa|7 quartos,Tabuleiro dos Oliveiras · casa · 7 quartos,Tabuleiro dos Oliveiras,casa,7,1,192.85714285714286,192.85714285714286,192.85714285714286,,,evidência insuficiente,1,1,1.0,1,192.85714285714286,,,48.0
median_across_captures,Mediana entre capturas,original,Valores originais,preco_por_quarto,Preço anunciado por quarto,não aplicável,centro|apartamento|4 quartos,Centro · apartamento · 4 quartos,Centro,apartamento,4,4,186.25,159.375,215.625,,,evidência insuficiente,4,1,0.25,4,186.25,175.0,197.5,49.0
median_across_captures,Mediana entre capturas,original,Valores originais,preco_por_quarto,Preço anunciado por quarto,não aplicável,meia praia|casa|7 quartos,Meia Praia · casa · 7 quartos,Meia Praia,casa,7,1,185.71428571428572,185.71428571428572,185.71428571428572,,,evidência insuficiente,1,1,1.0,1,185.71428571428572,,,50.0
median_across_captures,Mediana entre capturas,original,Valores originais,preco_por_quarto,Preço anunciado por quarto,não aplicável,varzea|casa|1 quarto,Varzea · casa · 1 quarto,Varzea,casa,1,3,185.0,167.0,317.5,,,evidência insuficiente,3,1,0.3333333333333333,3,185.0,167.0,317.5,51.0
median_across_captures,Mediana entre capturas,original,Valores originais,preco_por_quarto,Preço anunciado por quarto,não aplicável,morretes|casa|2 quartos,Morretes · casa · 2 quartos,Morretes,casa,2,9,180.5,160.09375,203.0,150.0,400.0,evidência insuficiente,8,2,0.2222222222222222,1,188.25,199.5,199.5,52.0
median_across_captures,Mediana entre capturas,original,Valores originais,preco_por_quarto,Preço anunciado por quarto,não aplicável,casa branca|apartamento|2 quartos,Casa Branca · apartamento · 2 quartos,Casa Branca,apartamento,2,11,175.0,148.75,192.5,140.0,200.0,exploratório,10,2,0.18181818181818182,1,175.0,175.0,175.0,53.0
median_across_captures,Mediana entre capturas,original,Valores originais,preco_por_quarto,Preço anunciado por quarto,não aplicável,centro|apartamento|5 quartos,Centro · apartamento · 5 quartos,Centro,apartamento,5,1,170.0,170.0,170.0,,,evidência insuficiente,1,1,1.0,1,170.0,,,54.0
median_across_captures,Mediana entre capturas,original,Valores originais,preco_por_quarto,Preço anunciado por quarto,não aplicável,ilhota|apartamento|3 quartos,Ilhota · apartamento · 3 quartos,Ilhota,apartamento,3,1,166.66666666666666,166.66666666666666,166.66666666666666,,,evidência insuficiente,1,1,1.0,1,166.66666666666666,,,55.0
median_across_captures,Mediana entre capturas,original,Valores originais,preco_por_quarto,Preço anunciado por quarto,não aplicável,sertaozinho|casa|3 quartos,Sertaozinho · casa · 3 quartos,Sertaozinho,casa,3,1,166.66666666666666,166.66666666666666,166.66666666666666,,,evidência insuficiente,1,1,1.0,1,166.66666666666666,,,55.0
median_across_captures,Mediana entre capturas,original,Valores originais,preco_por_quarto,Preço anunciado por quarto,não aplicável,morretes|casa|3 quartos,Morretes · casa · 3 quartos,Morretes,casa,3,1,166.66666666666666,166.66666666666666,166.66666666666666,,,evidência insuficiente,1,1,1.0,1,166.66666666666666,,,55.0
median_across_captures,Mediana entre capturas,original,Valores originais,preco_por_quarto,Preço anunciado por quarto,não aplicável,centro|casa|2 quartos,Centro · casa · 2 quartos,Centro,casa,2,2,151.0,138.0,164.0,,,evidência insuficiente,2,1,0.5,2,151.0,125.0,177.0,58.0
median_across_captures,Mediana entre capturas,original,Valores originais,preco_por_quarto,Preço anunciado por quarto,não aplicável,meia praia|casa|3 quartos,Meia Praia · casa · 3 quartos,Meia Praia,casa,3,5,150.0,133.33333333333334,200.0,126.66666666666667,216.66666666666666,evidência insuficiente,5,1,0.2,5,150.0,141.66666666666669,175.0,59.0
median_across_captures,Mediana entre capturas,original,Valores originais,preco_por_quarto,Preço anunciado por quarto,não aplicável,ilhota|casa|2 quartos,Ilhota · casa · 2 quartos,Ilhota,casa,2,2,140.0,122.5,157.5,,,evidência insuficiente,2,1,0.5,2,140.0,105.0,175.0,60.0
median_across_captures,Mediana entre capturas,original,Valores originais,preco_por_quarto,Preço anunciado por quarto,não aplicável,casa branca|apartamento|3 quartos,Casa Branca · apartamento · 3 quartos,Casa Branca,apartamento,3,2,134.33333333333331,118.16666666666666,150.5,,,evidência insuficiente,2,1,0.5,2,134.33333333333331,102.0,166.66666666666666,61.0
median_across_captures,Mediana entre capturas,original,Valores originais,preco_por_quarto,Preço anunciado por quarto,não aplicável,canto da praia|apartamento|3 quartos,Canto da Praia · apartamento · 3 quartos,Canto da Praia,apartamento,3,1,100.0,100.0,100.0,,,evidência insuficiente,1,1,1.0,1,100.0,,,62.0
median_across_captures,Mediana entre capturas,original,Valores originais,preco_por_quarto,Preço anunciado por quarto,não aplicável,alto sao bento|apartamento|2 quartos,Alto Sao Bento · apartamento · 2 quartos,Alto Sao Bento,apartamento,2,1,99.5,99.5,99.5,,,evidência insuficiente,1,1,1.0,1,99.5,,,63.0
median_across_captures,Mediana entre capturas,original,Valores originais,preco_total,Preço anunciado total,não aplicável,canto da praia|casa|4 quartos,Canto da Praia · casa · 4 quartos,Canto da Praia,casa,4,1,3900.0,3900.0,3900.0,,,evidência insuficiente,1,1,1.0,1,3900.0,,,1.0
median_across_captures,Mediana entre capturas,original,Valores originais,preco_total,Preço anunciado total,não aplicável,sertaozinho|casa|6 quartos,Sertaozinho · casa · 6 quartos,Sertaozinho,casa,6,2,2581.25,2121.875,3040.625,,,evidência insuficiente,2,1,0.5,2,2581.25,1662.5,3500.0,2.0
median_across_captures,Mediana entre capturas,original,Valores originais,preco_total,Preço anunciado total,não aplicável,alto sao bento|casa|12 quartos,Alto Sao Bento · casa · 12 quartos,Alto Sao Bento,casa,12,1,2500.0,2500.0,2500.0,,,evidência insuficiente,1,1,1.0,1,2500.0,,,3.0
median_across_captures,Mediana entre capturas,original,Valores originais,preco_total,Preço anunciado total,não aplicável,meia praia|apartamento|5 quartos,Meia Praia · apartamento · 5 quartos,Meia Praia,apartamento,5,5,1897.0,1450.0,2100.0,900.0,2300.0,evidência insuficiente,5,1,0.2,5,1897.0,1673.5,1998.5,4.0
median_across_captures,Mediana entre capturas,original,Valores originais,preco_total,Preço anunciado total,não aplicável,varzea|casa|5 quartos,Varzea · casa · 5 quartos,Varzea,casa,5,1,1750.0,1750.0,1750.0,,,evidência insuficiente,1,1,1.0,1,1750.0,,,5.0
median_across_captures,Mediana entre capturas,original,Valores originais,preco_total,Preço anunciado total,não aplicável,tabuleiro dos oliveiras|casa|4 quartos,Tabuleiro dos Oliveiras · casa · 4 quartos,Tabuleiro dos Oliveiras,casa,4,1,1700.0,1700.0,1700.0,,,evidência insuficiente,1,1,1.0,1,1700.0,,,6.0
median_across_captures,Mediana entre capturas,original,Valores originais,preco_total,Preço anunciado total,não aplicável,centro|casa|4 quartos,Centro · casa · 4 quartos,Centro,casa,4,4,1350.0,975.0,1800.0,,,evidência insuficiente,4,1,0.25,4,1350.0,1000.0,1700.0,7.0
median_across_captures,Mediana entre capturas,original,Valores originais,preco_total,Preço anunciado total,não aplicável,tabuleiro dos oliveiras|casa|7 quartos,Tabuleiro dos Oliveiras · casa · 7 quartos,Tabuleiro dos Oliveiras,casa,7,1,1350.0,1350.0,1350.0,,,evidência insuficiente,1,1,1.0,1,1350.0,,,7.0
median_across_captures,Mediana entre capturas,original,Valores originais,preco_total,Preço anunciado total,não aplicável,meia praia|casa|7 quartos,Meia Praia · casa · 7 quartos,Meia Praia,casa,7,1,1300.0,1300.0,1300.0,,,evidência insuficiente,1,1,1.0,1,1300.0,,,9.0
median_across_captures,Mediana entre capturas,original,Valores originais,preco_total,Preço anunciado total,não aplicável,tabuleiro dos oliveiras|apartamento|4 quartos,Tabuleiro dos Oliveiras · apartamento · 4 quartos,Tabuleiro dos Oliveiras,apartamento,4,1,1100.0,1100.0,1100.0,,,evidência insuficiente,1,1,1.0,1,1100.0,,,10.0
median_across_captures,Mediana entre capturas,original,Valores originais,preco_total,Preço anunciado total,não aplicável,meia praia|apartamento|4 quartos,Meia Praia · apartamento · 4 quartos,Meia Praia,apartamento,4,60,1075.0,837.5,1674.75,899.0,1488.0,principal,55,2,0.03333333333333333,5,1050.0,1024.5,1150.0,11.0
median_across_captures,Mediana entre capturas,original,Valores originais,preco_total,Preço anunciado total,não aplicável,morretes|apartamento|4 quartos,Morretes · apartamento · 4 quartos,Morretes,apartamento,4,3,1000.0,745.0,1250.0,,,evidência insuficiente,3,1,0.3333333333333333,3,1000.0,745.0,1250.0,12.0
median_across_captures,Mediana entre capturas,original,Valores originais,preco_total,Preço anunciado total,não aplicável,sertao do trombudo|casa|4 quartos,Sertao do Trombudo · casa · 4 quartos,Sertao do Trombudo,casa,4,1,1000.0,1000.0,1000.0,,,evidência insuficiente,1,1,1.0,1,1000.0,,,12.0
median_across_captures,Mediana entre capturas,original,Valores originais,preco_total,Preço anunciado total,não aplicável,ilhota|casa|4 quartos,Ilhota · casa · 4 quartos,Ilhota,casa,4,1,975.0,975.0,975.0,,,evidência insuficiente,1,1,1.0,1,975.0,,,14.0
median_across_captures,Mediana entre capturas,original,Valores originais,preco_total,Preço anunciado total,não aplicável,morretes|casa|4 quartos,Morretes · casa · 4 quartos,Morretes,casa,4,2,850.0,775.0,925.0,,,evidência insuficiente,2,1,0.5,2,850.0,700.0,1000.0,15.0
median_across_captures,Mediana entre capturas,original,Valores originais,preco_total,Preço anunciado total,não aplicável,centro|apartamento|5 quartos,Centro · apartamento · 5 quartos,Centro,apartamento,5,1,850.0,850.0,850.0,,,evidência insuficiente,1,1,1.0,1,850.0,,,15.0
median_across_captures,Mediana entre capturas,original,Valores originais,preco_total,Preço anunciado total,não aplicável,meia praia|casa|4 quartos,Meia Praia · casa · 4 quartos,Meia Praia,casa,4,2,800.0,650.0,950.0,,,evidência insuficiente,2,1,0.5,2,800.0,500.0,1100.0,17.0
median_across_captures,Mediana entre capturas,original,Valores originais,preco_total,Preço anunciado total,não aplicável,canto da praia|casa|1 quarto,Canto da Praia · casa · 1 quarto,Canto da Praia,casa,1,1,793.0,793.0,793.0,,,evidência insuficiente,1,1,1.0,1,793.0,,,18.0
median_across_captures,Mediana entre capturas,original,Valores originais,preco_total,Preço anunciado total,não aplicável,centro|apartamento|3 quartos,Centro · apartamento · 3 quartos,Centro,apartamento,3,45,780.0,523.0,900.0,650.0,811.7749999999997,principal,41,4,0.08888888888888889,1,780.0,780.0,780.0,19.0
median_across_captures,Mediana entre capturas,original,Valores originais,preco_total,Preço anunciado total,não aplicável,centro|apartamento|4 quartos,Centro · apartamento · 4 quartos,Centro,apartamento,4,4,745.0,637.5,862.5,,,evidência insuficiente,4,1,0.25,4,745.0,700.0,790.0,20.0
median_across_captures,Mediana entre capturas,original,Valores originais,preco_total,Preço anunciado total,não aplicável,desconhecido|casa|1 quarto,Desconhecido · casa · 1 quarto,Desconhecido,casa,1,3,709.0,649.5,754.5,,,evidência insuficiente,3,1,0.3333333333333333,3,709.0,649.5,754.5,21.0
median_across_captures,Mediana entre capturas,original,Valores originais,preco_total,Preço anunciado total,não aplicável,canto da praia|casa|3 quartos,Canto da Praia · casa · 3 quartos,Canto da Praia,casa,3,2,700.0,650.0,750.0,,,evidência insuficiente,2,1,0.5,2,700.0,600.0,800.0,22.0
median_across_captures,Mediana entre capturas,original,Valores originais,preco_total,Preço anunciado total,não aplicável,varzea|casa|3 quartos,Varzea · casa · 3 quartos,Varzea,casa,3,1,700.0,700.0,700.0,,,evidência insuficiente,1,1,1.0,1,700.0,,,22.0
median_across_captures,Mediana entre capturas,original,Valores originais,preco_total,Preço anunciado total,não aplicável,meia praia|apartamento|3 quartos,Meia Praia · apartamento · 3 quartos,Meia Praia,apartamento,3,327,682.66665,500.0,850.0,650.0,700.0,principal,275,12,0.03669724770642202,2,675.0,690.0,690.0,24.0
median_across_captures,Mediana entre capturas,original,Valores originais,preco_total,Preço anunciado total,não aplicável,centro|casa|3 quartos,Centro · casa · 3 quartos,Centro,casa,3,2,675.0,512.5,837.5,,,evidência insuficiente,2,1,0.5,2,675.0,350.0,1000.0,25.0
median_across_captures,Mediana entre capturas,original,Valores originais,preco_total,Preço anunciado total,não aplicável,morretes|apartamento|3 quartos,Morretes · apartamento · 3 quartos,Morretes,apartamento,3,10,650.0,515.0,919.75,495.0,1018.0,exploratório,10,1,0.1,10,650.0,650.0,650.0,26.0
median_across_captures,Mediana entre capturas,original,Valores originais,preco_total,Preço anunciado total,não aplicável,tabuleiro dos oliveiras|apartamento|3 quartos,Tabuleiro dos Oliveiras · apartamento · 3 quartos,Tabuleiro dos Oliveiras,apartamento,3,4,640.0,555.0,672.5,,,evidência insuficiente,4,1,0.25,4,640.0,610.0,670.0,27.0
median_across_captures,Mediana entre capturas,original,Valores originais,preco_total,Preço anunciado total,não aplicável,centro|apartamento|2 quartos,Centro · apartamento · 2 quartos,Centro,apartamento,2,65,600.0,370.0,762.91665,379.875,693.0,principal,41,20,0.3076923076923077,1,480.0,449.0,449.0,28.0
median_across_captures,Mediana entre capturas,original,Valores originais,preco_total,Preço anunciado total,não aplicável,ilhota|casa|3 quartos,Ilhota · casa · 3 quartos,Ilhota,casa,3,2,595.0,542.5,647.5,,,evidência insuficiente,2,1,0.5,2,595.0,490.0,700.0,29.0
median_across_captures,Mediana entre capturas,original,Valores originais,preco_total,Preço anunciado total,não aplicável,ilhota|apartamento|2 quartos,Ilhota · apartamento · 2 quartos,Ilhota,apartamento,2,2,587.5,586.25,588.75,,,evidência insuficiente,2,1,0.5,2,587.5,585.0,590.0,30.0
median_across_captures,Mediana entre capturas,original,Valores originais,preco_total,Preço anunciado total,não aplicável,areal|casa|1 quarto,Areal · casa · 1 quarto,Areal,casa,1,1,556.0,556.0,556.0,,,evidência insuficiente,1,1,1.0,1,556.0,,,31.0
median_across_captures,Mediana entre capturas,original,Valores originais,preco_total,Preço anunciado total,não aplicável,canto da praia|apartamento|2 quartos,Canto da Praia · apartamento · 2 quartos,Canto da Praia,apartamento,2,4,509.0,494.75,563.25,,,evidência insuficiente,4,1,0.25,4,509.0,500.0,518.0,32.0
median_across_captures,Mediana entre capturas,original,Valores originais,preco_total,Preço anunciado total,não aplicável,sertaozinho|casa|2 quartos,Sertaozinho · casa · 2 quartos,Sertaozinho,casa,2,1,500.0,500.0,500.0,,,evidência insuficiente,1,1,1.0,1,500.0,,,33.0
median_across_captures,Mediana entre capturas,original,Valores originais,preco_total,Preço anunciado total,não aplicável,ilhota|apartamento|3 quartos,Ilhota · apartamento · 3 quartos,Ilhota,apartamento,3,1,500.0,500.0,500.0,,,evidência insuficiente,1,1,1.0,1,500.0,,,33.0
median_across_captures,Mediana entre capturas,original,Valores originais,preco_total,Preço anunciado total,não aplicável,sertaozinho|casa|3 quartos,Sertaozinho · casa · 3 quartos,Sertaozinho,casa,3,1,500.0,500.0,500.0,,,evidência insuficiente,1,1,1.0,1,500.0,,,33.0
median_across_captures,Mediana entre capturas,original,Valores originais,preco_total,Preço anunciado total,não aplicável,morretes|casa|3 quartos,Morretes · casa · 3 quartos,Morretes,casa,3,1,500.0,500.0,500.0,,,evidência insuficiente,1,1,1.0,1,500.0,,,33.0
median_across_captures,Mediana entre capturas,original,Valores originais,preco_total,Preço anunciado total,não aplicável,morretes|apartamento|2 quartos,Morretes · apartamento · 2 quartos,Morretes,apartamento,2,51,470.0,350.0,595.125,385.0,560.0,principal,40,7,0.13725490196078433,1,462.625,413.75,413.75,37.0
median_across_captures,Mediana entre capturas,original,Valores originais,preco_total,Preço anunciado total,não aplicável,meia praia|apartamento|2 quartos,Meia Praia · apartamento · 2 quartos,Meia Praia,apartamento,2,187,450.0,372.5,590.0,415.5,500.0,principal,163,7,0.0374331550802139,1,450.0,450.0,450.0,38.0
median_across_captures,Mediana entre capturas,original,Valores originais,preco_total,Preço anunciado total,não aplicável,tabuleiro dos oliveiras|apartamento|2 quartos,Tabuleiro dos Oliveiras · apartamento · 2 quartos,Tabuleiro dos Oliveiras,apartamento,2,12,450.0,350.0,660.75,350.0,650.0,exploratório,11,2,0.16666666666666666,1,400.0,398.5,398.5,38.0
median_across_captures,Mediana entre capturas,original,Valores originais,preco_total,Preço anunciado total,não aplicável,meia praia|casa|3 quartos,Meia Praia · casa · 3 quartos,Meia Praia,casa,3,5,450.0,400.0,600.0,380.0,650.0,evidência insuficiente,5,1,0.2,5,450.0,425.0,525.0,38.0
median_across_captures,Mediana entre capturas,original,Valores originais,preco_total,Preço anunciado total,não aplicável,centro|apartamento|1 quarto,Centro · apartamento · 1 quarto,Centro,apartamento,1,78,448.0,375.03125,606.25,420.0,499.0,principal,20,54,0.6923076923076923,1,443.0,450.0,450.0,41.0
median_across_captures,Mediana entre capturas,original,Valores originais,preco_total,Preço anunciado total,não aplicável,meia praia|casa|2 quartos,Meia Praia · casa · 2 quartos,Meia Praia,casa,2,3,446.0,372.5,473.0,,,evidência insuficiente,3,1,0.3333333333333333,3,446.0,372.5,473.0,42.0
median_across_captures,Mediana entre capturas,original,Valores originais,preco_total,Preço anunciado total,não aplicável,meia praia|apartamento|1 quarto,Meia Praia · apartamento · 1 quarto,Meia Praia,apartamento,1,20,441.0,377.500005,523.25,380.0,522.6999999999998,exploratório,16,3,0.15,1,401.0,400.0,400.0,43.0
median_across_captures,Mediana entre capturas,original,Valores originais,preco_total,Preço anunciado total,não aplicável,meia praia|apartamento|0 quartos,Meia Praia · apartamento · 0 quartos,Meia Praia,apartamento,0,8,435.0,325.6,552.5,310.0,555.0,evidência insuficiente,8,1,0.125,8,435.0,380.0,490.0,44.0
median_across_captures,Mediana entre capturas,original,Valores originais,preco_total,Preço anunciado total,não aplicável,morretes|apartamento|1 quarto,Morretes · apartamento · 1 quarto,Morretes,apartamento,1,4,415.0,306.25,491.25,,,evidência insuficiente,4,1,0.25,4,415.0,350.0,480.0,45.0
median_across_captures,Mediana entre capturas,original,Valores originais,preco_total,Preço anunciado total,não aplicável,casa branca|apartamento|3 quartos,Casa Branca · apartamento · 3 quartos,Casa Branca,apartamento,3,2,403.0,354.5,451.5,,,evidência insuficiente,2,1,0.5,2,403.0,306.0,500.0,46.0
median_across_captures,Mediana entre capturas,original,Valores originais,preco_total,Preço anunciado total,não aplicável,alto sao bento|casa|1 quarto,Alto Sao Bento · casa · 1 quarto,Alto Sao Bento,casa,1,1,400.0,400.0,400.0,,,evidência insuficiente,1,1,1.0,1,400.0,,,47.0
median_across_captures,Mediana entre capturas,original,Valores originais,preco_total,Preço anunciado total,não aplicável,sertao do trombudo|casa|1 quarto,Sertao do Trombudo · casa · 1 quarto,Sertao do Trombudo,casa,1,2,380.0,375.0,385.0,,,evidência insuficiente,1,2,1.0,1,380.0,,,48.0
median_across_captures,Mediana entre capturas,original,Valores originais,preco_total,Preço anunciado total,não aplicável,morretes|casa|2 quartos,Morretes · casa · 2 quartos,Morretes,casa,2,9,361.0,320.1875,406.0,310.09375,800.0,evidência insuficiente,8,2,0.2222222222222222,1,376.5,399.0,399.0,49.0
median_across_captures,Mediana entre capturas,original,Valores originais,preco_total,Preço anunciado total,não aplicável,casa branca|apartamento|2 quartos,Casa Branca · apartamento · 2 quartos,Casa Branca,apartamento,2,11,350.0,297.5,385.0,280.0,400.06249999999994,exploratório,10,2,0.18181818181818182,1,350.0,350.0,350.0,50.0
median_across_captures,Mediana entre capturas,original,Valores originais,preco_total,Preço anunciado total,não aplicável,ilhota|apartamento|1 quarto,Ilhota · apartamento · 1 quarto,Ilhota,apartamento,1,2,345.5,343.25,347.75,,,evidência insuficiente,1,2,1.0,1,345.5,,,51.0
median_across_captures,Mediana entre capturas,original,Valores originais,preco_total,Preço anunciado total,não aplicável,centro|casa|2 quartos,Centro · casa · 2 quartos,Centro,casa,2,2,302.0,276.0,328.0,,,evidência insuficiente,2,1,0.5,2,302.0,250.0,354.0,52.0
median_across_captures,Mediana entre capturas,original,Valores originais,preco_total,Preço anunciado total,não aplicável,canto da praia|apartamento|3 quartos,Canto da Praia · apartamento · 3 quartos,Canto da Praia,apartamento,3,1,300.0,300.0,300.0,,,evidência insuficiente,1,1,1.0,1,300.0,,,53.0
median_across_captures,Mediana entre capturas,original,Valores originais,preco_total,Preço anunciado total,não aplicável,centro|casa|1 quarto,Centro · casa · 1 quarto,Centro,casa,1,1,283.0,283.0,283.0,,,evidência insuficiente,1,1,1.0,1,283.0,,,54.0
median_across_captures,Mediana entre capturas,original,Valores originais,preco_total,Preço anunciado total,não aplicável,morretes|casa|1 quarto,Morretes · casa · 1 quarto,Morretes,casa,1,2,282.0,237.5,326.5,,,evidência insuficiente,2,1,0.5,2,282.0,193.0,371.0,55.0
median_across_captures,Mediana entre capturas,original,Valores originais,preco_total,Preço anunciado total,não aplicável,ilhota|casa|2 quartos,Ilhota · casa · 2 quartos,Ilhota,casa,2,2,280.0,245.0,315.0,,,evidência insuficiente,2,1,0.5,2,280.0,210.0,350.0,56.0
median_across_captures,Mediana entre capturas,original,Valores originais,preco_total,Preço anunciado total,não aplicável,sertaozinho|casa|1 quarto,Sertaozinho · casa · 1 quarto,Sertaozinho,casa,1,2,274.5,227.25,321.75,,,evidência insuficiente,2,1,0.5,2,274.5,180.0,369.0,57.0
median_across_captures,Mediana entre capturas,original,Valores originais,preco_total,Preço anunciado total,não aplicável,casa branca|casa|1 quarto,Casa Branca · casa · 1 quarto,Casa Branca,casa,1,2,274.5,261.75,287.25,,,evidência insuficiente,2,1,0.5,2,274.5,249.0,300.0,57.0
median_across_captures,Mediana entre capturas,original,Valores originais,preco_total,Preço anunciado total,não aplicável,alto sao bento|apartamento|1 quarto,Alto Sao Bento · apartamento · 1 quarto,Alto Sao Bento,apartamento,1,2,230.0,205.0,255.0,,,evidência insuficiente,2,1,0.5,2,230.0,180.0,280.0,59.0
median_across_captures,Mediana entre capturas,original,Valores originais,preco_total,Preço anunciado total,não aplicável,leopoldo zarling|casa|1 quarto,Leopoldo Zarling · casa · 1 quarto,Leopoldo Zarling,casa,1,1,200.0,200.0,200.0,,,evidência insuficiente,1,1,1.0,1,200.0,,,60.0
median_across_captures,Mediana entre capturas,original,Valores originais,preco_total,Preço anunciado total,não aplicável,jardim praiamar|casa|1 quarto,Jardim Praiamar · casa · 1 quarto,Jardim Praiamar,casa,1,1,200.0,200.0,200.0,,,evidência insuficiente,1,1,1.0,1,200.0,,,60.0
median_across_captures,Mediana entre capturas,original,Valores originais,preco_total,Preço anunciado total,não aplicável,alto sao bento|apartamento|2 quartos,Alto Sao Bento · apartamento · 2 quartos,Alto Sao Bento,apartamento,2,1,199.0,199.0,199.0,,,evidência insuficiente,1,1,1.0,1,199.0,,,62.0
median_across_captures,Mediana entre capturas,original,Valores originais,preco_total,Preço anunciado total,não aplicável,meia praia|casa|1 quarto,Meia Praia · casa · 1 quarto,Meia Praia,casa,1,1,195.0,195.0,195.0,,,evidência insuficiente,1,1,1.0,1,195.0,,,63.0
median_across_captures,Mediana entre capturas,original,Valores originais,preco_total,Preço anunciado total,não aplicável,varzea|casa|1 quarto,Varzea · casa · 1 quarto,Varzea,casa,1,3,185.0,167.0,317.5,,,evidência insuficiente,3,1,0.3333333333333333,3,185.0,167.0,317.5,64.0
snapshot_2025_01_20,Captura de 20/01,exclude_affected_listings,Sem os três imóveis afetados,preco_por_hospede,Preço anunciado por hóspede comportado,todas as capacidades positivas,areal|casa|1 quarto,Areal · casa · 1 quarto,Areal,casa,1,1,278.0,278.0,278.0,,,evidência insuficiente,1,1,1.0,1,278.0,,,1.0
snapshot_2025_01_20,Captura de 20/01,exclude_affected_listings,Sem os três imóveis afetados,preco_por_hospede,Preço anunciado por hóspede comportado,sem capacidades positivas suspeitas,areal|casa|1 quarto,Areal · casa · 1 quarto,Areal,casa,1,1,278.0,278.0,278.0,,,evidência insuficiente,1,1,1.0,1,278.0,,,1.0
snapshot_2025_01_20,Captura de 20/01,exclude_affected_listings,Sem os três imóveis afetados,preco_por_hospede,Preço anunciado por hóspede comportado,todas as capacidades positivas,sertao do trombudo|casa|1 quarto,Sertao do Trombudo · casa · 1 quarto,Sertao do Trombudo,casa,1,2,190.0,187.5,192.5,,,evidência insuficiente,1,2,1.0,1,190.0,,,2.0
snapshot_2025_01_20,Captura de 20/01,exclude_affected_listings,Sem os três imóveis afetados,preco_por_hospede,Preço anunciado por hóspede comportado,sem capacidades positivas suspeitas,sertao do trombudo|casa|1 quarto,Sertao do Trombudo · casa · 1 quarto,Sertao do Trombudo,casa,1,2,190.0,187.5,192.5,,,evidência insuficiente,1,2,1.0,1,190.0,,,2.0
snapshot_2025_01_20,Captura de 20/01,exclude_affected_listings,Sem os três imóveis afetados,preco_por_hospede,Preço anunciado por hóspede comportado,todas as capacidades positivas,sertaozinho|casa|6 quartos,Sertaozinho · casa · 6 quartos,Sertaozinho,casa,6,2,161.328125,132.6171875,190.0390625,,,evidência insuficiente,2,1,0.5,2,161.328125,103.90625,218.75,3.0
snapshot_2025_01_20,Captura de 20/01,exclude_affected_listings,Sem os três imóveis afetados,preco_por_hospede,Preço anunciado por hóspede comportado,sem capacidades positivas suspeitas,sertaozinho|casa|6 quartos,Sertaozinho · casa · 6 quartos,Sertaozinho,casa,6,2,161.328125,132.6171875,190.0390625,,,evidência insuficiente,2,1,0.5,2,161.328125,103.90625,218.75,3.0
snapshot_2025_01_20,Captura de 20/01,exclude_affected_listings,Sem os três imóveis afetados,preco_por_hospede,Preço anunciado por hóspede comportado,todas as capacidades positivas,alto sao bento|casa|12 quartos,Alto Sao Bento · casa · 12 quartos,Alto Sao Bento,casa,12,1,156.25,156.25,156.25,,,evidência insuficiente,1,1,1.0,1,156.25,,,4.0
snapshot_2025_01_20,Captura de 20/01,exclude_affected_listings,Sem os três imóveis afetados,preco_por_hospede,Preço anunciado por hóspede comportado,sem capacidades positivas suspeitas,alto sao bento|casa|12 quartos,Alto Sao Bento · casa · 12 quartos,Alto Sao Bento,casa,12,1,156.25,156.25,156.25,,,evidência insuficiente,1,1,1.0,1,156.25,,,4.0
snapshot_2025_01_20,Captura de 20/01,exclude_affected_listings,Sem os três imóveis afetados,preco_por_hospede,Preço anunciado por hóspede comportado,todas as capacidades positivas,casa branca|casa|1 quarto,Casa Branca · casa · 1 quarto,Casa Branca,casa,1,1,150.0,150.0,150.0,,,evidência insuficiente,1,1,1.0,1,150.0,,,5.0
snapshot_2025_01_20,Captura de 20/01,exclude_affected_listings,Sem os três imóveis afetados,preco_por_hospede,Preço anunciado por hóspede comportado,sem capacidades positivas suspeitas,casa branca|casa|1 quarto,Casa Branca · casa · 1 quarto,Casa Branca,casa,1,1,150.0,150.0,150.0,,,evidência insuficiente,1,1,1.0,1,150.0,,,5.0
snapshot_2025_01_20,Captura de 20/01,exclude_affected_listings,Sem os três imóveis afetados,preco_por_hospede,Preço anunciado por hóspede comportado,todas as capacidades positivas,tabuleiro dos oliveiras|casa|4 quartos,Tabuleiro dos Oliveiras · casa · 4 quartos,Tabuleiro dos Oliveiras,casa,4,1,141.66666666666666,141.66666666666666,141.66666666666666,,,evidência insuficiente,1,1,1.0,1,141.66666666666666,,,6.0
snapshot_2025_01_20,Captura de 20/01,exclude_affected_listings,Sem os três imóveis afetados,preco_por_hospede,Preço anunciado por hóspede comportado,sem capacidades positivas suspeitas,tabuleiro dos oliveiras|casa|4 quartos,Tabuleiro dos Oliveiras · casa · 4 quartos,Tabuleiro dos Oliveiras,casa,4,1,141.66666666666666,141.66666666666666,141.66666666666666,,,evidência insuficiente,1,1,1.0,1,141.66666666666666,,,6.0
snapshot_2025_01_20,Captura de 20/01,exclude_affected_listings,Sem os três imóveis afetados,preco_por_hospede,Preço anunciado por hóspede comportado,todas as capacidades positivas,centro|apartamento|1 quarto,Centro · apartamento · 1 quarto,Centro,apartamento,1,75,136.5,118.34375,189.125,107.01785625,150.0,principal,17,54,0.72,1,136.75,112.5,112.5,7.0
snapshot_2025_01_20,Captura de 20/01,exclude_affected_listings,Sem os três imóveis afetados,preco_por_hospede,Preço anunciado por hóspede comportado,sem capacidades positivas suspeitas,centro|apartamento|1 quarto,Centro · apartamento · 1 quarto,Centro,apartamento,1,75,136.5,118.34375,189.125,104.0357125,150.0,principal,17,54,0.72,1,136.75,112.5,112.5,7.0
snapshot_2025_01_20,Captura de 20/01,exclude_affected_listings,Sem os três imóveis afetados,preco_por_hospede,Preço anunciado por hóspede comportado,todas as capacidades positivas,meia praia|apartamento|1 quarto,Meia Praia · apartamento · 1 quarto,Meia Praia,apartamento,1,16,123.75,99.0625,201.1875,98.078125,240.0,exploratório,14,3,0.1875,1,116.25,110.0,110.0,8.0
snapshot_2025_01_20,Captura de 20/01,exclude_affected_listings,Sem os três imóveis afetados,preco_por_hospede,Preço anunciado por hóspede comportado,sem capacidades positivas suspeitas,meia praia|apartamento|1 quarto,Meia Praia · apartamento · 1 quarto,Meia Praia,apartamento,1,16,123.75,99.0625,201.1875,98.125,214.125,exploratório,14,3,0.1875,1,116.25,110.0,110.0,8.0
snapshot_2025_01_20,Captura de 20/01,exclude_affected_listings,Sem os três imóveis afetados,preco_por_hospede,Preço anunciado por hóspede comportado,todas as capacidades positivas,centro|casa|4 quartos,Centro · casa · 4 quartos,Centro,casa,4,2,120.45454545454545,105.68181818181819,135.22727272727272,,,evidência insuficiente,2,1,0.5,2,120.45454545454545,90.9090909090909,150.0,9.0
snapshot_2025_01_20,Captura de 20/01,exclude_affected_listings,Sem os três imóveis afetados,preco_por_hospede,Preço anunciado por hóspede comportado,sem capacidades positivas suspeitas,centro|casa|4 quartos,Centro · casa · 4 quartos,Centro,casa,4,2,120.45454545454545,105.68181818181819,135.22727272727272,,,evidência insuficiente,2,1,0.5,2,120.45454545454545,90.9090909090909,150.0,9.0
snapshot_2025_01_20,Captura de 20/01,exclude_affected_listings,Sem os três imóveis afetados,preco_por_hospede,Preço anunciado por hóspede comportado,todas as capacidades positivas,ilhota|apartamento|2 quartos,Ilhota · apartamento · 2 quartos,Ilhota,apartamento,2,1,117.0,117.0,117.0,,,evidência insuficiente,1,1,1.0,1,117.0,,,10.0
snapshot_2025_01_20,Captura de 20/01,exclude_affected_listings,Sem os três imóveis afetados,preco_por_hospede,Preço anunciado por hóspede comportado,sem capacidades positivas suspeitas,ilhota|apartamento|2 quartos,Ilhota · apartamento · 2 quartos,Ilhota,apartamento,2,1,117.0,117.0,117.0,,,evidência insuficiente,1,1,1.0,1,117.0,,,10.0
snapshot_2025_01_20,Captura de 20/01,exclude_affected_listings,Sem os três imóveis afetados,preco_por_hospede,Preço anunciado por hóspede comportado,todas as capacidades positivas,morretes|apartamento|1 quarto,Morretes · apartamento · 1 quarto,Morretes,apartamento,1,3,116.66666666666667,108.33333333333334,118.33333333333334,,,evidência insuficiente,3,1,0.3333333333333333,3,116.66666666666667,108.33333333333334,118.33333333333334,11.0
snapshot_2025_01_20,Captura de 20/01,exclude_affected_listings,Sem os três imóveis afetados,preco_por_hospede,Preço anunciado por hóspede comportado,sem capacidades positivas suspeitas,morretes|apartamento|1 quarto,Morretes · apartamento · 1 quarto,Morretes,apartamento,1,3,116.66666666666667,108.33333333333334,118.33333333333334,,,evidência insuficiente,3,1,0.3333333333333333,3,116.66666666666667,108.33333333333334,118.33333333333334,11.0
snapshot_2025_01_20,Captura de 20/01,exclude_affected_listings,Sem os três imóveis afetados,preco_por_hospede,Preço anunciado por hóspede comportado,todas as capacidades positivas,varzea|casa|1 quarto,Varzea · casa · 1 quarto,Varzea,casa,1,1,112.5,112.5,112.5,,,evidência insuficiente,1,1,1.0,1,112.5,,,12.0
snapshot_2025_01_20,Captura de 20/01,exclude_affected_listings,Sem os três imóveis afetados,preco_por_hospede,Preço anunciado por hóspede comportado,sem capacidades positivas suspeitas,varzea|casa|1 quarto,Varzea · casa · 1 quarto,Varzea,casa,1,1,112.5,112.5,112.5,,,evidência insuficiente,1,1,1.0,1,112.5,,,12.0
snapshot_2025_01_20,Captura de 20/01,exclude_affected_listings,Sem os três imóveis afetados,preco_por_hospede,Preço anunciado por hóspede comportado,todas as capacidades positivas,canto da praia|apartamento|2 quartos,Canto da Praia · apartamento · 2 quartos,Canto da Praia,apartamento,2,4,111.675,101.99166666666666,121.0625,,,evidência insuficiente,4,1,0.25,4,111.675,103.6,119.75,13.0
snapshot_2025_01_20,Captura de 20/01,exclude_affected_listings,Sem os três imóveis afetados,preco_por_hospede,Preço anunciado por hóspede comportado,sem capacidades positivas suspeitas,canto da praia|apartamento|2 quartos,Canto da Praia · apartamento · 2 quartos,Canto da Praia,apartamento,2,4,111.675,101.99166666666666,121.0625,,,evidência insuficiente,4,1,0.25,4,111.675,103.6,119.75,13.0
snapshot_2025_01_20,Captura de 20/01,exclude_affected_listings,Sem os três imóveis afetados,preco_por_hospede,Preço anunciado por hóspede comportado,todas as capacidades positivas,tabuleiro dos oliveiras|apartamento|3 quartos,Tabuleiro dos Oliveiras · apartamento · 3 quartos,Tabuleiro dos Oliveiras,apartamento,3,3,106.66666666666667,97.5,120.33333333333334,,,evidência insuficiente,3,1,0.3333333333333333,3,106.66666666666667,97.5,120.33333333333334,14.0
snapshot_2025_01_20,Captura de 20/01,exclude_affected_listings,Sem os três imóveis afetados,preco_por_hospede,Preço anunciado por hóspede comportado,sem capacidades positivas suspeitas,tabuleiro dos oliveiras|apartamento|3 quartos,Tabuleiro dos Oliveiras · apartamento · 3 quartos,Tabuleiro dos Oliveiras,apartamento,3,3,106.66666666666667,97.5,120.33333333333334,,,evidência insuficiente,3,1,0.3333333333333333,3,106.66666666666667,97.5,120.33333333333334,14.0
snapshot_2025_01_20,Captura de 20/01,exclude_affected_listings,Sem os três imóveis afetados,preco_por_hospede,Preço anunciado por hóspede comportado,todas as capacidades positivas,centro|apartamento|2 quartos,Centro · apartamento · 2 quartos,Centro,apartamento,2,59,100.8125,71.58333333333334,137.08333333333331,73.39375,105.29166666666667,principal,37,20,0.3389830508474576,1,87.5,80.0,80.0,15.0
snapshot_2025_01_20,Captura de 20/01,exclude_affected_listings,Sem os três imóveis afetados,preco_por_hospede,Preço anunciado por hóspede comportado,sem capacidades positivas suspeitas,centro|apartamento|2 quartos,Centro · apartamento · 2 quartos,Centro,apartamento,2,59,100.8125,71.58333333333334,137.08333333333331,72.0,105.29166666666667,principal,37,20,0.3389830508474576,1,87.5,80.0,80.0,15.0
snapshot_2025_01_20,Captura de 20/01,exclude_affected_listings,Sem os três imóveis afetados,preco_por_hospede,Preço anunciado por hóspede comportado,todas as capacidades positivas,meia praia|apartamento|4 quartos,Meia Praia · apartamento · 4 quartos,Meia Praia,apartamento,4,43,100.0,75.19791562500001,149.86363636363637,85.0,133.66666666666666,principal,38,2,0.046511627906976744,5,100.0,100.0,106.125,16.0
snapshot_2025_01_20,Captura de 20/01,exclude_affected_listings,Sem os três imóveis afetados,preco_por_hospede,Preço anunciado por hóspede comportado,todas as capacidades positivas,varzea|casa|5 quartos,Varzea · casa · 5 quartos,Varzea,casa,5,1,100.0,100.0,100.0,,,evidência insuficiente,1,1,1.0,1,100.0,,,16.0
snapshot_2025_01_20,Captura de 20/01,exclude_affected_listings,Sem os três imóveis afetados,preco_por_hospede,Preço anunciado por hóspede comportado,todas as capacidades positivas,sertaozinho|casa|2 quartos,Sertaozinho · casa · 2 quartos,Sertaozinho,casa,2,1,100.0,100.0,100.0,,,evidência insuficiente,1,1,1.0,1,100.0,,,16.0
snapshot_2025_01_20,Captura de 20/01,exclude_affected_listings,Sem os três imóveis afetados,preco_por_hospede,Preço anunciado por hóspede comportado,todas as capacidades positivas,varzea|casa|3 quartos,Varzea · casa · 3 quartos,Varzea,casa,3,1,100.0,100.0,100.0,,,evidência insuficiente,1,1,1.0,1,100.0,,,16.0
snapshot_2025_01_20,Captura de 20/01,exclude_affected_listings,Sem os três imóveis afetados,preco_por_hospede,Preço anunciado por hóspede comportado,sem capacidades positivas suspeitas,meia praia|apartamento|4 quartos,Meia Praia · apartamento · 4 quartos,Meia Praia,apartamento,4,43,100.0,75.19791562500001,149.86363636363637,85.0,132.45833333333331,principal,38,2,0.046511627906976744,5,100.0,100.0,106.125,16.0
snapshot_2025_01_20,Captura de 20/01,exclude_affected_listings,Sem os três imóveis afetados,preco_por_hospede,Preço anunciado por hóspede comportado,sem capacidades positivas suspeitas,varzea|casa|5 quartos,Varzea · casa · 5 quartos,Varzea,casa,5,1,100.0,100.0,100.0,,,evidência insuficiente,1,1,1.0,1,100.0,,,16.0
snapshot_2025_01_20,Captura de 20/01,exclude_affected_listings,Sem os três imóveis afetados,preco_por_hospede,Preço anunciado por hóspede comportado,sem capacidades positivas suspeitas,sertaozinho|casa|2 quartos,Sertaozinho · casa · 2 quartos,Sertaozinho,casa,2,1,100.0,100.0,100.0,,,evidência insuficiente,1,1,1.0,1,100.0,,,16.0
snapshot_2025_01_20,Captura de 20/01,exclude_affected_listings,Sem os três imóveis afetados,preco_por_hospede,Preço anunciado por hóspede comportado,sem capacidades positivas suspeitas,varzea|casa|3 quartos,Varzea · casa · 3 quartos,Varzea,casa,3,1,100.0,100.0,100.0,,,evidência insuficiente,1,1,1.0,1,100.0,,,16.0
snapshot_2025_01_20,Captura de 20/01,exclude_affected_listings,Sem os três imóveis afetados,preco_por_hospede,Preço anunciado por hóspede comportado,todas as capacidades positivas,centro|apartamento|3 quartos,Centro · apartamento · 3 quartos,Centro,apartamento,3,38,98.765625,63.0625,115.5,75.0,105.22916666666666,principal,34,4,0.10526315789473684,1,95.18229166666666,95.18229166666666,95.18229166666666,20.0
snapshot_2025_01_20,Captura de 20/01,exclude_affected_listings,Sem os três imóveis afetados,preco_por_hospede,Preço anunciado por hóspede comportado,sem capacidades positivas suspeitas,centro|apartamento|3 quartos,Centro · apartamento · 3 quartos,Centro,apartamento,3,38,98.765625,63.0625,115.5,78.54166666666666,105.625,principal,34,4,0.10526315789473684,1,95.18229166666666,95.18229166666666,95.18229166666666,20.0
snapshot_2025_01_20,Captura de 20/01,exclude_affected_listings,Sem os três imóveis afetados,preco_por_hospede,Preço anunciado por hóspede comportado,todas as capacidades positivas,ilhota|casa|4 quartos,Ilhota · casa · 4 quartos,Ilhota,casa,4,1,94.6,94.6,94.6,,,evidência insuficiente,1,1,1.0,1,94.6,,,21.0
snapshot_2025_01_20,Captura de 20/01,exclude_affected_listings,Sem os três imóveis afetados,preco_por_hospede,Preço anunciado por hóspede comportado,sem capacidades positivas suspeitas,ilhota|casa|4 quartos,Ilhota · casa · 4 quartos,Ilhota,casa,4,1,94.6,94.6,94.6,,,evidência insuficiente,1,1,1.0,1,94.6,,,21.0
snapshot_2025_01_20,Captura de 20/01,exclude_affected_listings,Sem os três imóveis afetados,preco_por_hospede,Preço anunciado por hóspede comportado,todas as capacidades positivas,morretes|apartamento|2 quartos,Morretes · apartamento · 2 quartos,Morretes,apartamento,2,42,89.85,60.833333333333336,117.47916666666667,64.16666666666667,114.5,principal,33,7,0.16666666666666666,1,87.5,83.3,83.3,22.0
snapshot_2025_01_20,Captura de 20/01,exclude_affected_listings,Sem os três imóveis afetados,preco_por_hospede,Preço anunciado por hóspede comportado,sem capacidades positivas suspeitas,morretes|apartamento|2 quartos,Morretes · apartamento · 2 quartos,Morretes,apartamento,2,42,89.85,60.833333333333336,117.47916666666667,66.5,114.5,principal,33,7,0.16666666666666666,1,87.5,83.3,83.3,22.0
snapshot_2025_01_20,Captura de 20/01,exclude_affected_listings,Sem os três imóveis afetados,preco_por_hospede,Preço anunciado por hóspede comportado,todas as capacidades positivas,meia praia|apartamento|3 quartos,Meia Praia · apartamento · 3 quartos,Meia Praia,apartamento,3,284,87.625,65.0,113.88392857142857,81.83333333333334,91.84375,principal,235,12,0.04225352112676056,1,87.14285714285714,87.5,87.5,23.0
snapshot_2025_01_20,Captura de 20/01,exclude_affected_listings,Sem os três imóveis afetados,preco_por_hospede,Preço anunciado por hóspede comportado,sem capacidades positivas suspeitas,meia praia|apartamento|3 quartos,Meia Praia · apartamento · 3 quartos,Meia Praia,apartamento,3,283,87.5,65.0,114.01785714285714,81.66666666666667,91.47743055555556,principal,234,12,0.04240282685512368,1,86.69642857142857,87.5,87.5,23.0
snapshot_2025_01_20,Captura de 20/01,exclude_affected_listings,Sem os três imóveis afetados,preco_por_hospede,Preço anunciado por hóspede comportado,todas as capacidades positivas,ilhota|apartamento|1 quarto,Ilhota · apartamento · 1 quarto,Ilhota,apartamento,1,2,86.375,85.8125,86.9375,,,evidência insuficiente,1,2,1.0,1,86.375,,,24.0
snapshot_2025_01_20,Captura de 20/01,exclude_affected_listings,Sem os três imóveis afetados,preco_por_hospede,Preço anunciado por hóspede comportado,sem capacidades positivas suspeitas,ilhota|apartamento|1 quarto,Ilhota · apartamento · 1 quarto,Ilhota,apartamento,1,2,86.375,85.8125,86.9375,,,evidência insuficiente,1,2,1.0,1,86.375,,,24.0
snapshot_2025_01_20,Captura de 20/01,exclude_affected_listings,Sem os três imóveis afetados,preco_por_hospede,Preço anunciado por hóspede comportado,sem capacidades positivas suspeitas,morretes|apartamento|3 quartos,Morretes · apartamento · 3 quartos,Morretes,apartamento,3,8,82.35416666666666,67.11666625,129.875,62.216665,136.25,evidência insuficiente,8,1,0.125,8,82.35416666666666,81.375,83.33333333333333,25.0
snapshot_2025_01_20,Captura de 20/01,exclude_affected_listings,Sem os três imóveis afetados,preco_por_hospede,Preço anunciado por hóspede comportado,todas as capacidades positivas,morretes|apartamento|3 quartos,Morretes · apartamento · 3 quartos,Morretes,apartamento,3,9,81.375,62.216665,127.75,53.75,136.25,evidência insuficiente,9,1,0.1111111111111111,9,81.375,75.0625,82.35416666666666,25.0
snapshot_2025_01_20,Captura de 20/01,exclude_affected_listings,Sem os três imóveis afetados,preco_por_hospede,Preço anunciado por hóspede comportado,todas as capacidades positivas,meia praia|apartamento|0 quartos,Meia Praia · apartamento · 0 quartos,Meia Praia,apartamento,0,7,81.25,58.175,92.5,41.35,95.0,evidência insuficiente,7,1,0.14285714285714285,7,81.25,78.125,85.625,26.0
snapshot_2025_01_20,Captura de 20/01,exclude_affected_listings,Sem os três imóveis afetados,preco_por_hospede,Preço anunciado por hóspede comportado,sem capacidades positivas suspeitas,meia praia|apartamento|0 quartos,Meia Praia · apartamento · 0 quartos,Meia Praia,apartamento,0,7,81.25,58.175,92.5,41.35,95.0,evidência insuficiente,7,1,0.14285714285714285,7,81.25,78.125,85.625,26.0
snapshot_2025_01_20,Captura de 20/01,exclude_affected_listings,Sem os três imóveis afetados,preco_por_hospede,Preço anunciado por hóspede comportado,sem capacidades positivas suspeitas,tabuleiro dos oliveiras|apartamento|2 quartos,Tabuleiro dos Oliveiras · apartamento · 2 quartos,Tabuleiro dos Oliveiras,apartamento,2,11,79.8,65.83333333333334,127.15,65.0,128.8,exploratório,10,2,0.18181818181818182,1,79.6,79.4,79.4,27.0
snapshot_2025_01_20,Captura de 20/01,exclude_affected_listings,Sem os três imóveis afetados,preco_por_hospede,Preço anunciado por hóspede comportado,todas as capacidades positivas,tabuleiro dos oliveiras|apartamento|2 quartos,Tabuleiro dos Oliveiras · apartamento · 2 quartos,Tabuleiro dos Oliveiras,apartamento,2,12,79.6,63.333333333333336,126.325,58.333333333333336,127.19124999999997,exploratório,11,2,0.16666666666666666,1,79.4,73.03333333333333,73.03333333333333,27.0
snapshot_2025_01_20,Captura de 20/01,exclude_affected_listings,Sem os três imóveis afetados,preco_por_hospede,Preço anunciado por hóspede comportado,todas as capacidades positivas,morretes|casa|4 quartos,Morretes · casa · 4 quartos,Morretes,casa,4,2,79.16666666666666,77.08333333333333,81.25,,,evidência insuficiente,2,1,0.5,2,79.16666666666666,75.0,83.33333333333333,28.0
snapshot_2025_01_20,Captura de 20/01,exclude_affected_listings,Sem os três imóveis afetados,preco_por_hospede,Preço anunciado por hóspede comportado,sem capacidades positivas suspeitas,morretes|casa|4 quartos,Morretes · casa · 4 quartos,Morretes,casa,4,2,79.16666666666666,77.08333333333333,81.25,,,evidência insuficiente,2,1,0.5,2,79.16666666666666,75.0,83.33333333333333,28.0
snapshot_2025_01_20,Captura de 20/01,exclude_affected_listings,Sem os três imóveis afetados,preco_por_hospede,Preço anunciado por hóspede comportado,todas as capacidades positivas,meia praia|apartamento|2 quartos,Meia Praia · apartamento · 2 quartos,Meia Praia,apartamento,2,126,75.0,59.53125,99.54166666666667,66.66666666666667,80.0,principal,112,7,0.05555555555555555,1,74.0625,72.625,72.625,29.0
snapshot_2025_01_20,Captura de 20/01,exclude_affected_listings,Sem os três imóveis afetados,preco_por_hospede,Preço anunciado por hóspede comportado,sem capacidades positivas suspeitas,meia praia|apartamento|2 quartos,Meia Praia · apartamento · 2 quartos,Meia Praia,apartamento,2,126,75.0,59.53125,99.54166666666667,66.66666666666667,80.0,principal,112,7,0.05555555555555555,1,74.0625,72.625,72.625,29.0
snapshot_2025_01_20,Captura de 20/01,exclude_affected_listings,Sem os três imóveis afetados,preco_por_hospede,Preço anunciado por hóspede comportado,todas as capacidades positivas,ilhota|casa|3 quartos,Ilhota · casa · 3 quartos,Ilhota,casa,3,2,74.375,67.8125,80.9375,,,evidência insuficiente,2,1,0.5,2,74.375,61.25,87.5,30.0
snapshot_2025_01_20,Captura de 20/01,exclude_affected_listings,Sem os três imóveis afetados,preco_por_hospede,Preço anunciado por hóspede comportado,sem capacidades positivas suspeitas,ilhota|casa|3 quartos,Ilhota · casa · 3 quartos,Ilhota,casa,3,2,74.375,67.8125,80.9375,,,evidência insuficiente,2,1,0.5,2,74.375,61.25,87.5,30.0
snapshot_2025_01_20,Captura de 20/01,exclude_affected_listings,Sem os três imóveis afetados,preco_por_hospede,Preço anunciado por hóspede comportado,todas as capacidades positivas,morretes|apartamento|4 quartos,Morretes · apartamento · 4 quartos,Morretes,apartamento,4,1,73.75,73.75,73.75,,,evidência insuficiente,1,1,1.0,1,73.75,,,31.0
snapshot_2025_01_20,Captura de 20/01,exclude_affected_listings,Sem os três imóveis afetados,preco_por_hospede,Preço anunciado por hóspede comportado,sem capacidades positivas suspeitas,morretes|apartamento|4 quartos,Morretes · apartamento · 4 quartos,Morretes,apartamento,4,1,73.75,73.75,73.75,,,evidência insuficiente,1,1,1.0,1,73.75,,,31.0
snapshot_2025_01_20,Captura de 20/01,exclude_affected_listings,Sem os três imóveis afetados,preco_por_hospede,Preço anunciado por hóspede comportado,todas as capacidades positivas,centro|casa|1 quarto,Centro · casa · 1 quarto,Centro,casa,1,1,70.75,70.75,70.75,,,evidência insuficiente,1,1,1.0,1,70.75,,,32.0
snapshot_2025_01_20,Captura de 20/01,exclude_affected_listings,Sem os três imóveis afetados,preco_por_hospede,Preço anunciado por hóspede comportado,sem capacidades positivas suspeitas,centro|casa|1 quarto,Centro · casa · 1 quarto,Centro,casa,1,1,70.75,70.75,70.75,,,evidência insuficiente,1,1,1.0,1,70.75,,,32.0
snapshot_2025_01_20,Captura de 20/01,exclude_affected_listings,Sem os três imóveis afetados,preco_por_hospede,Preço anunciado por hóspede comportado,todas as capacidades positivas,alto sao bento|apartamento|1 quarto,Alto Sao Bento · apartamento · 1 quarto,Alto Sao Bento,apartamento,1,1,70.0,70.0,70.0,,,evidência insuficiente,1,1,1.0,1,70.0,,,33.0
snapshot_2025_01_20,Captura de 20/01,exclude_affected_listings,Sem os três imóveis afetados,preco_por_hospede,Preço anunciado por hóspede comportado,sem capacidades positivas suspeitas,alto sao bento|apartamento|1 quarto,Alto Sao Bento · apartamento · 1 quarto,Alto Sao Bento,apartamento,1,1,70.0,70.0,70.0,,,evidência insuficiente,1,1,1.0,1,70.0,,,33.0
snapshot_2025_01_20,Captura de 20/01,exclude_affected_listings,Sem os três imóveis afetados,preco_por_hospede,Preço anunciado por hóspede comportado,todas as capacidades positivas,casa branca|apartamento|3 quartos,Casa Branca · apartamento · 3 quartos,Casa Branca,apartamento,3,2,67.16666666666666,59.08333333333333,75.25,,,evidência insuficiente,2,1,0.5,2,67.16666666666666,51.0,83.33333333333333,34.0
snapshot_2025_01_20,Captura de 20/01,exclude_affected_listings,Sem os três imóveis afetados,preco_por_hospede,Preço anunciado por hóspede comportado,sem capacidades positivas suspeitas,casa branca|apartamento|3 quartos,Casa Branca · apartamento · 3 quartos,Casa Branca,apartamento,3,2,67.16666666666666,59.08333333333333,75.25,,,evidência insuficiente,2,1,0.5,2,67.16666666666666,51.0,83.33333333333333,34.0
snapshot_2025_01_20,Captura de 20/01,exclude_affected_listings,Sem os três imóveis afetados,preco_por_hospede,Preço anunciado por hóspede comportado,todas as capacidades positivas,sertao do trombudo|casa|4 quartos,Sertao do Trombudo · casa · 4 quartos,Sertao do Trombudo,casa,4,1,66.66666666666667,66.66666666666667,66.66666666666667,,,evidência insuficiente,1,1,1.0,1,66.66666666666667,,,35.0
snapshot_2025_01_20,Captura de 20/01,exclude_affected_listings,Sem os três imóveis afetados,preco_por_hospede,Preço anunciado por hóspede comportado,sem capacidades positivas suspeitas,sertao do trombudo|casa|4 quartos,Sertao do Trombudo · casa · 4 quartos,Sertao do Trombudo,casa,4,1,66.66666666666667,66.66666666666667,66.66666666666667,,,evidência insuficiente,1,1,1.0,1,66.66666666666667,,,35.0
snapshot_2025_01_20,Captura de 20/01,exclude_affected_listings,Sem os três imóveis afetados,preco_por_hospede,Preço anunciado por hóspede comportado,todas as capacidades positivas,meia praia|casa|1 quarto,Meia Praia · casa · 1 quarto,Meia Praia,casa,1,1,65.0,65.0,65.0,,,evidência insuficiente,1,1,1.0,1,65.0,,,36.0
snapshot_2025_01_20,Captura de 20/01,exclude_affected_listings,Sem os três imóveis afetados,preco_por_hospede,Preço anunciado por hóspede comportado,sem capacidades positivas suspeitas,meia praia|casa|1 quarto,Meia Praia · casa · 1 quarto,Meia Praia,casa,1,1,65.0,65.0,65.0,,,evidência insuficiente,1,1,1.0,1,65.0,,,36.0
snapshot_2025_01_20,Captura de 20/01,exclude_affected_listings,Sem os três imóveis afetados,preco_por_hospede,Preço anunciado por hóspede comportado,todas as capacidades positivas,meia praia|apartamento|5 quartos,Meia Praia · apartamento · 5 quartos,Meia Praia,apartamento,5,1,64.28571428571429,64.28571428571429,64.28571428571429,,,evidência insuficiente,1,1,1.0,1,64.28571428571429,,,37.0
snapshot_2025_01_20,Captura de 20/01,exclude_affected_listings,Sem os três imóveis afetados,preco_por_hospede,Preço anunciado por hóspede comportado,sem capacidades positivas suspeitas,meia praia|apartamento|5 quartos,Meia Praia · apartamento · 5 quartos,Meia Praia,apartamento,5,1,64.28571428571429,64.28571428571429,64.28571428571429,,,evidência insuficiente,1,1,1.0,1,64.28571428571429,,,37.0
snapshot_2025_01_20,Captura de 20/01,exclude_affected_listings,Sem os três imóveis afetados,preco_por_hospede,Preço anunciado por hóspede comportado,todas as capacidades positivas,morretes|casa|2 quartos,Morretes · casa · 2 quartos,Morretes,casa,2,8,52.5,45.70454545454545,74.609375,32.81818181818182,74.75,evidência insuficiente,7,2,0.25,1,55.0,64.78125,64.78125,38.0
snapshot_2025_01_20,Captura de 20/01,exclude_affected_listings,Sem os três imóveis afetados,preco_por_hospede,Preço anunciado por hóspede comportado,sem capacidades positivas suspeitas,morretes|casa|2 quartos,Morretes · casa · 2 quartos,Morretes,casa,2,8,52.5,45.70454545454545,74.609375,32.81818181818182,74.75,evidência insuficiente,7,2,0.25,1,55.0,64.78125,64.78125,38.0
snapshot_2025_01_20,Captura de 20/01,exclude_affected_listings,Sem os três imóveis afetados,preco_por_hospede,Preço anunciado por hóspede comportado,todas as capacidades positivas,casa branca|apartamento|2 quartos,Casa Branca · apartamento · 2 quartos,Casa Branca,apartamento,2,4,50.875,47.666666666666664,57.7625,,,evidência insuficiente,4,1,0.25,4,50.875,48.0,53.75,39.0
snapshot_2025_01_20,Captura de 20/01,exclude_affected_listings,Sem os três imóveis afetados,preco_por_hospede,Preço anunciado por hóspede comportado,sem capacidades positivas suspeitas,casa branca|apartamento|2 quartos,Casa Branca · apartamento · 2 quartos,Casa Branca,apartamento,2,4,50.875,47.666666666666664,57.7625,,,evidência insuficiente,4,1,0.25,4,50.875,48.0,53.75,39.0
snapshot_2025_01_20,Captura de 20/01,exclude_affected_listings,Sem os três imóveis afetados,preco_por_hospede,Preço anunciado por hóspede comportado,todas as capacidades positivas,meia praia|casa|4 quartos,Meia Praia · casa · 4 quartos,Meia Praia,casa,4,1,50.0,50.0,50.0,,,evidência insuficiente,1,1,1.0,1,50.0,,,40.0
snapshot_2025_01_20,Captura de 20/01,exclude_affected_listings,Sem os três imóveis afetados,preco_por_hospede,Preço anunciado por hóspede comportado,todas as capacidades positivas,centro|casa|2 quartos,Centro · casa · 2 quartos,Centro,casa,2,1,50.0,50.0,50.0,,,evidência insuficiente,1,1,1.0,1,50.0,,,40.0
snapshot_2025_01_20,Captura de 20/01,exclude_affected_listings,Sem os três imóveis afetados,preco_por_hospede,Preço anunciado por hóspede comportado,sem capacidades positivas suspeitas,meia praia|casa|4 quartos,Meia Praia · casa · 4 quartos,Meia Praia,casa,4,1,50.0,50.0,50.0,,,evidência insuficiente,1,1,1.0,1,50.0,,,40.0
snapshot_2025_01_20,Captura de 20/01,exclude_affected_listings,Sem os três imóveis afetados,preco_por_hospede,Preço anunciado por hóspede comportado,sem capacidades positivas suspeitas,centro|casa|2 quartos,Centro · casa · 2 quartos,Centro,casa,2,1,50.0,50.0,50.0,,,evidência insuficiente,1,1,1.0,1,50.0,,,40.0
snapshot_2025_01_20,Captura de 20/01,exclude_affected_listings,Sem os três imóveis afetados,preco_por_hospede,Preço anunciado por hóspede comportado,todas as capacidades positivas,alto sao bento|apartamento|2 quartos,Alto Sao Bento · apartamento · 2 quartos,Alto Sao Bento,apartamento,2,1,49.75,49.75,49.75,,,evidência insuficiente,1,1,1.0,1,49.75,,,42.0
snapshot_2025_01_20,Captura de 20/01,exclude_affected_listings,Sem os três imóveis afetados,preco_por_hospede,Preço anunciado por hóspede comportado,sem capacidades positivas suspeitas,alto sao bento|apartamento|2 quartos,Alto Sao Bento · apartamento · 2 quartos,Alto Sao Bento,apartamento,2,1,49.75,49.75,49.75,,,evidência insuficiente,1,1,1.0,1,49.75,,,42.0
snapshot_2025_01_20,Captura de 20/01,exclude_affected_listings,Sem os três imóveis afetados,preco_por_hospede,Preço anunciado por hóspede comportado,todas as capacidades positivas,ilhota|casa|2 quartos,Ilhota · casa · 2 quartos,Ilhota,casa,2,1,42.0,42.0,42.0,,,evidência insuficiente,1,1,1.0,1,42.0,,,43.0
snapshot_2025_01_20,Captura de 20/01,exclude_affected_listings,Sem os três imóveis afetados,preco_por_hospede,Preço anunciado por hóspede comportado,sem capacidades positivas suspeitas,ilhota|casa|2 quartos,Ilhota · casa · 2 quartos,Ilhota,casa,2,1,42.0,42.0,42.0,,,evidência insuficiente,1,1,1.0,1,42.0,,,43.0
snapshot_2025_01_20,Captura de 20/01,exclude_affected_listings,Sem os três imóveis afetados,preco_por_hospede,Preço anunciado por hóspede comportado,todas as capacidades positivas,canto da praia|apartamento|3 quartos,Canto da Praia · apartamento · 3 quartos,Canto da Praia,apartamento,3,1,38.453125,38.453125,38.453125,,,evidência insuficiente,1,1,1.0,1,38.453125,,,44.0
snapshot_2025_01_20,Captura de 20/01,exclude_affected_listings,Sem os três imóveis afetados,preco_por_hospede,Preço anunciado por hóspede comportado,sem capacidades positivas suspeitas,canto da praia|apartamento|3 quartos,Canto da Praia · apartamento · 3 quartos,Canto da Praia,apartamento,3,1,38.453125,38.453125,38.453125,,,evidência insuficiente,1,1,1.0,1,38.453125,,,44.0
snapshot_2025_01_20,Captura de 20/01,exclude_affected_listings,Sem os três imóveis afetados,preco_por_hospede,Preço anunciado por hóspede comportado,todas as capacidades positivas,centro|apartamento|4 quartos,Centro · apartamento · 4 quartos,Centro,apartamento,4,1,37.5,37.5,37.5,,,evidência insuficiente,1,1,1.0,1,37.5,,,45.0
snapshot_2025_01_20,Captura de 20/01,exclude_affected_listings,Sem os três imóveis afetados,preco_por_hospede,Preço anunciado por hóspede comportado,sem capacidades positivas suspeitas,centro|apartamento|4 quartos,Centro · apartamento · 4 quartos,Centro,apartamento,4,1,37.5,37.5,37.5,,,evidência insuficiente,1,1,1.0,1,37.5,,,45.0
snapshot_2025_01_20,Captura de 20/01,exclude_affected_listings,Sem os três imóveis afetados,preco_por_quarto,Preço anunciado por quarto,não aplicável,areal|casa|1 quarto,Areal · casa · 1 quarto,Areal,casa,1,1,556.0,556.0,556.0,,,evidência insuficiente,1,1,1.0,1,556.0,,,1.0
snapshot_2025_01_20,Captura de 20/01,exclude_affected_listings,Sem os três imóveis afetados,preco_por_quarto,Preço anunciado por quarto,não aplicável,centro|apartamento|1 quarto,Centro · apartamento · 1 quarto,Centro,apartamento,1,75,450.0,378.25,497.0,427.0,500.0,principal,17,54,0.72,1,450.0,450.0,450.0,2.0
snapshot_2025_01_20,Captura de 20/01,exclude_affected_listings,Sem os três imóveis afetados,preco_por_quarto,Preço anunciado por quarto,não aplicável,varzea|casa|1 quarto,Varzea · casa · 1 quarto,Varzea,casa,1,1,450.0,450.0,450.0,,,evidência insuficiente,1,1,1.0,1,450.0,,,2.0
snapshot_2025_01_20,Captura de 20/01,exclude_affected_listings,Sem os três imóveis afetados,preco_por_quarto,Preço anunciado por quarto,não aplicável,meia praia|apartamento|1 quarto,Meia Praia · apartamento · 1 quarto,Meia Praia,apartamento,1,16,440.0,382.875,510.75,380.75,509.0,exploratório,14,3,0.1875,1,400.0,400.0,400.0,4.0
snapshot_2025_01_20,Captura de 20/01,exclude_affected_listings,Sem os três imóveis afetados,preco_por_quarto,Preço anunciado por quarto,não aplicável,sertaozinho|casa|6 quartos,Sertaozinho · casa · 6 quartos,Sertaozinho,casa,6,2,430.20833333333337,353.6458333333333,506.77083333333337,,,evidência insuficiente,2,1,0.5,2,430.20833333333337,277.0833333333333,583.3333333333334,5.0
snapshot_2025_01_20,Captura de 20/01,exclude_affected_listings,Sem os três imóveis afetados,preco_por_quarto,Preço anunciado por quarto,não aplicável,tabuleiro dos oliveiras|casa|4 quartos,Tabuleiro dos Oliveiras · casa · 4 quartos,Tabuleiro dos Oliveiras,casa,4,1,425.0,425.0,425.0,,,evidência insuficiente,1,1,1.0,1,425.0,,,6.0
snapshot_2025_01_20,Captura de 20/01,exclude_affected_listings,Sem os três imóveis afetados,preco_por_quarto,Preço anunciado por quarto,não aplicável,morretes|apartamento|1 quarto,Morretes · apartamento · 1 quarto,Morretes,apartamento,1,3,400.0,375.0,440.0,,,evidência insuficiente,3,1,0.3333333333333333,3,400.0,375.0,440.0,7.0
snapshot_2025_01_20,Captura de 20/01,exclude_affected_listings,Sem os três imóveis afetados,preco_por_quarto,Preço anunciado por quarto,não aplicável,sertao do trombudo|casa|1 quarto,Sertao do Trombudo · casa · 1 quarto,Sertao do Trombudo,casa,1,2,380.0,375.0,385.0,,,evidência insuficiente,1,2,1.0,1,380.0,,,8.0
snapshot_2025_01_20,Captura de 20/01,exclude_affected_listings,Sem os três imóveis afetados,preco_por_quarto,Preço anunciado por quarto,não aplicável,centro|casa|4 quartos,Centro · casa · 4 quartos,Centro,casa,4,2,350.0,300.0,400.0,,,evidência insuficiente,2,1,0.5,2,350.0,250.0,450.0,9.0
snapshot_2025_01_20,Captura de 20/01,exclude_affected_listings,Sem os três imóveis afetados,preco_por_quarto,Preço anunciado por quarto,não aplicável,ilhota|apartamento|1 quarto,Ilhota · apartamento · 1 quarto,Ilhota,apartamento,1,2,345.5,343.25,347.75,,,evidência insuficiente,1,2,1.0,1,345.5,,,10.0
snapshot_2025_01_20,Captura de 20/01,exclude_affected_listings,Sem os três imóveis afetados,preco_por_quarto,Preço anunciado por quarto,não aplicável,centro|apartamento|2 quartos,Centro · apartamento · 2 quartos,Centro,apartamento,2,59,300.0,199.5,341.0,199.5,314.3125,principal,37,20,0.3389830508474576,1,240.0,224.5,224.5,11.0
snapshot_2025_01_20,Captura de 20/01,exclude_affected_listings,Sem os três imóveis afetados,preco_por_quarto,Preço anunciado por quarto,não aplicável,varzea|casa|5 quartos,Varzea · casa · 5 quartos,Varzea,casa,5,1,300.0,300.0,300.0,,,evidência insuficiente,1,1,1.0,1,300.0,,,11.0
snapshot_2025_01_20,Captura de 20/01,exclude_affected_listings,Sem os três imóveis afetados,preco_por_quarto,Preço anunciado por quarto,não aplicável,casa branca|casa|1 quarto,Casa Branca · casa · 1 quarto,Casa Branca,casa,1,1,300.0,300.0,300.0,,,evidência insuficiente,1,1,1.0,1,300.0,,,11.0
snapshot_2025_01_20,Captura de 20/01,exclude_affected_listings,Sem os três imóveis afetados,preco_por_quarto,Preço anunciado por quarto,não aplicável,ilhota|apartamento|2 quartos,Ilhota · apartamento · 2 quartos,Ilhota,apartamento,2,1,292.5,292.5,292.5,,,evidência insuficiente,1,1,1.0,1,292.5,,,14.0
snapshot_2025_01_20,Captura de 20/01,exclude_affected_listings,Sem os três imóveis afetados,preco_por_quarto,Preço anunciado por quarto,não aplicável,centro|casa|1 quarto,Centro · casa · 1 quarto,Centro,casa,1,1,283.0,283.0,283.0,,,evidência insuficiente,1,1,1.0,1,283.0,,,15.0
snapshot_2025_01_20,Captura de 20/01,exclude_affected_listings,Sem os três imóveis afetados,preco_por_quarto,Preço anunciado por quarto,não aplicável,alto sao bento|apartamento|1 quarto,Alto Sao Bento · apartamento · 1 quarto,Alto Sao Bento,apartamento,1,1,280.0,280.0,280.0,,,evidência insuficiente,1,1,1.0,1,280.0,,,16.0
snapshot_2025_01_20,Captura de 20/01,exclude_affected_listings,Sem os três imóveis afetados,preco_por_quarto,Preço anunciado por quarto,não aplicável,morretes|casa|4 quartos,Morretes · casa · 4 quartos,Morretes,casa,4,2,275.0,262.5,287.5,,,evidência insuficiente,2,1,0.5,2,275.0,250.0,300.0,17.0
snapshot_2025_01_20,Captura de 20/01,exclude_affected_listings,Sem os três imóveis afetados,preco_por_quarto,Preço anunciado por quarto,não aplicável,canto da praia|apartamento|2 quartos,Canto da Praia · apartamento · 2 quartos,Canto da Praia,apartamento,2,4,254.5,247.375,267.125,,,evidência insuficiente,4,1,0.25,4,254.5,250.0,259.0,18.0
snapshot_2025_01_20,Captura de 20/01,exclude_affected_listings,Sem os três imóveis afetados,preco_por_quarto,Preço anunciado por quarto,não aplicável,sertaozinho|casa|2 quartos,Sertaozinho · casa · 2 quartos,Sertaozinho,casa,2,1,250.0,250.0,250.0,,,evidência insuficiente,1,1,1.0,1,250.0,,,19.0
snapshot_2025_01_20,Captura de 20/01,exclude_affected_listings,Sem os três imóveis afetados,preco_por_quarto,Preço anunciado por quarto,não aplicável,sertao do trombudo|casa|4 quartos,Sertao do Trombudo · casa · 4 quartos,Sertao do Trombudo,casa,4,1,250.0,250.0,250.0,,,evidência insuficiente,1,1,1.0,1,250.0,,,19.0
snapshot_2025_01_20,Captura de 20/01,exclude_affected_listings,Sem os três imóveis afetados,preco_por_quarto,Preço anunciado por quarto,não aplicável,ilhota|casa|4 quartos,Ilhota · casa · 4 quartos,Ilhota,casa,4,1,236.5,236.5,236.5,,,evidência insuficiente,1,1,1.0,1,236.5,,,21.0
snapshot_2025_01_20,Captura de 20/01,exclude_affected_listings,Sem os três imóveis afetados,preco_por_quarto,Preço anunciado por quarto,não aplicável,varzea|casa|3 quartos,Varzea · casa · 3 quartos,Varzea,casa,3,1,233.33333333333334,233.33333333333334,233.33333333333334,,,evidência insuficiente,1,1,1.0,1,233.33333333333334,,,22.0
snapshot_2025_01_20,Captura de 20/01,exclude_affected_listings,Sem os três imóveis afetados,preco_por_quarto,Preço anunciado por quarto,não aplicável,morretes|apartamento|2 quartos,Morretes · apartamento · 2 quartos,Morretes,apartamento,2,42,225.875,175.375,270.625,192.5,250.0,principal,33,7,0.16666666666666666,1,224.25,210.0,210.0,23.0
snapshot_2025_01_20,Captura de 20/01,exclude_affected_listings,Sem os três imóveis afetados,preco_por_quarto,Preço anunciado por quarto,não aplicável,meia praia|apartamento|4 quartos,Meia Praia · apartamento · 4 quartos,Meia Praia,apartamento,4,43,224.75,183.75,384.25,205.0,350.0,principal,38,2,0.046511627906976744,5,218.5,218.5,224.75,24.0
snapshot_2025_01_20,Captura de 20/01,exclude_affected_listings,Sem os três imóveis afetados,preco_por_quarto,Preço anunciado por quarto,não aplicável,meia praia|apartamento|2 quartos,Meia Praia · apartamento · 2 quartos,Meia Praia,apartamento,2,126,224.0,175.0,275.0,200.0,234.25,principal,112,7,0.05555555555555555,1,213.75,210.0,210.0,25.0
snapshot_2025_01_20,Captura de 20/01,exclude_affected_listings,Sem os três imóveis afetados,preco_por_quarto,Preço anunciado por quarto,não aplicável,centro|apartamento|3 quartos,Centro · apartamento · 3 quartos,Centro,apartamento,3,38,221.33333333333331,166.66666666666666,277.58333333333337,172.66666666666666,266.6666666666667,principal,34,4,0.10526315789473684,1,223.08333333333331,221.25,221.25,26.0
snapshot_2025_01_20,Captura de 20/01,exclude_affected_listings,Sem os três imóveis afetados,preco_por_quarto,Preço anunciado por quarto,não aplicável,meia praia|apartamento|3 quartos,Meia Praia · apartamento · 3 quartos,Meia Praia,apartamento,3,284,216.66666666666666,166.66666666666666,272.1666583333333,200.0,233.33333333333334,principal,235,12,0.04225352112676056,1,216.66666666666666,216.66666666666666,216.66666666666666,27.0
snapshot_2025_01_20,Captura de 20/01,exclude_affected_listings,Sem os três imóveis afetados,preco_por_quarto,Preço anunciado por quarto,não aplicável,morretes|apartamento|3 quartos,Morretes · apartamento · 3 quartos,Morretes,apartamento,3,9,216.66666666666666,183.33333333333334,336.8333333333333,166.66666666666666,340.6666666666667,evidência insuficiente,9,1,0.1111111111111111,9,216.66666666666666,212.027775,216.83333333333331,27.0
snapshot_2025_01_20,Captura de 20/01,exclude_affected_listings,Sem os três imóveis afetados,preco_por_quarto,Preço anunciado por quarto,não aplicável,tabuleiro dos oliveiras|apartamento|3 quartos,Tabuleiro dos Oliveiras · apartamento · 3 quartos,Tabuleiro dos Oliveiras,apartamento,3,3,213.33333333333334,195.0,218.33333333333334,,,evidência insuficiente,3,1,0.3333333333333333,3,213.33333333333334,195.0,218.33333333333334,29.0
snapshot_2025_01_20,Captura de 20/01,exclude_affected_listings,Sem os três imóveis afetados,preco_por_quarto,Preço anunciado por quarto,não aplicável,alto sao bento|casa|12 quartos,Alto Sao Bento · casa · 12 quartos,Alto Sao Bento,casa,12,1,208.33333333333334,208.33333333333334,208.33333333333334,,,evidência insuficiente,1,1,1.0,1,208.33333333333334,,,30.0
snapshot_2025_01_20,Captura de 20/01,exclude_affected_listings,Sem os três imóveis afetados,preco_por_quarto,Preço anunciado por quarto,não aplicável,tabuleiro dos oliveiras|apartamento|2 quartos,Tabuleiro dos Oliveiras · apartamento · 2 quartos,Tabuleiro dos Oliveiras,apartamento,2,12,199.75,190.0,276.625,175.0,261.5,exploratório,11,2,0.16666666666666666,1,199.5,199.0,199.0,31.0
snapshot_2025_01_20,Captura de 20/01,exclude_affected_listings,Sem os três imóveis afetados,preco_por_quarto,Preço anunciado por quarto,não aplicável,ilhota|casa|3 quartos,Ilhota · casa · 3 quartos,Ilhota,casa,3,2,198.33333333333334,180.83333333333334,215.83333333333334,,,evidência insuficiente,2,1,0.5,2,198.33333333333334,163.33333333333334,233.33333333333334,32.0
snapshot_2025_01_20,Captura de 20/01,exclude_affected_listings,Sem os três imóveis afetados,preco_por_quarto,Preço anunciado por quarto,não aplicável,meia praia|casa|1 quarto,Meia Praia · casa · 1 quarto,Meia Praia,casa,1,1,195.0,195.0,195.0,,,evidência insuficiente,1,1,1.0,1,195.0,,,33.0
snapshot_2025_01_20,Captura de 20/01,exclude_affected_listings,Sem os três imóveis afetados,preco_por_quarto,Preço anunciado por quarto,não aplicável,meia praia|apartamento|5 quartos,Meia Praia · apartamento · 5 quartos,Meia Praia,apartamento,5,1,180.0,180.0,180.0,,,evidência insuficiente,1,1,1.0,1,180.0,,,34.0
snapshot_2025_01_20,Captura de 20/01,exclude_affected_listings,Sem os três imóveis afetados,preco_por_quarto,Preço anunciado por quarto,não aplicável,morretes|casa|2 quartos,Morretes · casa · 2 quartos,Morretes,casa,2,8,161.75,149.40625,190.375,149.125,220.0,evidência insuficiente,7,2,0.25,1,150.0,149.75,149.75,35.0
snapshot_2025_01_20,Captura de 20/01,exclude_affected_listings,Sem os três imóveis afetados,preco_por_quarto,Preço anunciado por quarto,não aplicável,morretes|apartamento|4 quartos,Morretes · apartamento · 4 quartos,Morretes,apartamento,4,1,147.5,147.5,147.5,,,evidência insuficiente,1,1,1.0,1,147.5,,,36.0
snapshot_2025_01_20,Captura de 20/01,exclude_affected_listings,Sem os três imóveis afetados,preco_por_quarto,Preço anunciado por quarto,não aplicável,casa branca|apartamento|3 quartos,Casa Branca · apartamento · 3 quartos,Casa Branca,apartamento,3,2,134.33333333333331,118.16666666666666,150.5,,,evidência insuficiente,2,1,0.5,2,134.33333333333331,102.0,166.66666666666666,37.0
snapshot_2025_01_20,Captura de 20/01,exclude_affected_listings,Sem os três imóveis afetados,preco_por_quarto,Preço anunciado por quarto,não aplicável,casa branca|apartamento|2 quartos,Casa Branca · apartamento · 2 quartos,Casa Branca,apartamento,2,4,130.0,116.875,148.625,,,evidência insuficiente,4,1,0.25,4,130.0,120.0,140.0,38.0
snapshot_2025_01_20,Captura de 20/01,exclude_affected_listings,Sem os três imóveis afetados,preco_por_quarto,Preço anunciado por quarto,não aplicável,meia praia|casa|4 quartos,Meia Praia · casa · 4 quartos,Meia Praia,casa,4,1,125.0,125.0,125.0,,,evidência insuficiente,1,1,1.0,1,125.0,,,39.0
snapshot_2025_01_20,Captura de 20/01,exclude_affected_listings,Sem os três imóveis afetados,preco_por_quarto,Preço anunciado por quarto,não aplicável,centro|casa|2 quartos,Centro · casa · 2 quartos,Centro,casa,2,1,125.0,125.0,125.0,,,evidência insuficiente,1,1,1.0,1,125.0,,,39.0
snapshot_2025_01_20,Captura de 20/01,exclude_affected_listings,Sem os três imóveis afetados,preco_por_quarto,Preço anunciado por quarto,não aplicável,centro|apartamento|4 quartos,Centro · apartamento · 4 quartos,Centro,apartamento,4,1,112.5,112.5,112.5,,,evidência insuficiente,1,1,1.0,1,112.5,,,41.0
snapshot_2025_01_20,Captura de 20/01,exclude_affected_listings,Sem os três imóveis afetados,preco_por_quarto,Preço anunciado por quarto,não aplicável,ilhota|casa|2 quartos,Ilhota · casa · 2 quartos,Ilhota,casa,2,1,105.0,105.0,105.0,,,evidência insuficiente,1,1,1.0,1,105.0,,,42.0
snapshot_2025_01_20,Captura de 20/01,exclude_affected_listings,Sem os três imóveis afetados,preco_por_quarto,Preço anunciado por quarto,não aplicável,canto da praia|apartamento|3 quartos,Canto da Praia · apartamento · 3 quartos,Canto da Praia,apartamento,3,1,102.54166666666667,102.54166666666667,102.54166666666667,,,evidência insuficiente,1,1,1.0,1,102.54166666666667,,,43.0
snapshot_2025_01_20,Captura de 20/01,exclude_affected_listings,Sem os três imóveis afetados,preco_por_quarto,Preço anunciado por quarto,não aplicável,alto sao bento|apartamento|2 quartos,Alto Sao Bento · apartamento · 2 quartos,Alto Sao Bento,apartamento,2,1,99.5,99.5,99.5,,,evidência insuficiente,1,1,1.0,1,99.5,,,44.0
snapshot_2025_01_20,Captura de 20/01,exclude_affected_listings,Sem os três imóveis afetados,preco_total,Preço anunciado total,não aplicável,sertaozinho|casa|6 quartos,Sertaozinho · casa · 6 quartos,Sertaozinho,casa,6,2,2581.25,2121.875,3040.625,,,evidência insuficiente,2,1,0.5,2,2581.25,1662.5,3500.0,1.0
snapshot_2025_01_20,Captura de 20/01,exclude_affected_listings,Sem os três imóveis afetados,preco_total,Preço anunciado total,não aplicável,alto sao bento|casa|12 quartos,Alto Sao Bento · casa · 12 quartos,Alto Sao Bento,casa,12,1,2500.0,2500.0,2500.0,,,evidência insuficiente,1,1,1.0,1,2500.0,,,2.0
snapshot_2025_01_20,Captura de 20/01,exclude_affected_listings,Sem os três imóveis afetados,preco_total,Preço anunciado total,não aplicável,tabuleiro dos oliveiras|casa|4 quartos,Tabuleiro dos Oliveiras · casa · 4 quartos,Tabuleiro dos Oliveiras,casa,4,1,1700.0,1700.0,1700.0,,,evidência insuficiente,1,1,1.0,1,1700.0,,,3.0
snapshot_2025_01_20,Captura de 20/01,exclude_affected_listings,Sem os três imóveis afetados,preco_total,Preço anunciado total,não aplicável,varzea|casa|5 quartos,Varzea · casa · 5 quartos,Varzea,casa,5,1,1500.0,1500.0,1500.0,,,evidência insuficiente,1,1,1.0,1,1500.0,,,4.0
snapshot_2025_01_20,Captura de 20/01,exclude_affected_listings,Sem os três imóveis afetados,preco_total,Preço anunciado total,não aplicável,centro|casa|4 quartos,Centro · casa · 4 quartos,Centro,casa,4,2,1400.0,1200.0,1600.0,,,evidência insuficiente,2,1,0.5,2,1400.0,1000.0,1800.0,5.0
snapshot_2025_01_20,Captura de 20/01,exclude_affected_listings,Sem os três imóveis afetados,preco_total,Preço anunciado total,não aplicável,morretes|casa|4 quartos,Morretes · casa · 4 quartos,Morretes,casa,4,2,1100.0,1050.0,1150.0,,,evidência insuficiente,2,1,0.5,2,1100.0,1000.0,1200.0,6.0
snapshot_2025_01_20,Captura de 20/01,exclude_affected_listings,Sem os três imóveis afetados,preco_total,Preço anunciado total,não aplicável,sertao do trombudo|casa|4 quartos,Sertao do Trombudo · casa · 4 quartos,Sertao do Trombudo,casa,4,1,1000.0,1000.0,1000.0,,,evidência insuficiente,1,1,1.0,1,1000.0,,,7.0
snapshot_2025_01_20,Captura de 20/01,exclude_affected_listings,Sem os três imóveis afetados,preco_total,Preço anunciado total,não aplicável,ilhota|casa|4 quartos,Ilhota · casa · 4 quartos,Ilhota,casa,4,1,946.0,946.0,946.0,,,evidência insuficiente,1,1,1.0,1,946.0,,,8.0
snapshot_2025_01_20,Captura de 20/01,exclude_affected_listings,Sem os três imóveis afetados,preco_total,Preço anunciado total,não aplicável,meia praia|apartamento|5 quartos,Meia Praia · apartamento · 5 quartos,Meia Praia,apartamento,5,1,900.0,900.0,900.0,,,evidência insuficiente,1,1,1.0,1,900.0,,,9.0
snapshot_2025_01_20,Captura de 20/01,exclude_affected_listings,Sem os três imóveis afetados,preco_total,Preço anunciado total,não aplicável,meia praia|apartamento|4 quartos,Meia Praia · apartamento · 4 quartos,Meia Praia,apartamento,4,43,899.0,735.0,1537.0,820.0,1400.0,principal,38,2,0.046511627906976744,5,874.0,874.0,899.0,10.0
snapshot_2025_01_20,Captura de 20/01,exclude_affected_listings,Sem os três imóveis afetados,preco_total,Preço anunciado total,não aplicável,varzea|casa|3 quartos,Varzea · casa · 3 quartos,Varzea,casa,3,1,700.0,700.0,700.0,,,evidência insuficiente,1,1,1.0,1,700.0,,,11.0
snapshot_2025_01_20,Captura de 20/01,exclude_affected_listings,Sem os três imóveis afetados,preco_total,Preço anunciado total,não aplicável,centro|apartamento|3 quartos,Centro · apartamento · 3 quartos,Centro,apartamento,3,38,664.0,500.0,832.75,523.0,800.0,principal,34,4,0.10526315789473684,1,669.25,663.75,663.75,12.0
snapshot_2025_01_20,Captura de 20/01,exclude_affected_listings,Sem os três imóveis afetados,preco_total,Preço anunciado total,não aplicável,meia praia|apartamento|3 quartos,Meia Praia · apartamento · 3 quartos,Meia Praia,apartamento,3,284,650.0,500.0,816.499975,601.0,700.0,principal,235,12,0.04225352112676056,1,650.0,650.0,650.0,13.0
snapshot_2025_01_20,Captura de 20/01,exclude_affected_listings,Sem os três imóveis afetados,preco_total,Preço anunciado total,não aplicável,morretes|apartamento|3 quartos,Morretes · apartamento · 3 quartos,Morretes,apartamento,3,9,650.0,550.0,1010.5,500.0,1022.0,evidência insuficiente,9,1,0.1111111111111111,9,650.0,636.0833250000001,650.5,13.0
snapshot_2025_01_20,Captura de 20/01,exclude_affected_listings,Sem os três imóveis afetados,preco_total,Preço anunciado total,não aplicável,tabuleiro dos oliveiras|apartamento|3 quartos,Tabuleiro dos Oliveiras · apartamento · 3 quartos,Tabuleiro dos Oliveiras,apartamento,3,3,640.0,585.0,655.0,,,evidência insuficiente,3,1,0.3333333333333333,3,640.0,585.0,655.0,15.0
snapshot_2025_01_20,Captura de 20/01,exclude_affected_listings,Sem os três imóveis afetados,preco_total,Preço anunciado total,não aplicável,centro|apartamento|2 quartos,Centro · apartamento · 2 quartos,Centro,apartamento,2,59,600.0,399.0,682.0,399.0,629.5,principal,37,20,0.3389830508474576,1,480.0,449.0,449.0,16.0
snapshot_2025_01_20,Captura de 20/01,exclude_affected_listings,Sem os três imóveis afetados,preco_total,Preço anunciado total,não aplicável,ilhota|casa|3 quartos,Ilhota · casa · 3 quartos,Ilhota,casa,3,2,595.0,542.5,647.5,,,evidência insuficiente,2,1,0.5,2,595.0,490.0,700.0,17.0
snapshot_2025_01_20,Captura de 20/01,exclude_affected_listings,Sem os três imóveis afetados,preco_total,Preço anunciado total,não aplicável,morretes|apartamento|4 quartos,Morretes · apartamento · 4 quartos,Morretes,apartamento,4,1,590.0,590.0,590.0,,,evidência insuficiente,1,1,1.0,1,590.0,,,18.0
snapshot_2025_01_20,Captura de 20/01,exclude_affected_listings,Sem os três imóveis afetados,preco_total,Preço anunciado total,não aplicável,ilhota|apartamento|2 quartos,Ilhota · apartamento · 2 quartos,Ilhota,apartamento,2,1,585.0,585.0,585.0,,,evidência insuficiente,1,1,1.0,1,585.0,,,19.0
snapshot_2025_01_20,Captura de 20/01,exclude_affected_listings,Sem os três imóveis afetados,preco_total,Preço anunciado total,não aplicável,areal|casa|1 quarto,Areal · casa · 1 quarto,Areal,casa,1,1,556.0,556.0,556.0,,,evidência insuficiente,1,1,1.0,1,556.0,,,20.0
snapshot_2025_01_20,Captura de 20/01,exclude_affected_listings,Sem os três imóveis afetados,preco_total,Preço anunciado total,não aplicável,canto da praia|apartamento|2 quartos,Canto da Praia · apartamento · 2 quartos,Canto da Praia,apartamento,2,4,509.0,494.75,534.25,,,evidência insuficiente,4,1,0.25,4,509.0,500.0,518.0,21.0
snapshot_2025_01_20,Captura de 20/01,exclude_affected_listings,Sem os três imóveis afetados,preco_total,Preço anunciado total,não aplicável,sertaozinho|casa|2 quartos,Sertaozinho · casa · 2 quartos,Sertaozinho,casa,2,1,500.0,500.0,500.0,,,evidência insuficiente,1,1,1.0,1,500.0,,,22.0
snapshot_2025_01_20,Captura de 20/01,exclude_affected_listings,Sem os três imóveis afetados,preco_total,Preço anunciado total,não aplicável,meia praia|casa|4 quartos,Meia Praia · casa · 4 quartos,Meia Praia,casa,4,1,500.0,500.0,500.0,,,evidência insuficiente,1,1,1.0,1,500.0,,,22.0
snapshot_2025_01_20,Captura de 20/01,exclude_affected_listings,Sem os três imóveis afetados,preco_total,Preço anunciado total,não aplicável,morretes|apartamento|2 quartos,Morretes · apartamento · 2 quartos,Morretes,apartamento,2,42,451.75,350.75,541.25,384.9375,486.5,principal,33,7,0.16666666666666666,1,448.5,420.0,420.0,24.0
snapshot_2025_01_20,Captura de 20/01,exclude_affected_listings,Sem os três imóveis afetados,preco_total,Preço anunciado total,não aplicável,centro|apartamento|1 quarto,Centro · apartamento · 1 quarto,Centro,apartamento,1,75,450.0,378.25,497.0,427.0,500.0,principal,17,54,0.72,1,450.0,450.0,450.0,25.0
snapshot_2025_01_20,Captura de 20/01,exclude_affected_listings,Sem os três imóveis afetados,preco_total,Preço anunciado total,não aplicável,varzea|casa|1 quarto,Varzea · casa · 1 quarto,Varzea,casa,1,1,450.0,450.0,450.0,,,evidência insuficiente,1,1,1.0,1,450.0,,,25.0
snapshot_2025_01_20,Captura de 20/01,exclude_affected_listings,Sem os três imóveis afetados,preco_total,Preço anunciado total,não aplicável,centro|apartamento|4 quartos,Centro · apartamento · 4 quartos,Centro,apartamento,4,1,450.0,450.0,450.0,,,evidência insuficiente,1,1,1.0,1,450.0,,,25.0
snapshot_2025_01_20,Captura de 20/01,exclude_affected_listings,Sem os três imóveis afetados,preco_total,Preço anunciado total,não aplicável,meia praia|apartamento|2 quartos,Meia Praia · apartamento · 2 quartos,Meia Praia,apartamento,2,126,448.0,350.0,550.0,400.0,468.56249999999994,principal,112,7,0.05555555555555555,1,427.5,420.0,420.0,28.0
snapshot_2025_01_20,Captura de 20/01,exclude_affected_listings,Sem os três imóveis afetados,preco_total,Preço anunciado total,não aplicável,meia praia|apartamento|1 quarto,Meia Praia · apartamento · 1 quarto,Meia Praia,apartamento,1,16,440.0,382.875,510.75,379.9125,509.0,exploratório,14,3,0.1875,1,400.0,400.0,400.0,29.0
snapshot_2025_01_20,Captura de 20/01,exclude_affected_listings,Sem os três imóveis afetados,preco_total,Preço anunciado total,não aplicável,casa branca|apartamento|3 quartos,Casa Branca · apartamento · 3 quartos,Casa Branca,apartamento,3,2,403.0,354.5,451.5,,,evidência insuficiente,2,1,0.5,2,403.0,306.0,500.0,30.0
snapshot_2025_01_20,Captura de 20/01,exclude_affected_listings,Sem os três imóveis afetados,preco_total,Preço anunciado total,não aplicável,morretes|apartamento|1 quarto,Morretes · apartamento · 1 quarto,Morretes,apartamento,1,3,400.0,375.0,440.0,,,evidência insuficiente,3,1,0.3333333333333333,3,400.0,375.0,440.0,31.0
snapshot_2025_01_20,Captura de 20/01,exclude_affected_listings,Sem os três imóveis afetados,preco_total,Preço anunciado total,não aplicável,tabuleiro dos oliveiras|apartamento|2 quartos,Tabuleiro dos Oliveiras · apartamento · 2 quartos,Tabuleiro dos Oliveiras,apartamento,2,12,399.5,380.0,553.25,373.5,583.5,exploratório,11,2,0.16666666666666666,1,399.0,398.0,398.0,32.0
snapshot_2025_01_20,Captura de 20/01,exclude_affected_listings,Sem os três imóveis afetados,preco_total,Preço anunciado total,não aplicável,meia praia|apartamento|0 quartos,Meia Praia · apartamento · 0 quartos,Meia Praia,apartamento,0,7,380.0,315.4,515.0,300.0,540.0,evidência insuficiente,7,1,0.14285714285714285,7,380.0,355.4,435.0,33.0
snapshot_2025_01_20,Captura de 20/01,exclude_affected_listings,Sem os três imóveis afetados,preco_total,Preço anunciado total,não aplicável,sertao do trombudo|casa|1 quarto,Sertao do Trombudo · casa · 1 quarto,Sertao do Trombudo,casa,1,2,380.0,375.0,385.0,,,evidência insuficiente,1,2,1.0,1,380.0,,,33.0
snapshot_2025_01_20,Captura de 20/01,exclude_affected_listings,Sem os três imóveis afetados,preco_total,Preço anunciado total,não aplicável,ilhota|apartamento|1 quarto,Ilhota · apartamento · 1 quarto,Ilhota,apartamento,1,2,345.5,343.25,347.75,,,evidência insuficiente,1,2,1.0,1,345.5,,,35.0
snapshot_2025_01_20,Captura de 20/01,exclude_affected_listings,Sem os três imóveis afetados,preco_total,Preço anunciado total,não aplicável,morretes|casa|2 quartos,Morretes · casa · 2 quartos,Morretes,casa,2,8,323.5,298.8125,380.75,298.25,440.0,evidência insuficiente,7,2,0.25,1,300.0,299.5,299.5,36.0
snapshot_2025_01_20,Captura de 20/01,exclude_affected_listings,Sem os três imóveis afetados,preco_total,Preço anunciado total,não aplicável,canto da praia|apartamento|3 quartos,Canto da Praia · apartamento · 3 quartos,Canto da Praia,apartamento,3,1,307.625,307.625,307.625,,,evidência insuficiente,1,1,1.0,1,307.625,,,37.0
snapshot_2025_01_20,Captura de 20/01,exclude_affected_listings,Sem os três imóveis afetados,preco_total,Preço anunciado total,não aplicável,casa branca|casa|1 quarto,Casa Branca · casa · 1 quarto,Casa Branca,casa,1,1,300.0,300.0,300.0,,,evidência insuficiente,1,1,1.0,1,300.0,,,38.0
snapshot_2025_01_20,Captura de 20/01,exclude_affected_listings,Sem os três imóveis afetados,preco_total,Preço anunciado total,não aplicável,centro|casa|1 quarto,Centro · casa · 1 quarto,Centro,casa,1,1,283.0,283.0,283.0,,,evidência insuficiente,1,1,1.0,1,283.0,,,39.0
snapshot_2025_01_20,Captura de 20/01,exclude_affected_listings,Sem os três imóveis afetados,preco_total,Preço anunciado total,não aplicável,alto sao bento|apartamento|1 quarto,Alto Sao Bento · apartamento · 1 quarto,Alto Sao Bento,apartamento,1,1,280.0,280.0,280.0,,,evidência insuficiente,1,1,1.0,1,280.0,,,40.0
snapshot_2025_01_20,Captura de 20/01,exclude_affected_listings,Sem os três imóveis afetados,preco_total,Preço anunciado total,não aplicável,casa branca|apartamento|2 quartos,Casa Branca · apartamento · 2 quartos,Casa Branca,apartamento,2,4,260.0,233.75,297.25,,,evidência insuficiente,4,1,0.25,4,260.0,240.0,280.0,41.0
snapshot_2025_01_20,Captura de 20/01,exclude_affected_listings,Sem os três imóveis afetados,preco_total,Preço anunciado total,não aplicável,centro|casa|2 quartos,Centro · casa · 2 quartos,Centro,casa,2,1,250.0,250.0,250.0,,,evidência insuficiente,1,1,1.0,1,250.0,,,42.0
snapshot_2025_01_20,Captura de 20/01,exclude_affected_listings,Sem os três imóveis afetados,preco_total,Preço anunciado total,não aplicável,ilhota|casa|2 quartos,Ilhota · casa · 2 quartos,Ilhota,casa,2,1,210.0,210.0,210.0,,,evidência insuficiente,1,1,1.0,1,210.0,,,43.0
snapshot_2025_01_20,Captura de 20/01,exclude_affected_listings,Sem os três imóveis afetados,preco_total,Preço anunciado total,não aplicável,alto sao bento|apartamento|2 quartos,Alto Sao Bento · apartamento · 2 quartos,Alto Sao Bento,apartamento,2,1,199.0,199.0,199.0,,,evidência insuficiente,1,1,1.0,1,199.0,,,44.0
snapshot_2025_01_20,Captura de 20/01,exclude_affected_listings,Sem os três imóveis afetados,preco_total,Preço anunciado total,não aplicável,meia praia|casa|1 quarto,Meia Praia · casa · 1 quarto,Meia Praia,casa,1,1,195.0,195.0,195.0,,,evidência insuficiente,1,1,1.0,1,195.0,,,45.0
snapshot_2025_01_20,Captura de 20/01,exclude_suspicious_prices,Sem preços ≥ 10 mil,preco_por_hospede,Preço anunciado por hóspede comportado,todas as capacidades positivas,areal|casa|1 quarto,Areal · casa · 1 quarto,Areal,casa,1,1,278.0,278.0,278.0,,,evidência insuficiente,1,1,1.0,1,278.0,,,1.0
snapshot_2025_01_20,Captura de 20/01,exclude_suspicious_prices,Sem preços ≥ 10 mil,preco_por_hospede,Preço anunciado por hóspede comportado,sem capacidades positivas suspeitas,areal|casa|1 quarto,Areal · casa · 1 quarto,Areal,casa,1,1,278.0,278.0,278.0,,,evidência insuficiente,1,1,1.0,1,278.0,,,1.0
snapshot_2025_01_20,Captura de 20/01,exclude_suspicious_prices,Sem preços ≥ 10 mil,preco_por_hospede,Preço anunciado por hóspede comportado,todas as capacidades positivas,sertao do trombudo|casa|1 quarto,Sertao do Trombudo · casa · 1 quarto,Sertao do Trombudo,casa,1,2,190.0,187.5,192.5,,,evidência insuficiente,1,2,1.0,1,190.0,,,2.0
snapshot_2025_01_20,Captura de 20/01,exclude_suspicious_prices,Sem preços ≥ 10 mil,preco_por_hospede,Preço anunciado por hóspede comportado,sem capacidades positivas suspeitas,sertao do trombudo|casa|1 quarto,Sertao do Trombudo · casa · 1 quarto,Sertao do Trombudo,casa,1,2,190.0,187.5,192.5,,,evidência insuficiente,1,2,1.0,1,190.0,,,2.0
snapshot_2025_01_20,Captura de 20/01,exclude_suspicious_prices,Sem preços ≥ 10 mil,preco_por_hospede,Preço anunciado por hóspede comportado,todas as capacidades positivas,sertaozinho|casa|6 quartos,Sertaozinho · casa · 6 quartos,Sertaozinho,casa,6,2,161.328125,132.6171875,190.0390625,,,evidência insuficiente,2,1,0.5,2,161.328125,103.90625,218.75,3.0
snapshot_2025_01_20,Captura de 20/01,exclude_suspicious_prices,Sem preços ≥ 10 mil,preco_por_hospede,Preço anunciado por hóspede comportado,sem capacidades positivas suspeitas,sertaozinho|casa|6 quartos,Sertaozinho · casa · 6 quartos,Sertaozinho,casa,6,2,161.328125,132.6171875,190.0390625,,,evidência insuficiente,2,1,0.5,2,161.328125,103.90625,218.75,3.0
snapshot_2025_01_20,Captura de 20/01,exclude_suspicious_prices,Sem preços ≥ 10 mil,preco_por_hospede,Preço anunciado por hóspede comportado,todas as capacidades positivas,alto sao bento|casa|12 quartos,Alto Sao Bento · casa · 12 quartos,Alto Sao Bento,casa,12,1,156.25,156.25,156.25,,,evidência insuficiente,1,1,1.0,1,156.25,,,4.0
snapshot_2025_01_20,Captura de 20/01,exclude_suspicious_prices,Sem preços ≥ 10 mil,preco_por_hospede,Preço anunciado por hóspede comportado,sem capacidades positivas suspeitas,alto sao bento|casa|12 quartos,Alto Sao Bento · casa · 12 quartos,Alto Sao Bento,casa,12,1,156.25,156.25,156.25,,,evidência insuficiente,1,1,1.0,1,156.25,,,4.0
snapshot_2025_01_20,Captura de 20/01,exclude_suspicious_prices,Sem preços ≥ 10 mil,preco_por_hospede,Preço anunciado por hóspede comportado,todas as capacidades positivas,casa branca|casa|1 quarto,Casa Branca · casa · 1 quarto,Casa Branca,casa,1,1,150.0,150.0,150.0,,,evidência insuficiente,1,1,1.0,1,150.0,,,5.0
snapshot_2025_01_20,Captura de 20/01,exclude_suspicious_prices,Sem preços ≥ 10 mil,preco_por_hospede,Preço anunciado por hóspede comportado,sem capacidades positivas suspeitas,casa branca|casa|1 quarto,Casa Branca · casa · 1 quarto,Casa Branca,casa,1,1,150.0,150.0,150.0,,,evidência insuficiente,1,1,1.0,1,150.0,,,5.0
snapshot_2025_01_20,Captura de 20/01,exclude_suspicious_prices,Sem preços ≥ 10 mil,preco_por_hospede,Preço anunciado por hóspede comportado,todas as capacidades positivas,tabuleiro dos oliveiras|casa|4 quartos,Tabuleiro dos Oliveiras · casa · 4 quartos,Tabuleiro dos Oliveiras,casa,4,1,141.66666666666666,141.66666666666666,141.66666666666666,,,evidência insuficiente,1,1,1.0,1,141.66666666666666,,,6.0
snapshot_2025_01_20,Captura de 20/01,exclude_suspicious_prices,Sem preços ≥ 10 mil,preco_por_hospede,Preço anunciado por hóspede comportado,sem capacidades positivas suspeitas,tabuleiro dos oliveiras|casa|4 quartos,Tabuleiro dos Oliveiras · casa · 4 quartos,Tabuleiro dos Oliveiras,casa,4,1,141.66666666666666,141.66666666666666,141.66666666666666,,,evidência insuficiente,1,1,1.0,1,141.66666666666666,,,6.0
snapshot_2025_01_20,Captura de 20/01,exclude_suspicious_prices,Sem preços ≥ 10 mil,preco_por_hospede,Preço anunciado por hóspede comportado,todas as capacidades positivas,centro|apartamento|1 quarto,Centro · apartamento · 1 quarto,Centro,apartamento,1,75,136.5,118.34375,189.125,107.01785625,150.0,principal,17,54,0.72,1,136.75,112.5,112.5,7.0
snapshot_2025_01_20,Captura de 20/01,exclude_suspicious_prices,Sem preços ≥ 10 mil,preco_por_hospede,Preço anunciado por hóspede comportado,sem capacidades positivas suspeitas,centro|apartamento|1 quarto,Centro · apartamento · 1 quarto,Centro,apartamento,1,75,136.5,118.34375,189.125,105.94285625,150.0,principal,17,54,0.72,1,136.75,112.5,112.5,7.0
snapshot_2025_01_20,Captura de 20/01,exclude_suspicious_prices,Sem preços ≥ 10 mil,preco_por_hospede,Preço anunciado por hóspede comportado,todas as capacidades positivas,meia praia|apartamento|1 quarto,Meia Praia · apartamento · 1 quarto,Meia Praia,apartamento,1,16,123.75,99.0625,201.1875,98.125,240.0,exploratório,14,3,0.1875,1,116.25,110.0,110.0,8.0
snapshot_2025_01_20,Captura de 20/01,exclude_suspicious_prices,Sem preços ≥ 10 mil,preco_por_hospede,Preço anunciado por hóspede comportado,sem capacidades positivas suspeitas,meia praia|apartamento|1 quarto,Meia Praia · apartamento · 1 quarto,Meia Praia,apartamento,1,16,123.75,99.0625,201.1875,98.125,240.0,exploratório,14,3,0.1875,1,116.25,110.0,110.0,8.0
snapshot_2025_01_20,Captura de 20/01,exclude_suspicious_prices,Sem preços ≥ 10 mil,preco_por_hospede,Preço anunciado por hóspede comportado,todas as capacidades positivas,centro|casa|4 quartos,Centro · casa · 4 quartos,Centro,casa,4,2,120.45454545454545,105.68181818181819,135.22727272727272,,,evidência insuficiente,2,1,0.5,2,120.45454545454545,90.9090909090909,150.0,9.0
snapshot_2025_01_20,Captura de 20/01,exclude_suspicious_prices,Sem preços ≥ 10 mil,preco_por_hospede,Preço anunciado por hóspede comportado,sem capacidades positivas suspeitas,centro|casa|4 quartos,Centro · casa · 4 quartos,Centro,casa,4,2,120.45454545454545,105.68181818181819,135.22727272727272,,,evidência insuficiente,2,1,0.5,2,120.45454545454545,90.9090909090909,150.0,9.0
snapshot_2025_01_20,Captura de 20/01,exclude_suspicious_prices,Sem preços ≥ 10 mil,preco_por_hospede,Preço anunciado por hóspede comportado,todas as capacidades positivas,ilhota|apartamento|2 quartos,Ilhota · apartamento · 2 quartos,Ilhota,apartamento,2,1,117.0,117.0,117.0,,,evidência insuficiente,1,1,1.0,1,117.0,,,10.0
snapshot_2025_01_20,Captura de 20/01,exclude_suspicious_prices,Sem preços ≥ 10 mil,preco_por_hospede,Preço anunciado por hóspede comportado,sem capacidades positivas suspeitas,ilhota|apartamento|2 quartos,Ilhota · apartamento · 2 quartos,Ilhota,apartamento,2,1,117.0,117.0,117.0,,,evidência insuficiente,1,1,1.0,1,117.0,,,10.0
snapshot_2025_01_20,Captura de 20/01,exclude_suspicious_prices,Sem preços ≥ 10 mil,preco_por_hospede,Preço anunciado por hóspede comportado,todas as capacidades positivas,morretes|apartamento|1 quarto,Morretes · apartamento · 1 quarto,Morretes,apartamento,1,3,116.66666666666667,108.33333333333334,118.33333333333334,,,evidência insuficiente,3,1,0.3333333333333333,3,116.66666666666667,108.33333333333334,118.33333333333334,11.0
snapshot_2025_01_20,Captura de 20/01,exclude_suspicious_prices,Sem preços ≥ 10 mil,preco_por_hospede,Preço anunciado por hóspede comportado,sem capacidades positivas suspeitas,morretes|apartamento|1 quarto,Morretes · apartamento · 1 quarto,Morretes,apartamento,1,3,116.66666666666667,108.33333333333334,118.33333333333334,,,evidência insuficiente,3,1,0.3333333333333333,3,116.66666666666667,108.33333333333334,118.33333333333334,11.0
snapshot_2025_01_20,Captura de 20/01,exclude_suspicious_prices,Sem preços ≥ 10 mil,preco_por_hospede,Preço anunciado por hóspede comportado,todas as capacidades positivas,varzea|casa|1 quarto,Varzea · casa · 1 quarto,Varzea,casa,1,1,112.5,112.5,112.5,,,evidência insuficiente,1,1,1.0,1,112.5,,,12.0
snapshot_2025_01_20,Captura de 20/01,exclude_suspicious_prices,Sem preços ≥ 10 mil,preco_por_hospede,Preço anunciado por hóspede comportado,sem capacidades positivas suspeitas,varzea|casa|1 quarto,Varzea · casa · 1 quarto,Varzea,casa,1,1,112.5,112.5,112.5,,,evidência insuficiente,1,1,1.0,1,112.5,,,12.0
snapshot_2025_01_20,Captura de 20/01,exclude_suspicious_prices,Sem preços ≥ 10 mil,preco_por_hospede,Preço anunciado por hóspede comportado,todas as capacidades positivas,canto da praia|apartamento|2 quartos,Canto da Praia · apartamento · 2 quartos,Canto da Praia,apartamento,2,4,111.675,101.99166666666666,121.0625,,,evidência insuficiente,4,1,0.25,4,111.675,103.6,119.75,13.0
snapshot_2025_01_20,Captura de 20/01,exclude_suspicious_prices,Sem preços ≥ 10 mil,preco_por_hospede,Preço anunciado por hóspede comportado,sem capacidades positivas suspeitas,canto da praia|apartamento|2 quartos,Canto da Praia · apartamento · 2 quartos,Canto da Praia,apartamento,2,4,111.675,101.99166666666666,121.0625,,,evidência insuficiente,4,1,0.25,4,111.675,103.6,119.75,13.0
snapshot_2025_01_20,Captura de 20/01,exclude_suspicious_prices,Sem preços ≥ 10 mil,preco_por_hospede,Preço anunciado por hóspede comportado,todas as capacidades positivas,tabuleiro dos oliveiras|apartamento|3 quartos,Tabuleiro dos Oliveiras · apartamento · 3 quartos,Tabuleiro dos Oliveiras,apartamento,3,3,106.66666666666667,97.5,120.33333333333334,,,evidência insuficiente,3,1,0.3333333333333333,3,106.66666666666667,97.5,120.33333333333334,14.0
snapshot_2025_01_20,Captura de 20/01,exclude_suspicious_prices,Sem preços ≥ 10 mil,preco_por_hospede,Preço anunciado por hóspede comportado,sem capacidades positivas suspeitas,tabuleiro dos oliveiras|apartamento|3 quartos,Tabuleiro dos Oliveiras · apartamento · 3 quartos,Tabuleiro dos Oliveiras,apartamento,3,3,106.66666666666667,97.5,120.33333333333334,,,evidência insuficiente,3,1,0.3333333333333333,3,106.66666666666667,97.5,120.33333333333334,14.0
snapshot_2025_01_20,Captura de 20/01,exclude_suspicious_prices,Sem preços ≥ 10 mil,preco_por_hospede,Preço anunciado por hóspede comportado,todas as capacidades positivas,centro|apartamento|2 quartos,Centro · apartamento · 2 quartos,Centro,apartamento,2,59,100.8125,71.58333333333334,137.08333333333331,73.41666666666666,105.29166666666667,principal,37,20,0.3389830508474576,1,87.5,80.0,80.0,15.0
snapshot_2025_01_20,Captura de 20/01,exclude_suspicious_prices,Sem preços ≥ 10 mil,preco_por_hospede,Preço anunciado por hóspede comportado,sem capacidades positivas suspeitas,centro|apartamento|2 quartos,Centro · apartamento · 2 quartos,Centro,apartamento,2,59,100.8125,71.58333333333334,137.08333333333331,74.8,105.29166666666667,principal,37,20,0.3389830508474576,1,87.5,80.0,80.0,15.0
snapshot_2025_01_20,Captura de 20/01,exclude_suspicious_prices,Sem preços ≥ 10 mil,preco_por_hospede,Preço anunciado por hóspede comportado,todas as capacidades positivas,meia praia|apartamento|4 quartos,Meia Praia · apartamento · 4 quartos,Meia Praia,apartamento,4,43,100.0,75.19791562500001,149.86363636363637,85.27083333333333,133.66666666666666,principal,38,2,0.046511627906976744,5,100.0,100.0,106.125,16.0
snapshot_2025_01_20,Captura de 20/01,exclude_suspicious_prices,Sem preços ≥ 10 mil,preco_por_hospede,Preço anunciado por hóspede comportado,todas as capacidades positivas,varzea|casa|5 quartos,Varzea · casa · 5 quartos,Varzea,casa,5,1,100.0,100.0,100.0,,,evidência insuficiente,1,1,1.0,1,100.0,,,16.0
snapshot_2025_01_20,Captura de 20/01,exclude_suspicious_prices,Sem preços ≥ 10 mil,preco_por_hospede,Preço anunciado por hóspede comportado,todas as capacidades positivas,sertaozinho|casa|2 quartos,Sertaozinho · casa · 2 quartos,Sertaozinho,casa,2,1,100.0,100.0,100.0,,,evidência insuficiente,1,1,1.0,1,100.0,,,16.0
snapshot_2025_01_20,Captura de 20/01,exclude_suspicious_prices,Sem preços ≥ 10 mil,preco_por_hospede,Preço anunciado por hóspede comportado,todas as capacidades positivas,varzea|casa|3 quartos,Varzea · casa · 3 quartos,Varzea,casa,3,1,100.0,100.0,100.0,,,evidência insuficiente,1,1,1.0,1,100.0,,,16.0
snapshot_2025_01_20,Captura de 20/01,exclude_suspicious_prices,Sem preços ≥ 10 mil,preco_por_hospede,Preço anunciado por hóspede comportado,sem capacidades positivas suspeitas,meia praia|apartamento|4 quartos,Meia Praia · apartamento · 4 quartos,Meia Praia,apartamento,4,43,100.0,75.19791562500001,149.86363636363637,85.0,133.66666666666666,principal,38,2,0.046511627906976744,5,100.0,100.0,106.125,16.0
snapshot_2025_01_20,Captura de 20/01,exclude_suspicious_prices,Sem preços ≥ 10 mil,preco_por_hospede,Preço anunciado por hóspede comportado,sem capacidades positivas suspeitas,varzea|casa|5 quartos,Varzea · casa · 5 quartos,Varzea,casa,5,1,100.0,100.0,100.0,,,evidência insuficiente,1,1,1.0,1,100.0,,,16.0
snapshot_2025_01_20,Captura de 20/01,exclude_suspicious_prices,Sem preços ≥ 10 mil,preco_por_hospede,Preço anunciado por hóspede comportado,sem capacidades positivas suspeitas,sertaozinho|casa|2 quartos,Sertaozinho · casa · 2 quartos,Sertaozinho,casa,2,1,100.0,100.0,100.0,,,evidência insuficiente,1,1,1.0,1,100.0,,,16.0
snapshot_2025_01_20,Captura de 20/01,exclude_suspicious_prices,Sem preços ≥ 10 mil,preco_por_hospede,Preço anunciado por hóspede comportado,sem capacidades positivas suspeitas,varzea|casa|3 quartos,Varzea · casa · 3 quartos,Varzea,casa,3,1,100.0,100.0,100.0,,,evidência insuficiente,1,1,1.0,1,100.0,,,16.0
snapshot_2025_01_20,Captura de 20/01,exclude_suspicious_prices,Sem preços ≥ 10 mil,preco_por_hospede,Preço anunciado por hóspede comportado,todas as capacidades positivas,centro|apartamento|3 quartos,Centro · apartamento · 3 quartos,Centro,apartamento,3,38,98.765625,63.0625,115.5,78.98854166666666,105.625,principal,34,4,0.10526315789473684,1,95.18229166666666,95.18229166666666,95.18229166666666,20.0
snapshot_2025_01_20,Captura de 20/01,exclude_suspicious_prices,Sem preços ≥ 10 mil,preco_por_hospede,Preço anunciado por hóspede comportado,sem capacidades positivas suspeitas,centro|apartamento|3 quartos,Centro · apartamento · 3 quartos,Centro,apartamento,3,38,98.765625,63.0625,115.5,75.0,105.625,principal,34,4,0.10526315789473684,1,95.18229166666666,95.18229166666666,95.18229166666666,20.0
snapshot_2025_01_20,Captura de 20/01,exclude_suspicious_prices,Sem preços ≥ 10 mil,preco_por_hospede,Preço anunciado por hóspede comportado,todas as capacidades positivas,ilhota|casa|4 quartos,Ilhota · casa · 4 quartos,Ilhota,casa,4,1,94.6,94.6,94.6,,,evidência insuficiente,1,1,1.0,1,94.6,,,21.0
snapshot_2025_01_20,Captura de 20/01,exclude_suspicious_prices,Sem preços ≥ 10 mil,preco_por_hospede,Preço anunciado por hóspede comportado,sem capacidades positivas suspeitas,ilhota|casa|4 quartos,Ilhota · casa · 4 quartos,Ilhota,casa,4,1,94.6,94.6,94.6,,,evidência insuficiente,1,1,1.0,1,94.6,,,21.0
snapshot_2025_01_20,Captura de 20/01,exclude_suspicious_prices,Sem preços ≥ 10 mil,preco_por_hospede,Preço anunciado por hóspede comportado,todas as capacidades positivas,morretes|apartamento|2 quartos,Morretes · apartamento · 2 quartos,Morretes,apartamento,2,42,89.85,60.833333333333336,117.47916666666667,66.5,114.5,principal,33,7,0.16666666666666666,1,87.5,83.3,83.3,22.0
snapshot_2025_01_20,Captura de 20/01,exclude_suspicious_prices,Sem preços ≥ 10 mil,preco_por_hospede,Preço anunciado por hóspede comportado,sem capacidades positivas suspeitas,morretes|apartamento|2 quartos,Morretes · apartamento · 2 quartos,Morretes,apartamento,2,42,89.85,60.833333333333336,117.47916666666667,64.16666666666667,114.5,principal,33,7,0.16666666666666666,1,87.5,83.3,83.3,22.0
snapshot_2025_01_20,Captura de 20/01,exclude_suspicious_prices,Sem preços ≥ 10 mil,preco_por_hospede,Preço anunciado por hóspede comportado,todas as capacidades positivas,meia praia|apartamento|3 quartos,Meia Praia · apartamento · 3 quartos,Meia Praia,apartamento,3,284,87.625,65.0,113.88392857142857,82.74791666666667,91.84375,principal,235,12,0.04225352112676056,1,87.14285714285714,87.5,87.5,23.0
snapshot_2025_01_20,Captura de 20/01,exclude_suspicious_prices,Sem preços ≥ 10 mil,preco_por_hospede,Preço anunciado por hóspede comportado,sem capacidades positivas suspeitas,meia praia|apartamento|3 quartos,Meia Praia · apartamento · 3 quartos,Meia Praia,apartamento,3,283,87.5,65.0,114.01785714285714,82.0,92.0,principal,234,12,0.04240282685512368,1,86.69642857142857,87.5,87.5,23.0
snapshot_2025_01_20,Captura de 20/01,exclude_suspicious_prices,Sem preços ≥ 10 mil,preco_por_hospede,Preço anunciado por hóspede comportado,todas as capacidades positivas,ilhota|apartamento|1 quarto,Ilhota · apartamento · 1 quarto,Ilhota,apartamento,1,2,86.375,85.8125,86.9375,,,evidência insuficiente,1,2,1.0,1,86.375,,,24.0
snapshot_2025_01_20,Captura de 20/01,exclude_suspicious_prices,Sem preços ≥ 10 mil,preco_por_hospede,Preço anunciado por hóspede comportado,sem capacidades positivas suspeitas,ilhota|apartamento|1 quarto,Ilhota · apartamento · 1 quarto,Ilhota,apartamento,1,2,86.375,85.8125,86.9375,,,evidência insuficiente,1,2,1.0,1,86.375,,,24.0
snapshot_2025_01_20,Captura de 20/01,exclude_suspicious_prices,Sem preços ≥ 10 mil,preco_por_hospede,Preço anunciado por hóspede comportado,sem capacidades positivas suspeitas,morretes|apartamento|3 quartos,Morretes · apartamento · 3 quartos,Morretes,apartamento,3,8,82.35416666666666,67.11666625,129.875,65.4833325,136.25,evidência insuficiente,8,1,0.125,8,82.35416666666666,81.375,83.33333333333333,25.0
snapshot_2025_01_20,Captura de 20/01,exclude_suspicious_prices,Sem preços ≥ 10 mil,preco_por_hospede,Preço anunciado por hóspede comportado,todas as capacidades positivas,morretes|apartamento|3 quartos,Morretes · apartamento · 3 quartos,Morretes,apartamento,3,9,81.375,62.216665,127.75,53.75,136.25,evidência insuficiente,9,1,0.1111111111111111,9,81.375,75.0625,82.35416666666666,25.0
snapshot_2025_01_20,Captura de 20/01,exclude_suspicious_prices,Sem preços ≥ 10 mil,preco_por_hospede,Preço anunciado por hóspede comportado,todas as capacidades positivas,meia praia|apartamento|0 quartos,Meia Praia · apartamento · 0 quartos,Meia Praia,apartamento,0,7,81.25,58.175,92.5,41.35,95.0,evidência insuficiente,7,1,0.14285714285714285,7,81.25,78.125,85.625,26.0
snapshot_2025_01_20,Captura de 20/01,exclude_suspicious_prices,Sem preços ≥ 10 mil,preco_por_hospede,Preço anunciado por hóspede comportado,sem capacidades positivas suspeitas,meia praia|apartamento|0 quartos,Meia Praia · apartamento · 0 quartos,Meia Praia,apartamento,0,7,81.25,58.175,92.5,41.35,95.0,evidência insuficiente,7,1,0.14285714285714285,7,81.25,78.125,85.625,26.0
snapshot_2025_01_20,Captura de 20/01,exclude_suspicious_prices,Sem preços ≥ 10 mil,preco_por_hospede,Preço anunciado por hóspede comportado,sem capacidades positivas suspeitas,tabuleiro dos oliveiras|apartamento|2 quartos,Tabuleiro dos Oliveiras · apartamento · 2 quartos,Tabuleiro dos Oliveiras,apartamento,2,11,79.8,65.83333333333334,127.15,65.0,128.8,exploratório,10,2,0.18181818181818182,1,79.6,79.4,79.4,27.0
snapshot_2025_01_20,Captura de 20/01,exclude_suspicious_prices,Sem preços ≥ 10 mil,preco_por_hospede,Preço anunciado por hóspede comportado,todas as capacidades positivas,tabuleiro dos oliveiras|apartamento|2 quartos,Tabuleiro dos Oliveiras · apartamento · 2 quartos,Tabuleiro dos Oliveiras,apartamento,2,12,79.6,63.333333333333336,126.325,58.333333333333336,128.8,exploratório,11,2,0.16666666666666666,1,79.4,73.03333333333333,73.03333333333333,27.0
snapshot_2025_01_20,Captura de 20/01,exclude_suspicious_prices,Sem preços ≥ 10 mil,preco_por_hospede,Preço anunciado por hóspede comportado,todas as capacidades positivas,morretes|casa|4 quartos,Morretes · casa · 4 quartos,Morretes,casa,4,2,79.16666666666666,77.08333333333333,81.25,,,evidência insuficiente,2,1,0.5,2,79.16666666666666,75.0,83.33333333333333,28.0
snapshot_2025_01_20,Captura de 20/01,exclude_suspicious_prices,Sem preços ≥ 10 mil,preco_por_hospede,Preço anunciado por hóspede comportado,sem capacidades positivas suspeitas,morretes|casa|4 quartos,Morretes · casa · 4 quartos,Morretes,casa,4,2,79.16666666666666,77.08333333333333,81.25,,,evidência insuficiente,2,1,0.5,2,79.16666666666666,75.0,83.33333333333333,28.0
snapshot_2025_01_20,Captura de 20/01,exclude_suspicious_prices,Sem preços ≥ 10 mil,preco_por_hospede,Preço anunciado por hóspede comportado,todas as capacidades positivas,meia praia|apartamento|2 quartos,Meia Praia · apartamento · 2 quartos,Meia Praia,apartamento,2,126,75.0,59.53125,99.54166666666667,66.66666666666667,80.0,principal,112,7,0.05555555555555555,1,74.0625,72.625,72.625,29.0
snapshot_2025_01_20,Captura de 20/01,exclude_suspicious_prices,Sem preços ≥ 10 mil,preco_por_hospede,Preço anunciado por hóspede comportado,sem capacidades positivas suspeitas,meia praia|apartamento|2 quartos,Meia Praia · apartamento · 2 quartos,Meia Praia,apartamento,2,126,75.0,59.53125,99.54166666666667,66.66666666666667,80.0,principal,112,7,0.05555555555555555,1,74.0625,72.625,72.625,29.0
snapshot_2025_01_20,Captura de 20/01,exclude_suspicious_prices,Sem preços ≥ 10 mil,preco_por_hospede,Preço anunciado por hóspede comportado,todas as capacidades positivas,ilhota|casa|3 quartos,Ilhota · casa · 3 quartos,Ilhota,casa,3,2,74.375,67.8125,80.9375,,,evidência insuficiente,2,1,0.5,2,74.375,61.25,87.5,30.0
snapshot_2025_01_20,Captura de 20/01,exclude_suspicious_prices,Sem preços ≥ 10 mil,preco_por_hospede,Preço anunciado por hóspede comportado,sem capacidades positivas suspeitas,ilhota|casa|3 quartos,Ilhota · casa · 3 quartos,Ilhota,casa,3,2,74.375,67.8125,80.9375,,,evidência insuficiente,2,1,0.5,2,74.375,61.25,87.5,30.0
snapshot_2025_01_20,Captura de 20/01,exclude_suspicious_prices,Sem preços ≥ 10 mil,preco_por_hospede,Preço anunciado por hóspede comportado,todas as capacidades positivas,morretes|apartamento|4 quartos,Morretes · apartamento · 4 quartos,Morretes,apartamento,4,1,73.75,73.75,73.75,,,evidência insuficiente,1,1,1.0,1,73.75,,,31.0
snapshot_2025_01_20,Captura de 20/01,exclude_suspicious_prices,Sem preços ≥ 10 mil,preco_por_hospede,Preço anunciado por hóspede comportado,sem capacidades positivas suspeitas,morretes|apartamento|4 quartos,Morretes · apartamento · 4 quartos,Morretes,apartamento,4,1,73.75,73.75,73.75,,,evidência insuficiente,1,1,1.0,1,73.75,,,31.0
snapshot_2025_01_20,Captura de 20/01,exclude_suspicious_prices,Sem preços ≥ 10 mil,preco_por_hospede,Preço anunciado por hóspede comportado,todas as capacidades positivas,centro|casa|1 quarto,Centro · casa · 1 quarto,Centro,casa,1,1,70.75,70.75,70.75,,,evidência insuficiente,1,1,1.0,1,70.75,,,32.0
snapshot_2025_01_20,Captura de 20/01,exclude_suspicious_prices,Sem preços ≥ 10 mil,preco_por_hospede,Preço anunciado por hóspede comportado,sem capacidades positivas suspeitas,centro|casa|1 quarto,Centro · casa · 1 quarto,Centro,casa,1,1,70.75,70.75,70.75,,,evidência insuficiente,1,1,1.0,1,70.75,,,32.0
snapshot_2025_01_20,Captura de 20/01,exclude_suspicious_prices,Sem preços ≥ 10 mil,preco_por_hospede,Preço anunciado por hóspede comportado,todas as capacidades positivas,alto sao bento|apartamento|1 quarto,Alto Sao Bento · apartamento · 1 quarto,Alto Sao Bento,apartamento,1,1,70.0,70.0,70.0,,,evidência insuficiente,1,1,1.0,1,70.0,,,33.0
snapshot_2025_01_20,Captura de 20/01,exclude_suspicious_prices,Sem preços ≥ 10 mil,preco_por_hospede,Preço anunciado por hóspede comportado,sem capacidades positivas suspeitas,alto sao bento|apartamento|1 quarto,Alto Sao Bento · apartamento · 1 quarto,Alto Sao Bento,apartamento,1,1,70.0,70.0,70.0,,,evidência insuficiente,1,1,1.0,1,70.0,,,33.0
snapshot_2025_01_20,Captura de 20/01,exclude_suspicious_prices,Sem preços ≥ 10 mil,preco_por_hospede,Preço anunciado por hóspede comportado,todas as capacidades positivas,casa branca|apartamento|3 quartos,Casa Branca · apartamento · 3 quartos,Casa Branca,apartamento,3,2,67.16666666666666,59.08333333333333,75.25,,,evidência insuficiente,2,1,0.5,2,67.16666666666666,51.0,83.33333333333333,34.0
snapshot_2025_01_20,Captura de 20/01,exclude_suspicious_prices,Sem preços ≥ 10 mil,preco_por_hospede,Preço anunciado por hóspede comportado,sem capacidades positivas suspeitas,casa branca|apartamento|3 quartos,Casa Branca · apartamento · 3 quartos,Casa Branca,apartamento,3,2,67.16666666666666,59.08333333333333,75.25,,,evidência insuficiente,2,1,0.5,2,67.16666666666666,51.0,83.33333333333333,34.0
snapshot_2025_01_20,Captura de 20/01,exclude_suspicious_prices,Sem preços ≥ 10 mil,preco_por_hospede,Preço anunciado por hóspede comportado,todas as capacidades positivas,sertao do trombudo|casa|4 quartos,Sertao do Trombudo · casa · 4 quartos,Sertao do Trombudo,casa,4,1,66.66666666666667,66.66666666666667,66.66666666666667,,,evidência insuficiente,1,1,1.0,1,66.66666666666667,,,35.0
snapshot_2025_01_20,Captura de 20/01,exclude_suspicious_prices,Sem preços ≥ 10 mil,preco_por_hospede,Preço anunciado por hóspede comportado,sem capacidades positivas suspeitas,sertao do trombudo|casa|4 quartos,Sertao do Trombudo · casa · 4 quartos,Sertao do Trombudo,casa,4,1,66.66666666666667,66.66666666666667,66.66666666666667,,,evidência insuficiente,1,1,1.0,1,66.66666666666667,,,35.0
snapshot_2025_01_20,Captura de 20/01,exclude_suspicious_prices,Sem preços ≥ 10 mil,preco_por_hospede,Preço anunciado por hóspede comportado,todas as capacidades positivas,meia praia|casa|1 quarto,Meia Praia · casa · 1 quarto,Meia Praia,casa,1,1,65.0,65.0,65.0,,,evidência insuficiente,1,1,1.0,1,65.0,,,36.0
snapshot_2025_01_20,Captura de 20/01,exclude_suspicious_prices,Sem preços ≥ 10 mil,preco_por_hospede,Preço anunciado por hóspede comportado,sem capacidades positivas suspeitas,meia praia|casa|1 quarto,Meia Praia · casa · 1 quarto,Meia Praia,casa,1,1,65.0,65.0,65.0,,,evidência insuficiente,1,1,1.0,1,65.0,,,36.0
snapshot_2025_01_20,Captura de 20/01,exclude_suspicious_prices,Sem preços ≥ 10 mil,preco_por_hospede,Preço anunciado por hóspede comportado,todas as capacidades positivas,meia praia|apartamento|5 quartos,Meia Praia · apartamento · 5 quartos,Meia Praia,apartamento,5,1,64.28571428571429,64.28571428571429,64.28571428571429,,,evidência insuficiente,1,1,1.0,1,64.28571428571429,,,37.0
snapshot_2025_01_20,Captura de 20/01,exclude_suspicious_prices,Sem preços ≥ 10 mil,preco_por_hospede,Preço anunciado por hóspede comportado,sem capacidades positivas suspeitas,meia praia|apartamento|5 quartos,Meia Praia · apartamento · 5 quartos,Meia Praia,apartamento,5,1,64.28571428571429,64.28571428571429,64.28571428571429,,,evidência insuficiente,1,1,1.0,1,64.28571428571429,,,37.0
snapshot_2025_01_20,Captura de 20/01,exclude_suspicious_prices,Sem preços ≥ 10 mil,preco_por_hospede,Preço anunciado por hóspede comportado,todas as capacidades positivas,morretes|casa|2 quartos,Morretes · casa · 2 quartos,Morretes,casa,2,8,52.5,45.70454545454545,74.609375,32.81818181818182,74.75,evidência insuficiente,7,2,0.25,1,55.0,64.78125,64.78125,38.0
snapshot_2025_01_20,Captura de 20/01,exclude_suspicious_prices,Sem preços ≥ 10 mil,preco_por_hospede,Preço anunciado por hóspede comportado,sem capacidades positivas suspeitas,morretes|casa|2 quartos,Morretes · casa · 2 quartos,Morretes,casa,2,8,52.5,45.70454545454545,74.609375,32.81818181818182,74.75,evidência insuficiente,7,2,0.25,1,55.0,64.78125,64.78125,38.0
snapshot_2025_01_20,Captura de 20/01,exclude_suspicious_prices,Sem preços ≥ 10 mil,preco_por_hospede,Preço anunciado por hóspede comportado,todas as capacidades positivas,casa branca|apartamento|2 quartos,Casa Branca · apartamento · 2 quartos,Casa Branca,apartamento,2,4,50.875,47.666666666666664,57.7625,,,evidência insuficiente,4,1,0.25,4,50.875,48.0,53.75,39.0
snapshot_2025_01_20,Captura de 20/01,exclude_suspicious_prices,Sem preços ≥ 10 mil,preco_por_hospede,Preço anunciado por hóspede comportado,sem capacidades positivas suspeitas,casa branca|apartamento|2 quartos,Casa Branca · apartamento · 2 quartos,Casa Branca,apartamento,2,4,50.875,47.666666666666664,57.7625,,,evidência insuficiente,4,1,0.25,4,50.875,48.0,53.75,39.0
snapshot_2025_01_20,Captura de 20/01,exclude_suspicious_prices,Sem preços ≥ 10 mil,preco_por_hospede,Preço anunciado por hóspede comportado,todas as capacidades positivas,meia praia|casa|4 quartos,Meia Praia · casa · 4 quartos,Meia Praia,casa,4,1,50.0,50.0,50.0,,,evidência insuficiente,1,1,1.0,1,50.0,,,40.0
snapshot_2025_01_20,Captura de 20/01,exclude_suspicious_prices,Sem preços ≥ 10 mil,preco_por_hospede,Preço anunciado por hóspede comportado,todas as capacidades positivas,centro|casa|2 quartos,Centro · casa · 2 quartos,Centro,casa,2,1,50.0,50.0,50.0,,,evidência insuficiente,1,1,1.0,1,50.0,,,40.0
snapshot_2025_01_20,Captura de 20/01,exclude_suspicious_prices,Sem preços ≥ 10 mil,preco_por_hospede,Preço anunciado por hóspede comportado,sem capacidades positivas suspeitas,meia praia|casa|4 quartos,Meia Praia · casa · 4 quartos,Meia Praia,casa,4,1,50.0,50.0,50.0,,,evidência insuficiente,1,1,1.0,1,50.0,,,40.0
snapshot_2025_01_20,Captura de 20/01,exclude_suspicious_prices,Sem preços ≥ 10 mil,preco_por_hospede,Preço anunciado por hóspede comportado,sem capacidades positivas suspeitas,centro|casa|2 quartos,Centro · casa · 2 quartos,Centro,casa,2,1,50.0,50.0,50.0,,,evidência insuficiente,1,1,1.0,1,50.0,,,40.0
snapshot_2025_01_20,Captura de 20/01,exclude_suspicious_prices,Sem preços ≥ 10 mil,preco_por_hospede,Preço anunciado por hóspede comportado,todas as capacidades positivas,alto sao bento|apartamento|2 quartos,Alto Sao Bento · apartamento · 2 quartos,Alto Sao Bento,apartamento,2,1,49.75,49.75,49.75,,,evidência insuficiente,1,1,1.0,1,49.75,,,42.0
snapshot_2025_01_20,Captura de 20/01,exclude_suspicious_prices,Sem preços ≥ 10 mil,preco_por_hospede,Preço anunciado por hóspede comportado,sem capacidades positivas suspeitas,alto sao bento|apartamento|2 quartos,Alto Sao Bento · apartamento · 2 quartos,Alto Sao Bento,apartamento,2,1,49.75,49.75,49.75,,,evidência insuficiente,1,1,1.0,1,49.75,,,42.0
snapshot_2025_01_20,Captura de 20/01,exclude_suspicious_prices,Sem preços ≥ 10 mil,preco_por_hospede,Preço anunciado por hóspede comportado,todas as capacidades positivas,ilhota|casa|2 quartos,Ilhota · casa · 2 quartos,Ilhota,casa,2,1,42.0,42.0,42.0,,,evidência insuficiente,1,1,1.0,1,42.0,,,43.0
snapshot_2025_01_20,Captura de 20/01,exclude_suspicious_prices,Sem preços ≥ 10 mil,preco_por_hospede,Preço anunciado por hóspede comportado,sem capacidades positivas suspeitas,ilhota|casa|2 quartos,Ilhota · casa · 2 quartos,Ilhota,casa,2,1,42.0,42.0,42.0,,,evidência insuficiente,1,1,1.0,1,42.0,,,43.0
snapshot_2025_01_20,Captura de 20/01,exclude_suspicious_prices,Sem preços ≥ 10 mil,preco_por_hospede,Preço anunciado por hóspede comportado,todas as capacidades positivas,canto da praia|apartamento|3 quartos,Canto da Praia · apartamento · 3 quartos,Canto da Praia,apartamento,3,1,38.453125,38.453125,38.453125,,,evidência insuficiente,1,1,1.0,1,38.453125,,,44.0
snapshot_2025_01_20,Captura de 20/01,exclude_suspicious_prices,Sem preços ≥ 10 mil,preco_por_hospede,Preço anunciado por hóspede comportado,sem capacidades positivas suspeitas,canto da praia|apartamento|3 quartos,Canto da Praia · apartamento · 3 quartos,Canto da Praia,apartamento,3,1,38.453125,38.453125,38.453125,,,evidência insuficiente,1,1,1.0,1,38.453125,,,44.0
snapshot_2025_01_20,Captura de 20/01,exclude_suspicious_prices,Sem preços ≥ 10 mil,preco_por_hospede,Preço anunciado por hóspede comportado,todas as capacidades positivas,centro|apartamento|4 quartos,Centro · apartamento · 4 quartos,Centro,apartamento,4,1,37.5,37.5,37.5,,,evidência insuficiente,1,1,1.0,1,37.5,,,45.0
snapshot_2025_01_20,Captura de 20/01,exclude_suspicious_prices,Sem preços ≥ 10 mil,preco_por_hospede,Preço anunciado por hóspede comportado,sem capacidades positivas suspeitas,centro|apartamento|4 quartos,Centro · apartamento · 4 quartos,Centro,apartamento,4,1,37.5,37.5,37.5,,,evidência insuficiente,1,1,1.0,1,37.5,,,45.0
snapshot_2025_01_20,Captura de 20/01,exclude_suspicious_prices,Sem preços ≥ 10 mil,preco_por_quarto,Preço anunciado por quarto,não aplicável,areal|casa|1 quarto,Areal · casa · 1 quarto,Areal,casa,1,1,556.0,556.0,556.0,,,evidência insuficiente,1,1,1.0,1,556.0,,,1.0
snapshot_2025_01_20,Captura de 20/01,exclude_suspicious_prices,Sem preços ≥ 10 mil,preco_por_quarto,Preço anunciado por quarto,não aplicável,centro|apartamento|1 quarto,Centro · apartamento · 1 quarto,Centro,apartamento,1,75,450.0,378.25,497.0,420.8925,500.0,principal,17,54,0.72,1,450.0,450.0,450.0,2.0
snapshot_2025_01_20,Captura de 20/01,exclude_suspicious_prices,Sem preços ≥ 10 mil,preco_por_quarto,Preço anunciado por quarto,não aplicável,varzea|casa|1 quarto,Varzea · casa · 1 quarto,Varzea,casa,1,1,450.0,450.0,450.0,,,evidência insuficiente,1,1,1.0,1,450.0,,,2.0
snapshot_2025_01_20,Captura de 20/01,exclude_suspicious_prices,Sem preços ≥ 10 mil,preco_por_quarto,Preço anunciado por quarto,não aplicável,meia praia|apartamento|1 quarto,Meia Praia · apartamento · 1 quarto,Meia Praia,apartamento,1,16,440.0,382.875,510.75,380.75,509.0,exploratório,14,3,0.1875,1,400.0,400.0,400.0,4.0
snapshot_2025_01_20,Captura de 20/01,exclude_suspicious_prices,Sem preços ≥ 10 mil,preco_por_quarto,Preço anunciado por quarto,não aplicável,sertaozinho|casa|6 quartos,Sertaozinho · casa · 6 quartos,Sertaozinho,casa,6,2,430.20833333333337,353.6458333333333,506.77083333333337,,,evidência insuficiente,2,1,0.5,2,430.20833333333337,277.0833333333333,583.3333333333334,5.0
snapshot_2025_01_20,Captura de 20/01,exclude_suspicious_prices,Sem preços ≥ 10 mil,preco_por_quarto,Preço anunciado por quarto,não aplicável,tabuleiro dos oliveiras|casa|4 quartos,Tabuleiro dos Oliveiras · casa · 4 quartos,Tabuleiro dos Oliveiras,casa,4,1,425.0,425.0,425.0,,,evidência insuficiente,1,1,1.0,1,425.0,,,6.0
snapshot_2025_01_20,Captura de 20/01,exclude_suspicious_prices,Sem preços ≥ 10 mil,preco_por_quarto,Preço anunciado por quarto,não aplicável,morretes|apartamento|1 quarto,Morretes · apartamento · 1 quarto,Morretes,apartamento,1,3,400.0,375.0,440.0,,,evidência insuficiente,3,1,0.3333333333333333,3,400.0,375.0,440.0,7.0
snapshot_2025_01_20,Captura de 20/01,exclude_suspicious_prices,Sem preços ≥ 10 mil,preco_por_quarto,Preço anunciado por quarto,não aplicável,sertao do trombudo|casa|1 quarto,Sertao do Trombudo · casa · 1 quarto,Sertao do Trombudo,casa,1,2,380.0,375.0,385.0,,,evidência insuficiente,1,2,1.0,1,380.0,,,8.0
snapshot_2025_01_20,Captura de 20/01,exclude_suspicious_prices,Sem preços ≥ 10 mil,preco_por_quarto,Preço anunciado por quarto,não aplicável,centro|casa|4 quartos,Centro · casa · 4 quartos,Centro,casa,4,2,350.0,300.0,400.0,,,evidência insuficiente,2,1,0.5,2,350.0,250.0,450.0,9.0
snapshot_2025_01_20,Captura de 20/01,exclude_suspicious_prices,Sem preços ≥ 10 mil,preco_por_quarto,Preço anunciado por quarto,não aplicável,ilhota|apartamento|1 quarto,Ilhota · apartamento · 1 quarto,Ilhota,apartamento,1,2,345.5,343.25,347.75,,,evidência insuficiente,1,2,1.0,1,345.5,,,10.0
snapshot_2025_01_20,Captura de 20/01,exclude_suspicious_prices,Sem preços ≥ 10 mil,preco_por_quarto,Preço anunciado por quarto,não aplicável,centro|apartamento|2 quartos,Centro · apartamento · 2 quartos,Centro,apartamento,2,59,300.0,199.5,341.0,199.5,314.3125,principal,37,20,0.3389830508474576,1,240.0,224.5,224.5,11.0
snapshot_2025_01_20,Captura de 20/01,exclude_suspicious_prices,Sem preços ≥ 10 mil,preco_por_quarto,Preço anunciado por quarto,não aplicável,varzea|casa|5 quartos,Varzea · casa · 5 quartos,Varzea,casa,5,1,300.0,300.0,300.0,,,evidência insuficiente,1,1,1.0,1,300.0,,,11.0
snapshot_2025_01_20,Captura de 20/01,exclude_suspicious_prices,Sem preços ≥ 10 mil,preco_por_quarto,Preço anunciado por quarto,não aplicável,casa branca|casa|1 quarto,Casa Branca · casa · 1 quarto,Casa Branca,casa,1,1,300.0,300.0,300.0,,,evidência insuficiente,1,1,1.0,1,300.0,,,11.0
snapshot_2025_01_20,Captura de 20/01,exclude_suspicious_prices,Sem preços ≥ 10 mil,preco_por_quarto,Preço anunciado por quarto,não aplicável,ilhota|apartamento|2 quartos,Ilhota · apartamento · 2 quartos,Ilhota,apartamento,2,1,292.5,292.5,292.5,,,evidência insuficiente,1,1,1.0,1,292.5,,,14.0
snapshot_2025_01_20,Captura de 20/01,exclude_suspicious_prices,Sem preços ≥ 10 mil,preco_por_quarto,Preço anunciado por quarto,não aplicável,centro|casa|1 quarto,Centro · casa · 1 quarto,Centro,casa,1,1,283.0,283.0,283.0,,,evidência insuficiente,1,1,1.0,1,283.0,,,15.0
snapshot_2025_01_20,Captura de 20/01,exclude_suspicious_prices,Sem preços ≥ 10 mil,preco_por_quarto,Preço anunciado por quarto,não aplicável,alto sao bento|apartamento|1 quarto,Alto Sao Bento · apartamento · 1 quarto,Alto Sao Bento,apartamento,1,1,280.0,280.0,280.0,,,evidência insuficiente,1,1,1.0,1,280.0,,,16.0
snapshot_2025_01_20,Captura de 20/01,exclude_suspicious_prices,Sem preços ≥ 10 mil,preco_por_quarto,Preço anunciado por quarto,não aplicável,morretes|casa|4 quartos,Morretes · casa · 4 quartos,Morretes,casa,4,2,275.0,262.5,287.5,,,evidência insuficiente,2,1,0.5,2,275.0,250.0,300.0,17.0
snapshot_2025_01_20,Captura de 20/01,exclude_suspicious_prices,Sem preços ≥ 10 mil,preco_por_quarto,Preço anunciado por quarto,não aplicável,canto da praia|apartamento|2 quartos,Canto da Praia · apartamento · 2 quartos,Canto da Praia,apartamento,2,4,254.5,247.375,267.125,,,evidência insuficiente,4,1,0.25,4,254.5,250.0,259.0,18.0
snapshot_2025_01_20,Captura de 20/01,exclude_suspicious_prices,Sem preços ≥ 10 mil,preco_por_quarto,Preço anunciado por quarto,não aplicável,sertaozinho|casa|2 quartos,Sertaozinho · casa · 2 quartos,Sertaozinho,casa,2,1,250.0,250.0,250.0,,,evidência insuficiente,1,1,1.0,1,250.0,,,19.0
snapshot_2025_01_20,Captura de 20/01,exclude_suspicious_prices,Sem preços ≥ 10 mil,preco_por_quarto,Preço anunciado por quarto,não aplicável,sertao do trombudo|casa|4 quartos,Sertao do Trombudo · casa · 4 quartos,Sertao do Trombudo,casa,4,1,250.0,250.0,250.0,,,evidência insuficiente,1,1,1.0,1,250.0,,,19.0
snapshot_2025_01_20,Captura de 20/01,exclude_suspicious_prices,Sem preços ≥ 10 mil,preco_por_quarto,Preço anunciado por quarto,não aplicável,ilhota|casa|4 quartos,Ilhota · casa · 4 quartos,Ilhota,casa,4,1,236.5,236.5,236.5,,,evidência insuficiente,1,1,1.0,1,236.5,,,21.0
snapshot_2025_01_20,Captura de 20/01,exclude_suspicious_prices,Sem preços ≥ 10 mil,preco_por_quarto,Preço anunciado por quarto,não aplicável,varzea|casa|3 quartos,Varzea · casa · 3 quartos,Varzea,casa,3,1,233.33333333333334,233.33333333333334,233.33333333333334,,,evidência insuficiente,1,1,1.0,1,233.33333333333334,,,22.0
snapshot_2025_01_20,Captura de 20/01,exclude_suspicious_prices,Sem preços ≥ 10 mil,preco_por_quarto,Preço anunciado por quarto,não aplicável,morretes|apartamento|2 quartos,Morretes · apartamento · 2 quartos,Morretes,apartamento,2,42,225.875,175.375,270.625,192.5,242.75,principal,33,7,0.16666666666666666,1,224.25,210.0,210.0,23.0
snapshot_2025_01_20,Captura de 20/01,exclude_suspicious_prices,Sem preços ≥ 10 mil,preco_por_quarto,Preço anunciado por quarto,não aplicável,meia praia|apartamento|4 quartos,Meia Praia · apartamento · 4 quartos,Meia Praia,apartamento,4,43,224.75,183.75,384.25,205.0,350.0,principal,38,2,0.046511627906976744,5,218.5,218.5,224.75,24.0
snapshot_2025_01_20,Captura de 20/01,exclude_suspicious_prices,Sem preços ≥ 10 mil,preco_por_quarto,Preço anunciado por quarto,não aplicável,meia praia|apartamento|2 quartos,Meia Praia · apartamento · 2 quartos,Meia Praia,apartamento,2,126,224.0,175.0,275.0,200.0,235.5,principal,112,7,0.05555555555555555,1,213.75,210.0,210.0,25.0
snapshot_2025_01_20,Captura de 20/01,exclude_suspicious_prices,Sem preços ≥ 10 mil,preco_por_quarto,Preço anunciado por quarto,não aplicável,centro|apartamento|3 quartos,Centro · apartamento · 3 quartos,Centro,apartamento,3,38,221.33333333333331,166.66666666666666,277.58333333333337,172.66666666666666,265.0,principal,34,4,0.10526315789473684,1,223.08333333333331,221.25,221.25,26.0
snapshot_2025_01_20,Captura de 20/01,exclude_suspicious_prices,Sem preços ≥ 10 mil,preco_por_quarto,Preço anunciado por quarto,não aplicável,meia praia|apartamento|3 quartos,Meia Praia · apartamento · 3 quartos,Meia Praia,apartamento,3,284,216.66666666666666,166.66666666666666,272.1666583333333,200.66666666666669,233.33333333333334,principal,235,12,0.04225352112676056,1,216.66666666666666,216.66666666666666,216.66666666666666,27.0
snapshot_2025_01_20,Captura de 20/01,exclude_suspicious_prices,Sem preços ≥ 10 mil,preco_por_quarto,Preço anunciado por quarto,não aplicável,morretes|apartamento|3 quartos,Morretes · apartamento · 3 quartos,Morretes,apartamento,3,9,216.66666666666666,183.33333333333334,336.8333333333333,166.66666666666666,340.6666666666667,evidência insuficiente,9,1,0.1111111111111111,9,216.66666666666666,212.027775,216.83333333333331,27.0
snapshot_2025_01_20,Captura de 20/01,exclude_suspicious_prices,Sem preços ≥ 10 mil,preco_por_quarto,Preço anunciado por quarto,não aplicável,tabuleiro dos oliveiras|apartamento|3 quartos,Tabuleiro dos Oliveiras · apartamento · 3 quartos,Tabuleiro dos Oliveiras,apartamento,3,3,213.33333333333334,195.0,218.33333333333334,,,evidência insuficiente,3,1,0.3333333333333333,3,213.33333333333334,195.0,218.33333333333334,29.0
snapshot_2025_01_20,Captura de 20/01,exclude_suspicious_prices,Sem preços ≥ 10 mil,preco_por_quarto,Preço anunciado por quarto,não aplicável,alto sao bento|casa|12 quartos,Alto Sao Bento · casa · 12 quartos,Alto Sao Bento,casa,12,1,208.33333333333334,208.33333333333334,208.33333333333334,,,evidência insuficiente,1,1,1.0,1,208.33333333333334,,,30.0
snapshot_2025_01_20,Captura de 20/01,exclude_suspicious_prices,Sem preços ≥ 10 mil,preco_por_quarto,Preço anunciado por quarto,não aplicável,tabuleiro dos oliveiras|apartamento|2 quartos,Tabuleiro dos Oliveiras · apartamento · 2 quartos,Tabuleiro dos Oliveiras,apartamento,2,12,199.75,190.0,276.625,175.0,291.75,exploratório,11,2,0.16666666666666666,1,199.5,199.0,199.0,31.0
snapshot_2025_01_20,Captura de 20/01,exclude_suspicious_prices,Sem preços ≥ 10 mil,preco_por_quarto,Preço anunciado por quarto,não aplicável,ilhota|casa|3 quartos,Ilhota · casa · 3 quartos,Ilhota,casa,3,2,198.33333333333334,180.83333333333334,215.83333333333334,,,evidência insuficiente,2,1,0.5,2,198.33333333333334,163.33333333333334,233.33333333333334,32.0
snapshot_2025_01_20,Captura de 20/01,exclude_suspicious_prices,Sem preços ≥ 10 mil,preco_por_quarto,Preço anunciado por quarto,não aplicável,meia praia|casa|1 quarto,Meia Praia · casa · 1 quarto,Meia Praia,casa,1,1,195.0,195.0,195.0,,,evidência insuficiente,1,1,1.0,1,195.0,,,33.0
snapshot_2025_01_20,Captura de 20/01,exclude_suspicious_prices,Sem preços ≥ 10 mil,preco_por_quarto,Preço anunciado por quarto,não aplicável,meia praia|apartamento|5 quartos,Meia Praia · apartamento · 5 quartos,Meia Praia,apartamento,5,1,180.0,180.0,180.0,,,evidência insuficiente,1,1,1.0,1,180.0,,,34.0
snapshot_2025_01_20,Captura de 20/01,exclude_suspicious_prices,Sem preços ≥ 10 mil,preco_por_quarto,Preço anunciado por quarto,não aplicável,morretes|casa|2 quartos,Morretes · casa · 2 quartos,Morretes,casa,2,8,161.75,149.40625,190.375,149.125,220.0,evidência insuficiente,7,2,0.25,1,150.0,149.75,149.75,35.0
snapshot_2025_01_20,Captura de 20/01,exclude_suspicious_prices,Sem preços ≥ 10 mil,preco_por_quarto,Preço anunciado por quarto,não aplicável,morretes|apartamento|4 quartos,Morretes · apartamento · 4 quartos,Morretes,apartamento,4,1,147.5,147.5,147.5,,,evidência insuficiente,1,1,1.0,1,147.5,,,36.0
snapshot_2025_01_20,Captura de 20/01,exclude_suspicious_prices,Sem preços ≥ 10 mil,preco_por_quarto,Preço anunciado por quarto,não aplicável,casa branca|apartamento|3 quartos,Casa Branca · apartamento · 3 quartos,Casa Branca,apartamento,3,2,134.33333333333331,118.16666666666666,150.5,,,evidência insuficiente,2,1,0.5,2,134.33333333333331,102.0,166.66666666666666,37.0
snapshot_2025_01_20,Captura de 20/01,exclude_suspicious_prices,Sem preços ≥ 10 mil,preco_por_quarto,Preço anunciado por quarto,não aplicável,casa branca|apartamento|2 quartos,Casa Branca · apartamento · 2 quartos,Casa Branca,apartamento,2,4,130.0,116.875,148.625,,,evidência insuficiente,4,1,0.25,4,130.0,120.0,140.0,38.0
snapshot_2025_01_20,Captura de 20/01,exclude_suspicious_prices,Sem preços ≥ 10 mil,preco_por_quarto,Preço anunciado por quarto,não aplicável,meia praia|casa|4 quartos,Meia Praia · casa · 4 quartos,Meia Praia,casa,4,1,125.0,125.0,125.0,,,evidência insuficiente,1,1,1.0,1,125.0,,,39.0
snapshot_2025_01_20,Captura de 20/01,exclude_suspicious_prices,Sem preços ≥ 10 mil,preco_por_quarto,Preço anunciado por quarto,não aplicável,centro|casa|2 quartos,Centro · casa · 2 quartos,Centro,casa,2,1,125.0,125.0,125.0,,,evidência insuficiente,1,1,1.0,1,125.0,,,39.0
snapshot_2025_01_20,Captura de 20/01,exclude_suspicious_prices,Sem preços ≥ 10 mil,preco_por_quarto,Preço anunciado por quarto,não aplicável,centro|apartamento|4 quartos,Centro · apartamento · 4 quartos,Centro,apartamento,4,1,112.5,112.5,112.5,,,evidência insuficiente,1,1,1.0,1,112.5,,,41.0
snapshot_2025_01_20,Captura de 20/01,exclude_suspicious_prices,Sem preços ≥ 10 mil,preco_por_quarto,Preço anunciado por quarto,não aplicável,ilhota|casa|2 quartos,Ilhota · casa · 2 quartos,Ilhota,casa,2,1,105.0,105.0,105.0,,,evidência insuficiente,1,1,1.0,1,105.0,,,42.0
snapshot_2025_01_20,Captura de 20/01,exclude_suspicious_prices,Sem preços ≥ 10 mil,preco_por_quarto,Preço anunciado por quarto,não aplicável,canto da praia|apartamento|3 quartos,Canto da Praia · apartamento · 3 quartos,Canto da Praia,apartamento,3,1,102.54166666666667,102.54166666666667,102.54166666666667,,,evidência insuficiente,1,1,1.0,1,102.54166666666667,,,43.0
snapshot_2025_01_20,Captura de 20/01,exclude_suspicious_prices,Sem preços ≥ 10 mil,preco_por_quarto,Preço anunciado por quarto,não aplicável,alto sao bento|apartamento|2 quartos,Alto Sao Bento · apartamento · 2 quartos,Alto Sao Bento,apartamento,2,1,99.5,99.5,99.5,,,evidência insuficiente,1,1,1.0,1,99.5,,,44.0
snapshot_2025_01_20,Captura de 20/01,exclude_suspicious_prices,Sem preços ≥ 10 mil,preco_total,Preço anunciado total,não aplicável,sertaozinho|casa|6 quartos,Sertaozinho · casa · 6 quartos,Sertaozinho,casa,6,2,2581.25,2121.875,3040.625,,,evidência insuficiente,2,1,0.5,2,2581.25,1662.5,3500.0,1.0
snapshot_2025_01_20,Captura de 20/01,exclude_suspicious_prices,Sem preços ≥ 10 mil,preco_total,Preço anunciado total,não aplicável,alto sao bento|casa|12 quartos,Alto Sao Bento · casa · 12 quartos,Alto Sao Bento,casa,12,1,2500.0,2500.0,2500.0,,,evidência insuficiente,1,1,1.0,1,2500.0,,,2.0
snapshot_2025_01_20,Captura de 20/01,exclude_suspicious_prices,Sem preços ≥ 10 mil,preco_total,Preço anunciado total,não aplicável,tabuleiro dos oliveiras|casa|4 quartos,Tabuleiro dos Oliveiras · casa · 4 quartos,Tabuleiro dos Oliveiras,casa,4,1,1700.0,1700.0,1700.0,,,evidência insuficiente,1,1,1.0,1,1700.0,,,3.0
snapshot_2025_01_20,Captura de 20/01,exclude_suspicious_prices,Sem preços ≥ 10 mil,preco_total,Preço anunciado total,não aplicável,varzea|casa|5 quartos,Varzea · casa · 5 quartos,Varzea,casa,5,1,1500.0,1500.0,1500.0,,,evidência insuficiente,1,1,1.0,1,1500.0,,,4.0
snapshot_2025_01_20,Captura de 20/01,exclude_suspicious_prices,Sem preços ≥ 10 mil,preco_total,Preço anunciado total,não aplicável,centro|casa|4 quartos,Centro · casa · 4 quartos,Centro,casa,4,2,1400.0,1200.0,1600.0,,,evidência insuficiente,2,1,0.5,2,1400.0,1000.0,1800.0,5.0
snapshot_2025_01_20,Captura de 20/01,exclude_suspicious_prices,Sem preços ≥ 10 mil,preco_total,Preço anunciado total,não aplicável,morretes|casa|4 quartos,Morretes · casa · 4 quartos,Morretes,casa,4,2,1100.0,1050.0,1150.0,,,evidência insuficiente,2,1,0.5,2,1100.0,1000.0,1200.0,6.0
snapshot_2025_01_20,Captura de 20/01,exclude_suspicious_prices,Sem preços ≥ 10 mil,preco_total,Preço anunciado total,não aplicável,sertao do trombudo|casa|4 quartos,Sertao do Trombudo · casa · 4 quartos,Sertao do Trombudo,casa,4,1,1000.0,1000.0,1000.0,,,evidência insuficiente,1,1,1.0,1,1000.0,,,7.0
snapshot_2025_01_20,Captura de 20/01,exclude_suspicious_prices,Sem preços ≥ 10 mil,preco_total,Preço anunciado total,não aplicável,ilhota|casa|4 quartos,Ilhota · casa · 4 quartos,Ilhota,casa,4,1,946.0,946.0,946.0,,,evidência insuficiente,1,1,1.0,1,946.0,,,8.0
snapshot_2025_01_20,Captura de 20/01,exclude_suspicious_prices,Sem preços ≥ 10 mil,preco_total,Preço anunciado total,não aplicável,meia praia|apartamento|5 quartos,Meia Praia · apartamento · 5 quartos,Meia Praia,apartamento,5,1,900.0,900.0,900.0,,,evidência insuficiente,1,1,1.0,1,900.0,,,9.0
snapshot_2025_01_20,Captura de 20/01,exclude_suspicious_prices,Sem preços ≥ 10 mil,preco_total,Preço anunciado total,não aplicável,meia praia|apartamento|4 quartos,Meia Praia · apartamento · 4 quartos,Meia Praia,apartamento,4,43,899.0,735.0,1537.0,820.0,1400.0,principal,38,2,0.046511627906976744,5,874.0,874.0,899.0,10.0
snapshot_2025_01_20,Captura de 20/01,exclude_suspicious_prices,Sem preços ≥ 10 mil,preco_total,Preço anunciado total,não aplicável,varzea|casa|3 quartos,Varzea · casa · 3 quartos,Varzea,casa,3,1,700.0,700.0,700.0,,,evidência insuficiente,1,1,1.0,1,700.0,,,11.0
snapshot_2025_01_20,Captura de 20/01,exclude_suspicious_prices,Sem preços ≥ 10 mil,preco_total,Preço anunciado total,não aplicável,centro|apartamento|3 quartos,Centro · apartamento · 3 quartos,Centro,apartamento,3,38,664.0,500.0,832.75,518.0,790.125,principal,34,4,0.10526315789473684,1,669.25,663.75,663.75,12.0
snapshot_2025_01_20,Captura de 20/01,exclude_suspicious_prices,Sem preços ≥ 10 mil,preco_total,Preço anunciado total,não aplicável,meia praia|apartamento|3 quartos,Meia Praia · apartamento · 3 quartos,Meia Praia,apartamento,3,284,650.0,500.0,816.499975,602.97916625,700.0,principal,235,12,0.04225352112676056,1,650.0,650.0,650.0,13.0
snapshot_2025_01_20,Captura de 20/01,exclude_suspicious_prices,Sem preços ≥ 10 mil,preco_total,Preço anunciado total,não aplicável,morretes|apartamento|3 quartos,Morretes · apartamento · 3 quartos,Morretes,apartamento,3,9,650.0,550.0,1010.5,500.0,1022.0,evidência insuficiente,9,1,0.1111111111111111,9,650.0,636.0833250000001,650.5,13.0
snapshot_2025_01_20,Captura de 20/01,exclude_suspicious_prices,Sem preços ≥ 10 mil,preco_total,Preço anunciado total,não aplicável,tabuleiro dos oliveiras|apartamento|3 quartos,Tabuleiro dos Oliveiras · apartamento · 3 quartos,Tabuleiro dos Oliveiras,apartamento,3,3,640.0,585.0,655.0,,,evidência insuficiente,3,1,0.3333333333333333,3,640.0,585.0,655.0,15.0
snapshot_2025_01_20,Captura de 20/01,exclude_suspicious_prices,Sem preços ≥ 10 mil,preco_total,Preço anunciado total,não aplicável,centro|apartamento|2 quartos,Centro · apartamento · 2 quartos,Centro,apartamento,2,59,600.0,399.0,682.0,399.0,627.771875,principal,37,20,0.3389830508474576,1,480.0,449.0,449.0,16.0
snapshot_2025_01_20,Captura de 20/01,exclude_suspicious_prices,Sem preços ≥ 10 mil,preco_total,Preço anunciado total,não aplicável,ilhota|casa|3 quartos,Ilhota · casa · 3 quartos,Ilhota,casa,3,2,595.0,542.5,647.5,,,evidência insuficiente,2,1,0.5,2,595.0,490.0,700.0,17.0
snapshot_2025_01_20,Captura de 20/01,exclude_suspicious_prices,Sem preços ≥ 10 mil,preco_total,Preço anunciado total,não aplicável,morretes|apartamento|4 quartos,Morretes · apartamento · 4 quartos,Morretes,apartamento,4,1,590.0,590.0,590.0,,,evidência insuficiente,1,1,1.0,1,590.0,,,18.0
snapshot_2025_01_20,Captura de 20/01,exclude_suspicious_prices,Sem preços ≥ 10 mil,preco_total,Preço anunciado total,não aplicável,ilhota|apartamento|2 quartos,Ilhota · apartamento · 2 quartos,Ilhota,apartamento,2,1,585.0,585.0,585.0,,,evidência insuficiente,1,1,1.0,1,585.0,,,19.0
snapshot_2025_01_20,Captura de 20/01,exclude_suspicious_prices,Sem preços ≥ 10 mil,preco_total,Preço anunciado total,não aplicável,areal|casa|1 quarto,Areal · casa · 1 quarto,Areal,casa,1,1,556.0,556.0,556.0,,,evidência insuficiente,1,1,1.0,1,556.0,,,20.0
snapshot_2025_01_20,Captura de 20/01,exclude_suspicious_prices,Sem preços ≥ 10 mil,preco_total,Preço anunciado total,não aplicável,canto da praia|apartamento|2 quartos,Canto da Praia · apartamento · 2 quartos,Canto da Praia,apartamento,2,4,509.0,494.75,534.25,,,evidência insuficiente,4,1,0.25,4,509.0,500.0,518.0,21.0
snapshot_2025_01_20,Captura de 20/01,exclude_suspicious_prices,Sem preços ≥ 10 mil,preco_total,Preço anunciado total,não aplicável,sertaozinho|casa|2 quartos,Sertaozinho · casa · 2 quartos,Sertaozinho,casa,2,1,500.0,500.0,500.0,,,evidência insuficiente,1,1,1.0,1,500.0,,,22.0
snapshot_2025_01_20,Captura de 20/01,exclude_suspicious_prices,Sem preços ≥ 10 mil,preco_total,Preço anunciado total,não aplicável,meia praia|casa|4 quartos,Meia Praia · casa · 4 quartos,Meia Praia,casa,4,1,500.0,500.0,500.0,,,evidência insuficiente,1,1,1.0,1,500.0,,,22.0
snapshot_2025_01_20,Captura de 20/01,exclude_suspicious_prices,Sem preços ≥ 10 mil,preco_total,Preço anunciado total,não aplicável,morretes|apartamento|2 quartos,Morretes · apartamento · 2 quartos,Morretes,apartamento,2,42,451.75,350.75,541.25,385.0,486.8374999999997,principal,33,7,0.16666666666666666,1,448.5,420.0,420.0,24.0
snapshot_2025_01_20,Captura de 20/01,exclude_suspicious_prices,Sem preços ≥ 10 mil,preco_total,Preço anunciado total,não aplicável,centro|apartamento|1 quarto,Centro · apartamento · 1 quarto,Centro,apartamento,1,75,450.0,378.25,497.0,427.0,500.0,principal,17,54,0.72,1,450.0,450.0,450.0,25.0
snapshot_2025_01_20,Captura de 20/01,exclude_suspicious_prices,Sem preços ≥ 10 mil,preco_total,Preço anunciado total,não aplicável,varzea|casa|1 quarto,Varzea · casa · 1 quarto,Varzea,casa,1,1,450.0,450.0,450.0,,,evidência insuficiente,1,1,1.0,1,450.0,,,25.0
snapshot_2025_01_20,Captura de 20/01,exclude_suspicious_prices,Sem preços ≥ 10 mil,preco_total,Preço anunciado total,não aplicável,centro|apartamento|4 quartos,Centro · apartamento · 4 quartos,Centro,apartamento,4,1,450.0,450.0,450.0,,,evidência insuficiente,1,1,1.0,1,450.0,,,25.0
snapshot_2025_01_20,Captura de 20/01,exclude_suspicious_prices,Sem preços ≥ 10 mil,preco_total,Preço anunciado total,não aplicável,meia praia|apartamento|2 quartos,Meia Praia · apartamento · 2 quartos,Meia Praia,apartamento,2,126,448.0,350.0,550.0,400.0,467.58333,principal,112,7,0.05555555555555555,1,427.5,420.0,420.0,28.0
snapshot_2025_01_20,Captura de 20/01,exclude_suspicious_prices,Sem preços ≥ 10 mil,preco_total,Preço anunciado total,não aplicável,meia praia|apartamento|1 quarto,Meia Praia · apartamento · 1 quarto,Meia Praia,apartamento,1,16,440.0,382.875,510.75,380.75,509.0,exploratório,14,3,0.1875,1,400.0,400.0,400.0,29.0
snapshot_2025_01_20,Captura de 20/01,exclude_suspicious_prices,Sem preços ≥ 10 mil,preco_total,Preço anunciado total,não aplicável,casa branca|apartamento|3 quartos,Casa Branca · apartamento · 3 quartos,Casa Branca,apartamento,3,2,403.0,354.5,451.5,,,evidência insuficiente,2,1,0.5,2,403.0,306.0,500.0,30.0
snapshot_2025_01_20,Captura de 20/01,exclude_suspicious_prices,Sem preços ≥ 10 mil,preco_total,Preço anunciado total,não aplicável,morretes|apartamento|1 quarto,Morretes · apartamento · 1 quarto,Morretes,apartamento,1,3,400.0,375.0,440.0,,,evidência insuficiente,3,1,0.3333333333333333,3,400.0,375.0,440.0,31.0
snapshot_2025_01_20,Captura de 20/01,exclude_suspicious_prices,Sem preços ≥ 10 mil,preco_total,Preço anunciado total,não aplicável,tabuleiro dos oliveiras|apartamento|2 quartos,Tabuleiro dos Oliveiras · apartamento · 2 quartos,Tabuleiro dos Oliveiras,apartamento,2,12,399.5,380.0,553.25,350.0,583.5,exploratório,11,2,0.16666666666666666,1,399.0,398.0,398.0,32.0
snapshot_2025_01_20,Captura de 20/01,exclude_suspicious_prices,Sem preços ≥ 10 mil,preco_total,Preço anunciado total,não aplicável,meia praia|apartamento|0 quartos,Meia Praia · apartamento · 0 quartos,Meia Praia,apartamento,0,7,380.0,315.4,515.0,300.0,540.0,evidência insuficiente,7,1,0.14285714285714285,7,380.0,355.4,435.0,33.0
snapshot_2025_01_20,Captura de 20/01,exclude_suspicious_prices,Sem preços ≥ 10 mil,preco_total,Preço anunciado total,não aplicável,sertao do trombudo|casa|1 quarto,Sertao do Trombudo · casa · 1 quarto,Sertao do Trombudo,casa,1,2,380.0,375.0,385.0,,,evidência insuficiente,1,2,1.0,1,380.0,,,33.0
snapshot_2025_01_20,Captura de 20/01,exclude_suspicious_prices,Sem preços ≥ 10 mil,preco_total,Preço anunciado total,não aplicável,ilhota|apartamento|1 quarto,Ilhota · apartamento · 1 quarto,Ilhota,apartamento,1,2,345.5,343.25,347.75,,,evidência insuficiente,1,2,1.0,1,345.5,,,35.0
snapshot_2025_01_20,Captura de 20/01,exclude_suspicious_prices,Sem preços ≥ 10 mil,preco_total,Preço anunciado total,não aplicável,morretes|casa|2 quartos,Morretes · casa · 2 quartos,Morretes,casa,2,8,323.5,298.8125,380.75,298.25,440.0,evidência insuficiente,7,2,0.25,1,300.0,299.5,299.5,36.0
snapshot_2025_01_20,Captura de 20/01,exclude_suspicious_prices,Sem preços ≥ 10 mil,preco_total,Preço anunciado total,não aplicável,canto da praia|apartamento|3 quartos,Canto da Praia · apartamento · 3 quartos,Canto da Praia,apartamento,3,1,307.625,307.625,307.625,,,evidência insuficiente,1,1,1.0,1,307.625,,,37.0
snapshot_2025_01_20,Captura de 20/01,exclude_suspicious_prices,Sem preços ≥ 10 mil,preco_total,Preço anunciado total,não aplicável,casa branca|casa|1 quarto,Casa Branca · casa · 1 quarto,Casa Branca,casa,1,1,300.0,300.0,300.0,,,evidência insuficiente,1,1,1.0,1,300.0,,,38.0
snapshot_2025_01_20,Captura de 20/01,exclude_suspicious_prices,Sem preços ≥ 10 mil,preco_total,Preço anunciado total,não aplicável,centro|casa|1 quarto,Centro · casa · 1 quarto,Centro,casa,1,1,283.0,283.0,283.0,,,evidência insuficiente,1,1,1.0,1,283.0,,,39.0
snapshot_2025_01_20,Captura de 20/01,exclude_suspicious_prices,Sem preços ≥ 10 mil,preco_total,Preço anunciado total,não aplicável,alto sao bento|apartamento|1 quarto,Alto Sao Bento · apartamento · 1 quarto,Alto Sao Bento,apartamento,1,1,280.0,280.0,280.0,,,evidência insuficiente,1,1,1.0,1,280.0,,,40.0
snapshot_2025_01_20,Captura de 20/01,exclude_suspicious_prices,Sem preços ≥ 10 mil,preco_total,Preço anunciado total,não aplicável,casa branca|apartamento|2 quartos,Casa Branca · apartamento · 2 quartos,Casa Branca,apartamento,2,4,260.0,233.75,297.25,,,evidência insuficiente,4,1,0.25,4,260.0,240.0,280.0,41.0
snapshot_2025_01_20,Captura de 20/01,exclude_suspicious_prices,Sem preços ≥ 10 mil,preco_total,Preço anunciado total,não aplicável,centro|casa|2 quartos,Centro · casa · 2 quartos,Centro,casa,2,1,250.0,250.0,250.0,,,evidência insuficiente,1,1,1.0,1,250.0,,,42.0
snapshot_2025_01_20,Captura de 20/01,exclude_suspicious_prices,Sem preços ≥ 10 mil,preco_total,Preço anunciado total,não aplicável,ilhota|casa|2 quartos,Ilhota · casa · 2 quartos,Ilhota,casa,2,1,210.0,210.0,210.0,,,evidência insuficiente,1,1,1.0,1,210.0,,,43.0
snapshot_2025_01_20,Captura de 20/01,exclude_suspicious_prices,Sem preços ≥ 10 mil,preco_total,Preço anunciado total,não aplicável,alto sao bento|apartamento|2 quartos,Alto Sao Bento · apartamento · 2 quartos,Alto Sao Bento,apartamento,2,1,199.0,199.0,199.0,,,evidência insuficiente,1,1,1.0,1,199.0,,,44.0
snapshot_2025_01_20,Captura de 20/01,exclude_suspicious_prices,Sem preços ≥ 10 mil,preco_total,Preço anunciado total,não aplicável,meia praia|casa|1 quarto,Meia Praia · casa · 1 quarto,Meia Praia,casa,1,1,195.0,195.0,195.0,,,evidência insuficiente,1,1,1.0,1,195.0,,,45.0
snapshot_2025_01_20,Captura de 20/01,original,Valores originais,preco_por_hospede,Preço anunciado por hóspede comportado,todas as capacidades positivas,areal|casa|1 quarto,Areal · casa · 1 quarto,Areal,casa,1,1,278.0,278.0,278.0,,,evidência insuficiente,1,1,1.0,1,278.0,,,1.0
snapshot_2025_01_20,Captura de 20/01,original,Valores originais,preco_por_hospede,Preço anunciado por hóspede comportado,sem capacidades positivas suspeitas,areal|casa|1 quarto,Areal · casa · 1 quarto,Areal,casa,1,1,278.0,278.0,278.0,,,evidência insuficiente,1,1,1.0,1,278.0,,,1.0
snapshot_2025_01_20,Captura de 20/01,original,Valores originais,preco_por_hospede,Preço anunciado por hóspede comportado,todas as capacidades positivas,sertao do trombudo|casa|1 quarto,Sertao do Trombudo · casa · 1 quarto,Sertao do Trombudo,casa,1,2,190.0,187.5,192.5,,,evidência insuficiente,1,2,1.0,1,190.0,,,2.0
snapshot_2025_01_20,Captura de 20/01,original,Valores originais,preco_por_hospede,Preço anunciado por hóspede comportado,sem capacidades positivas suspeitas,sertao do trombudo|casa|1 quarto,Sertao do Trombudo · casa · 1 quarto,Sertao do Trombudo,casa,1,2,190.0,187.5,192.5,,,evidência insuficiente,1,2,1.0,1,190.0,,,2.0
snapshot_2025_01_20,Captura de 20/01,original,Valores originais,preco_por_hospede,Preço anunciado por hóspede comportado,todas as capacidades positivas,sertaozinho|casa|6 quartos,Sertaozinho · casa · 6 quartos,Sertaozinho,casa,6,2,161.328125,132.6171875,190.0390625,,,evidência insuficiente,2,1,0.5,2,161.328125,103.90625,218.75,3.0
snapshot_2025_01_20,Captura de 20/01,original,Valores originais,preco_por_hospede,Preço anunciado por hóspede comportado,sem capacidades positivas suspeitas,sertaozinho|casa|6 quartos,Sertaozinho · casa · 6 quartos,Sertaozinho,casa,6,2,161.328125,132.6171875,190.0390625,,,evidência insuficiente,2,1,0.5,2,161.328125,103.90625,218.75,3.0
snapshot_2025_01_20,Captura de 20/01,original,Valores originais,preco_por_hospede,Preço anunciado por hóspede comportado,todas as capacidades positivas,alto sao bento|casa|12 quartos,Alto Sao Bento · casa · 12 quartos,Alto Sao Bento,casa,12,1,156.25,156.25,156.25,,,evidência insuficiente,1,1,1.0,1,156.25,,,4.0
snapshot_2025_01_20,Captura de 20/01,original,Valores originais,preco_por_hospede,Preço anunciado por hóspede comportado,sem capacidades positivas suspeitas,alto sao bento|casa|12 quartos,Alto Sao Bento · casa · 12 quartos,Alto Sao Bento,casa,12,1,156.25,156.25,156.25,,,evidência insuficiente,1,1,1.0,1,156.25,,,4.0
snapshot_2025_01_20,Captura de 20/01,original,Valores originais,preco_por_hospede,Preço anunciado por hóspede comportado,todas as capacidades positivas,casa branca|casa|1 quarto,Casa Branca · casa · 1 quarto,Casa Branca,casa,1,1,150.0,150.0,150.0,,,evidência insuficiente,1,1,1.0,1,150.0,,,5.0
snapshot_2025_01_20,Captura de 20/01,original,Valores originais,preco_por_hospede,Preço anunciado por hóspede comportado,sem capacidades positivas suspeitas,casa branca|casa|1 quarto,Casa Branca · casa · 1 quarto,Casa Branca,casa,1,1,150.0,150.0,150.0,,,evidência insuficiente,1,1,1.0,1,150.0,,,5.0
snapshot_2025_01_20,Captura de 20/01,original,Valores originais,preco_por_hospede,Preço anunciado por hóspede comportado,todas as capacidades positivas,tabuleiro dos oliveiras|casa|4 quartos,Tabuleiro dos Oliveiras · casa · 4 quartos,Tabuleiro dos Oliveiras,casa,4,1,141.66666666666666,141.66666666666666,141.66666666666666,,,evidência insuficiente,1,1,1.0,1,141.66666666666666,,,6.0
snapshot_2025_01_20,Captura de 20/01,original,Valores originais,preco_por_hospede,Preço anunciado por hóspede comportado,sem capacidades positivas suspeitas,tabuleiro dos oliveiras|casa|4 quartos,Tabuleiro dos Oliveiras · casa · 4 quartos,Tabuleiro dos Oliveiras,casa,4,1,141.66666666666666,141.66666666666666,141.66666666666666,,,evidência insuficiente,1,1,1.0,1,141.66666666666666,,,6.0
snapshot_2025_01_20,Captura de 20/01,original,Valores originais,preco_por_hospede,Preço anunciado por hóspede comportado,todas as capacidades positivas,centro|apartamento|1 quarto,Centro · apartamento · 1 quarto,Centro,apartamento,1,75,136.5,118.34375,189.125,107.01785625,150.0,principal,17,54,0.72,1,136.75,112.5,112.5,7.0
snapshot_2025_01_20,Captura de 20/01,original,Valores originais,preco_por_hospede,Preço anunciado por hóspede comportado,sem capacidades positivas suspeitas,centro|apartamento|1 quarto,Centro · apartamento · 1 quarto,Centro,apartamento,1,75,136.5,118.34375,189.125,105.94285625,150.0,principal,17,54,0.72,1,136.75,112.5,112.5,7.0
snapshot_2025_01_20,Captura de 20/01,original,Valores originais,preco_por_hospede,Preço anunciado por hóspede comportado,todas as capacidades positivas,meia praia|apartamento|1 quarto,Meia Praia · apartamento · 1 quarto,Meia Praia,apartamento,1,16,123.75,99.0625,201.1875,98.125,214.125,exploratório,14,3,0.1875,1,116.25,110.0,110.0,8.0
snapshot_2025_01_20,Captura de 20/01,original,Valores originais,preco_por_hospede,Preço anunciado por hóspede comportado,sem capacidades positivas suspeitas,meia praia|apartamento|1 quarto,Meia Praia · apartamento · 1 quarto,Meia Praia,apartamento,1,16,123.75,99.0625,201.1875,98.125,240.0,exploratório,14,3,0.1875,1,116.25,110.0,110.0,8.0
snapshot_2025_01_20,Captura de 20/01,original,Valores originais,preco_por_hospede,Preço anunciado por hóspede comportado,todas as capacidades positivas,centro|casa|4 quartos,Centro · casa · 4 quartos,Centro,casa,4,2,120.45454545454545,105.68181818181819,135.22727272727272,,,evidência insuficiente,2,1,0.5,2,120.45454545454545,90.9090909090909,150.0,9.0
snapshot_2025_01_20,Captura de 20/01,original,Valores originais,preco_por_hospede,Preço anunciado por hóspede comportado,sem capacidades positivas suspeitas,centro|casa|4 quartos,Centro · casa · 4 quartos,Centro,casa,4,2,120.45454545454545,105.68181818181819,135.22727272727272,,,evidência insuficiente,2,1,0.5,2,120.45454545454545,90.9090909090909,150.0,9.0
snapshot_2025_01_20,Captura de 20/01,original,Valores originais,preco_por_hospede,Preço anunciado por hóspede comportado,todas as capacidades positivas,ilhota|apartamento|2 quartos,Ilhota · apartamento · 2 quartos,Ilhota,apartamento,2,1,117.0,117.0,117.0,,,evidência insuficiente,1,1,1.0,1,117.0,,,10.0
snapshot_2025_01_20,Captura de 20/01,original,Valores originais,preco_por_hospede,Preço anunciado por hóspede comportado,sem capacidades positivas suspeitas,ilhota|apartamento|2 quartos,Ilhota · apartamento · 2 quartos,Ilhota,apartamento,2,1,117.0,117.0,117.0,,,evidência insuficiente,1,1,1.0,1,117.0,,,10.0
snapshot_2025_01_20,Captura de 20/01,original,Valores originais,preco_por_hospede,Preço anunciado por hóspede comportado,todas as capacidades positivas,morretes|apartamento|1 quarto,Morretes · apartamento · 1 quarto,Morretes,apartamento,1,3,116.66666666666667,108.33333333333334,118.33333333333334,,,evidência insuficiente,3,1,0.3333333333333333,3,116.66666666666667,108.33333333333334,118.33333333333334,11.0
snapshot_2025_01_20,Captura de 20/01,original,Valores originais,preco_por_hospede,Preço anunciado por hóspede comportado,sem capacidades positivas suspeitas,morretes|apartamento|1 quarto,Morretes · apartamento · 1 quarto,Morretes,apartamento,1,3,116.66666666666667,108.33333333333334,118.33333333333334,,,evidência insuficiente,3,1,0.3333333333333333,3,116.66666666666667,108.33333333333334,118.33333333333334,11.0
snapshot_2025_01_20,Captura de 20/01,original,Valores originais,preco_por_hospede,Preço anunciado por hóspede comportado,todas as capacidades positivas,varzea|casa|1 quarto,Varzea · casa · 1 quarto,Varzea,casa,1,1,112.5,112.5,112.5,,,evidência insuficiente,1,1,1.0,1,112.5,,,12.0
snapshot_2025_01_20,Captura de 20/01,original,Valores originais,preco_por_hospede,Preço anunciado por hóspede comportado,sem capacidades positivas suspeitas,varzea|casa|1 quarto,Varzea · casa · 1 quarto,Varzea,casa,1,1,112.5,112.5,112.5,,,evidência insuficiente,1,1,1.0,1,112.5,,,12.0
snapshot_2025_01_20,Captura de 20/01,original,Valores originais,preco_por_hospede,Preço anunciado por hóspede comportado,todas as capacidades positivas,canto da praia|apartamento|2 quartos,Canto da Praia · apartamento · 2 quartos,Canto da Praia,apartamento,2,4,111.675,101.99166666666666,121.0625,,,evidência insuficiente,4,1,0.25,4,111.675,103.6,119.75,13.0
snapshot_2025_01_20,Captura de 20/01,original,Valores originais,preco_por_hospede,Preço anunciado por hóspede comportado,sem capacidades positivas suspeitas,canto da praia|apartamento|2 quartos,Canto da Praia · apartamento · 2 quartos,Canto da Praia,apartamento,2,4,111.675,101.99166666666666,121.0625,,,evidência insuficiente,4,1,0.25,4,111.675,103.6,119.75,13.0
snapshot_2025_01_20,Captura de 20/01,original,Valores originais,preco_por_hospede,Preço anunciado por hóspede comportado,todas as capacidades positivas,tabuleiro dos oliveiras|apartamento|3 quartos,Tabuleiro dos Oliveiras · apartamento · 3 quartos,Tabuleiro dos Oliveiras,apartamento,3,3,106.66666666666667,97.5,120.33333333333334,,,evidência insuficiente,3,1,0.3333333333333333,3,106.66666666666667,97.5,120.33333333333334,14.0
snapshot_2025_01_20,Captura de 20/01,original,Valores originais,preco_por_hospede,Preço anunciado por hóspede comportado,sem capacidades positivas suspeitas,tabuleiro dos oliveiras|apartamento|3 quartos,Tabuleiro dos Oliveiras · apartamento · 3 quartos,Tabuleiro dos Oliveiras,apartamento,3,3,106.66666666666667,97.5,120.33333333333334,,,evidência insuficiente,3,1,0.3333333333333333,3,106.66666666666667,97.5,120.33333333333334,14.0
snapshot_2025_01_20,Captura de 20/01,original,Valores originais,preco_por_hospede,Preço anunciado por hóspede comportado,todas as capacidades positivas,centro|apartamento|2 quartos,Centro · apartamento · 2 quartos,Centro,apartamento,2,59,100.8125,71.58333333333334,137.08333333333331,72.0,105.29166666666667,principal,37,20,0.3389830508474576,1,87.5,80.0,80.0,15.0
snapshot_2025_01_20,Captura de 20/01,original,Valores originais,preco_por_hospede,Preço anunciado por hóspede comportado,sem capacidades positivas suspeitas,centro|apartamento|2 quartos,Centro · apartamento · 2 quartos,Centro,apartamento,2,59,100.8125,71.58333333333334,137.08333333333331,72.0,105.29166666666667,principal,37,20,0.3389830508474576,1,87.5,80.0,80.0,15.0
snapshot_2025_01_20,Captura de 20/01,original,Valores originais,preco_por_hospede,Preço anunciado por hóspede comportado,todas as capacidades positivas,meia praia|apartamento|4 quartos,Meia Praia · apartamento · 4 quartos,Meia Praia,apartamento,4,43,100.0,75.19791562500001,149.86363636363637,85.0,133.66666666666666,principal,38,2,0.046511627906976744,5,100.0,100.0,106.125,16.0
snapshot_2025_01_20,Captura de 20/01,original,Valores originais,preco_por_hospede,Preço anunciado por hóspede comportado,todas as capacidades positivas,varzea|casa|5 quartos,Varzea · casa · 5 quartos,Varzea,casa,5,1,100.0,100.0,100.0,,,evidência insuficiente,1,1,1.0,1,100.0,,,16.0
snapshot_2025_01_20,Captura de 20/01,original,Valores originais,preco_por_hospede,Preço anunciado por hóspede comportado,todas as capacidades positivas,sertaozinho|casa|2 quartos,Sertaozinho · casa · 2 quartos,Sertaozinho,casa,2,1,100.0,100.0,100.0,,,evidência insuficiente,1,1,1.0,1,100.0,,,16.0
snapshot_2025_01_20,Captura de 20/01,original,Valores originais,preco_por_hospede,Preço anunciado por hóspede comportado,todas as capacidades positivas,varzea|casa|3 quartos,Varzea · casa · 3 quartos,Varzea,casa,3,1,100.0,100.0,100.0,,,evidência insuficiente,1,1,1.0,1,100.0,,,16.0
snapshot_2025_01_20,Captura de 20/01,original,Valores originais,preco_por_hospede,Preço anunciado por hóspede comportado,sem capacidades positivas suspeitas,meia praia|apartamento|4 quartos,Meia Praia · apartamento · 4 quartos,Meia Praia,apartamento,4,43,100.0,75.19791562500001,149.86363636363637,85.27777777777777,133.66666666666666,principal,38,2,0.046511627906976744,5,100.0,100.0,106.125,16.0
snapshot_2025_01_20,Captura de 20/01,original,Valores originais,preco_por_hospede,Preço anunciado por hóspede comportado,sem capacidades positivas suspeitas,varzea|casa|5 quartos,Varzea · casa · 5 quartos,Varzea,casa,5,1,100.0,100.0,100.0,,,evidência insuficiente,1,1,1.0,1,100.0,,,16.0
snapshot_2025_01_20,Captura de 20/01,original,Valores originais,preco_por_hospede,Preço anunciado por hóspede comportado,sem capacidades positivas suspeitas,sertaozinho|casa|2 quartos,Sertaozinho · casa · 2 quartos,Sertaozinho,casa,2,1,100.0,100.0,100.0,,,evidência insuficiente,1,1,1.0,1,100.0,,,16.0
snapshot_2025_01_20,Captura de 20/01,original,Valores originais,preco_por_hospede,Preço anunciado por hóspede comportado,sem capacidades positivas suspeitas,varzea|casa|3 quartos,Varzea · casa · 3 quartos,Varzea,casa,3,1,100.0,100.0,100.0,,,evidência insuficiente,1,1,1.0,1,100.0,,,16.0
snapshot_2025_01_20,Captura de 20/01,original,Valores originais,preco_por_hospede,Preço anunciado por hóspede comportado,todas as capacidades positivas,centro|apartamento|3 quartos,Centro · apartamento · 3 quartos,Centro,apartamento,3,38,98.765625,63.0625,115.5,75.0,105.625,principal,34,4,0.10526315789473684,1,95.18229166666666,95.18229166666666,95.18229166666666,20.0
snapshot_2025_01_20,Captura de 20/01,original,Valores originais,preco_por_hospede,Preço anunciado por hóspede comportado,sem capacidades positivas suspeitas,centro|apartamento|3 quartos,Centro · apartamento · 3 quartos,Centro,apartamento,3,38,98.765625,63.0625,115.5,75.0,105.22916666666666,principal,34,4,0.10526315789473684,1,95.18229166666666,95.18229166666666,95.18229166666666,20.0
snapshot_2025_01_20,Captura de 20/01,original,Valores originais,preco_por_hospede,Preço anunciado por hóspede comportado,todas as capacidades positivas,ilhota|casa|4 quartos,Ilhota · casa · 4 quartos,Ilhota,casa,4,1,94.6,94.6,94.6,,,evidência insuficiente,1,1,1.0,1,94.6,,,21.0
snapshot_2025_01_20,Captura de 20/01,original,Valores originais,preco_por_hospede,Preço anunciado por hóspede comportado,sem capacidades positivas suspeitas,ilhota|casa|4 quartos,Ilhota · casa · 4 quartos,Ilhota,casa,4,1,94.6,94.6,94.6,,,evidência insuficiente,1,1,1.0,1,94.6,,,21.0
snapshot_2025_01_20,Captura de 20/01,original,Valores originais,preco_por_hospede,Preço anunciado por hóspede comportado,todas as capacidades positivas,morretes|apartamento|2 quartos,Morretes · apartamento · 2 quartos,Morretes,apartamento,2,43,90.0,61.66666666666667,117.75,66.5,114.5,principal,34,7,0.16279069767441862,1,88.6,85.4,85.4,22.0
snapshot_2025_01_20,Captura de 20/01,original,Valores originais,preco_por_hospede,Preço anunciado por hóspede comportado,sem capacidades positivas suspeitas,morretes|apartamento|2 quartos,Morretes · apartamento · 2 quartos,Morretes,apartamento,2,43,90.0,61.66666666666667,117.75,68.25,114.5,principal,34,7,0.16279069767441862,1,88.6,85.4,85.4,22.0
snapshot_2025_01_20,Captura de 20/01,original,Valores originais,preco_por_hospede,Preço anunciado por hóspede comportado,todas as capacidades positivas,meia praia|apartamento|3 quartos,Meia Praia · apartamento · 3 quartos,Meia Praia,apartamento,3,284,87.625,65.0,113.88392857142857,82.0,91.84375,principal,235,12,0.04225352112676056,1,87.14285714285714,87.5,87.5,23.0
snapshot_2025_01_20,Captura de 20/01,original,Valores originais,preco_por_hospede,Preço anunciado por hóspede comportado,sem capacidades positivas suspeitas,meia praia|apartamento|3 quartos,Meia Praia · apartamento · 3 quartos,Meia Praia,apartamento,3,283,87.5,65.0,114.01785714285714,82.0,91.84375,principal,234,12,0.04240282685512368,1,86.69642857142857,87.5,87.5,23.0
snapshot_2025_01_20,Captura de 20/01,original,Valores originais,preco_por_hospede,Preço anunciado por hóspede comportado,todas as capacidades positivas,ilhota|apartamento|1 quarto,Ilhota · apartamento · 1 quarto,Ilhota,apartamento,1,2,86.375,85.8125,86.9375,,,evidência insuficiente,1,2,1.0,1,86.375,,,24.0
snapshot_2025_01_20,Captura de 20/01,original,Valores originais,preco_por_hospede,Preço anunciado por hóspede comportado,sem capacidades positivas suspeitas,ilhota|apartamento|1 quarto,Ilhota · apartamento · 1 quarto,Ilhota,apartamento,1,2,86.375,85.8125,86.9375,,,evidência insuficiente,1,2,1.0,1,86.375,,,24.0
snapshot_2025_01_20,Captura de 20/01,original,Valores originais,preco_por_hospede,Preço anunciado por hóspede comportado,sem capacidades positivas suspeitas,morretes|apartamento|3 quartos,Morretes · apartamento · 3 quartos,Morretes,apartamento,3,8,82.35416666666666,67.11666625,129.875,65.4833325,136.25,evidência insuficiente,8,1,0.125,8,82.35416666666666,81.375,83.33333333333333,25.0
snapshot_2025_01_20,Captura de 20/01,original,Valores originais,preco_por_hospede,Preço anunciado por hóspede comportado,todas as capacidades positivas,morretes|apartamento|3 quartos,Morretes · apartamento · 3 quartos,Morretes,apartamento,3,9,81.375,62.216665,127.75,53.75,136.25,evidência insuficiente,9,1,0.1111111111111111,9,81.375,75.0625,82.35416666666666,25.0
snapshot_2025_01_20,Captura de 20/01,original,Valores originais,preco_por_hospede,Preço anunciado por hóspede comportado,todas as capacidades positivas,meia praia|apartamento|0 quartos,Meia Praia · apartamento · 0 quartos,Meia Praia,apartamento,0,7,81.25,58.175,92.5,41.35,95.0,evidência insuficiente,7,1,0.14285714285714285,7,81.25,78.125,85.625,26.0
snapshot_2025_01_20,Captura de 20/01,original,Valores originais,preco_por_hospede,Preço anunciado por hóspede comportado,sem capacidades positivas suspeitas,meia praia|apartamento|0 quartos,Meia Praia · apartamento · 0 quartos,Meia Praia,apartamento,0,7,81.25,58.175,92.5,41.35,95.0,evidência insuficiente,7,1,0.14285714285714285,7,81.25,78.125,85.625,26.0
snapshot_2025_01_20,Captura de 20/01,original,Valores originais,preco_por_hospede,Preço anunciado por hóspede comportado,sem capacidades positivas suspeitas,tabuleiro dos oliveiras|apartamento|2 quartos,Tabuleiro dos Oliveiras · apartamento · 2 quartos,Tabuleiro dos Oliveiras,apartamento,2,11,79.8,65.83333333333334,127.15,65.0,128.8,exploratório,10,2,0.18181818181818182,1,79.6,79.4,79.4,27.0
snapshot_2025_01_20,Captura de 20/01,original,Valores originais,preco_por_hospede,Preço anunciado por hóspede comportado,todas as capacidades positivas,tabuleiro dos oliveiras|apartamento|2 quartos,Tabuleiro dos Oliveiras · apartamento · 2 quartos,Tabuleiro dos Oliveiras,apartamento,2,12,79.6,63.333333333333336,126.325,58.333333333333336,128.8,exploratório,11,2,0.16666666666666666,1,79.4,73.03333333333333,73.03333333333333,27.0
snapshot_2025_01_20,Captura de 20/01,original,Valores originais,preco_por_hospede,Preço anunciado por hóspede comportado,todas as capacidades positivas,morretes|casa|4 quartos,Morretes · casa · 4 quartos,Morretes,casa,4,2,79.16666666666666,77.08333333333333,81.25,,,evidência insuficiente,2,1,0.5,2,79.16666666666666,75.0,83.33333333333333,28.0
snapshot_2025_01_20,Captura de 20/01,original,Valores originais,preco_por_hospede,Preço anunciado por hóspede comportado,sem capacidades positivas suspeitas,morretes|casa|4 quartos,Morretes · casa · 4 quartos,Morretes,casa,4,2,79.16666666666666,77.08333333333333,81.25,,,evidência insuficiente,2,1,0.5,2,79.16666666666666,75.0,83.33333333333333,28.0
snapshot_2025_01_20,Captura de 20/01,original,Valores originais,preco_por_hospede,Preço anunciado por hóspede comportado,todas as capacidades positivas,meia praia|apartamento|2 quartos,Meia Praia · apartamento · 2 quartos,Meia Praia,apartamento,2,126,75.0,59.53125,99.54166666666667,66.66666666666667,80.0,principal,112,7,0.05555555555555555,1,74.0625,72.625,72.625,29.0
snapshot_2025_01_20,Captura de 20/01,original,Valores originais,preco_por_hospede,Preço anunciado por hóspede comportado,sem capacidades positivas suspeitas,meia praia|apartamento|2 quartos,Meia Praia · apartamento · 2 quartos,Meia Praia,apartamento,2,126,75.0,59.53125,99.54166666666667,66.66666666666667,80.0,principal,112,7,0.05555555555555555,1,74.0625,72.625,72.625,29.0
snapshot_2025_01_20,Captura de 20/01,original,Valores originais,preco_por_hospede,Preço anunciado por hóspede comportado,todas as capacidades positivas,ilhota|casa|3 quartos,Ilhota · casa · 3 quartos,Ilhota,casa,3,2,74.375,67.8125,80.9375,,,evidência insuficiente,2,1,0.5,2,74.375,61.25,87.5,30.0
snapshot_2025_01_20,Captura de 20/01,original,Valores originais,preco_por_hospede,Preço anunciado por hóspede comportado,sem capacidades positivas suspeitas,ilhota|casa|3 quartos,Ilhota · casa · 3 quartos,Ilhota,casa,3,2,74.375,67.8125,80.9375,,,evidência insuficiente,2,1,0.5,2,74.375,61.25,87.5,30.0
snapshot_2025_01_20,Captura de 20/01,original,Valores originais,preco_por_hospede,Preço anunciado por hóspede comportado,todas as capacidades positivas,morretes|apartamento|4 quartos,Morretes · apartamento · 4 quartos,Morretes,apartamento,4,1,73.75,73.75,73.75,,,evidência insuficiente,1,1,1.0,1,73.75,,,31.0
snapshot_2025_01_20,Captura de 20/01,original,Valores originais,preco_por_hospede,Preço anunciado por hóspede comportado,sem capacidades positivas suspeitas,morretes|apartamento|4 quartos,Morretes · apartamento · 4 quartos,Morretes,apartamento,4,1,73.75,73.75,73.75,,,evidência insuficiente,1,1,1.0,1,73.75,,,31.0
snapshot_2025_01_20,Captura de 20/01,original,Valores originais,preco_por_hospede,Preço anunciado por hóspede comportado,todas as capacidades positivas,centro|casa|1 quarto,Centro · casa · 1 quarto,Centro,casa,1,1,70.75,70.75,70.75,,,evidência insuficiente,1,1,1.0,1,70.75,,,32.0
snapshot_2025_01_20,Captura de 20/01,original,Valores originais,preco_por_hospede,Preço anunciado por hóspede comportado,sem capacidades positivas suspeitas,centro|casa|1 quarto,Centro · casa · 1 quarto,Centro,casa,1,1,70.75,70.75,70.75,,,evidência insuficiente,1,1,1.0,1,70.75,,,32.0
snapshot_2025_01_20,Captura de 20/01,original,Valores originais,preco_por_hospede,Preço anunciado por hóspede comportado,todas as capacidades positivas,alto sao bento|apartamento|1 quarto,Alto Sao Bento · apartamento · 1 quarto,Alto Sao Bento,apartamento,1,1,70.0,70.0,70.0,,,evidência insuficiente,1,1,1.0,1,70.0,,,33.0
snapshot_2025_01_20,Captura de 20/01,original,Valores originais,preco_por_hospede,Preço anunciado por hóspede comportado,sem capacidades positivas suspeitas,alto sao bento|apartamento|1 quarto,Alto Sao Bento · apartamento · 1 quarto,Alto Sao Bento,apartamento,1,1,70.0,70.0,70.0,,,evidência insuficiente,1,1,1.0,1,70.0,,,33.0
snapshot_2025_01_20,Captura de 20/01,original,Valores originais,preco_por_hospede,Preço anunciado por hóspede comportado,todas as capacidades positivas,casa branca|apartamento|3 quartos,Casa Branca · apartamento · 3 quartos,Casa Branca,apartamento,3,2,67.16666666666666,59.08333333333333,75.25,,,evidência insuficiente,2,1,0.5,2,67.16666666666666,51.0,83.33333333333333,34.0
snapshot_2025_01_20,Captura de 20/01,original,Valores originais,preco_por_hospede,Preço anunciado por hóspede comportado,sem capacidades positivas suspeitas,casa branca|apartamento|3 quartos,Casa Branca · apartamento · 3 quartos,Casa Branca,apartamento,3,2,67.16666666666666,59.08333333333333,75.25,,,evidência insuficiente,2,1,0.5,2,67.16666666666666,51.0,83.33333333333333,34.0
snapshot_2025_01_20,Captura de 20/01,original,Valores originais,preco_por_hospede,Preço anunciado por hóspede comportado,todas as capacidades positivas,sertao do trombudo|casa|4 quartos,Sertao do Trombudo · casa · 4 quartos,Sertao do Trombudo,casa,4,1,66.66666666666667,66.66666666666667,66.66666666666667,,,evidência insuficiente,1,1,1.0,1,66.66666666666667,,,35.0
snapshot_2025_01_20,Captura de 20/01,original,Valores originais,preco_por_hospede,Preço anunciado por hóspede comportado,sem capacidades positivas suspeitas,sertao do trombudo|casa|4 quartos,Sertao do Trombudo · casa · 4 quartos,Sertao do Trombudo,casa,4,1,66.66666666666667,66.66666666666667,66.66666666666667,,,evidência insuficiente,1,1,1.0,1,66.66666666666667,,,35.0
snapshot_2025_01_20,Captura de 20/01,original,Valores originais,preco_por_hospede,Preço anunciado por hóspede comportado,todas as capacidades positivas,meia praia|casa|1 quarto,Meia Praia · casa · 1 quarto,Meia Praia,casa,1,1,65.0,65.0,65.0,,,evidência insuficiente,1,1,1.0,1,65.0,,,36.0
snapshot_2025_01_20,Captura de 20/01,original,Valores originais,preco_por_hospede,Preço anunciado por hóspede comportado,sem capacidades positivas suspeitas,meia praia|casa|1 quarto,Meia Praia · casa · 1 quarto,Meia Praia,casa,1,1,65.0,65.0,65.0,,,evidência insuficiente,1,1,1.0,1,65.0,,,36.0
snapshot_2025_01_20,Captura de 20/01,original,Valores originais,preco_por_hospede,Preço anunciado por hóspede comportado,todas as capacidades positivas,meia praia|apartamento|5 quartos,Meia Praia · apartamento · 5 quartos,Meia Praia,apartamento,5,1,64.28571428571429,64.28571428571429,64.28571428571429,,,evidência insuficiente,1,1,1.0,1,64.28571428571429,,,37.0
snapshot_2025_01_20,Captura de 20/01,original,Valores originais,preco_por_hospede,Preço anunciado por hóspede comportado,sem capacidades positivas suspeitas,meia praia|apartamento|5 quartos,Meia Praia · apartamento · 5 quartos,Meia Praia,apartamento,5,1,64.28571428571429,64.28571428571429,64.28571428571429,,,evidência insuficiente,1,1,1.0,1,64.28571428571429,,,37.0
snapshot_2025_01_20,Captura de 20/01,original,Valores originais,preco_por_hospede,Preço anunciado por hóspede comportado,todas as capacidades positivas,morretes|casa|2 quartos,Morretes · casa · 2 quartos,Morretes,casa,2,8,52.5,45.70454545454545,74.609375,32.81818181818182,74.75,evidência insuficiente,7,2,0.25,1,55.0,64.78125,64.78125,38.0
snapshot_2025_01_20,Captura de 20/01,original,Valores originais,preco_por_hospede,Preço anunciado por hóspede comportado,sem capacidades positivas suspeitas,morretes|casa|2 quartos,Morretes · casa · 2 quartos,Morretes,casa,2,8,52.5,45.70454545454545,74.609375,32.81818181818182,74.75,evidência insuficiente,7,2,0.25,1,55.0,64.78125,64.78125,38.0
snapshot_2025_01_20,Captura de 20/01,original,Valores originais,preco_por_hospede,Preço anunciado por hóspede comportado,todas as capacidades positivas,casa branca|apartamento|2 quartos,Casa Branca · apartamento · 2 quartos,Casa Branca,apartamento,2,4,50.875,47.666666666666664,57.7625,,,evidência insuficiente,4,1,0.25,4,50.875,48.0,53.75,39.0
snapshot_2025_01_20,Captura de 20/01,original,Valores originais,preco_por_hospede,Preço anunciado por hóspede comportado,sem capacidades positivas suspeitas,casa branca|apartamento|2 quartos,Casa Branca · apartamento · 2 quartos,Casa Branca,apartamento,2,4,50.875,47.666666666666664,57.7625,,,evidência insuficiente,4,1,0.25,4,50.875,48.0,53.75,39.0
snapshot_2025_01_20,Captura de 20/01,original,Valores originais,preco_por_hospede,Preço anunciado por hóspede comportado,todas as capacidades positivas,meia praia|casa|4 quartos,Meia Praia · casa · 4 quartos,Meia Praia,casa,4,1,50.0,50.0,50.0,,,evidência insuficiente,1,1,1.0,1,50.0,,,40.0
snapshot_2025_01_20,Captura de 20/01,original,Valores originais,preco_por_hospede,Preço anunciado por hóspede comportado,todas as capacidades positivas,centro|casa|2 quartos,Centro · casa · 2 quartos,Centro,casa,2,1,50.0,50.0,50.0,,,evidência insuficiente,1,1,1.0,1,50.0,,,40.0
snapshot_2025_01_20,Captura de 20/01,original,Valores originais,preco_por_hospede,Preço anunciado por hóspede comportado,sem capacidades positivas suspeitas,meia praia|casa|4 quartos,Meia Praia · casa · 4 quartos,Meia Praia,casa,4,1,50.0,50.0,50.0,,,evidência insuficiente,1,1,1.0,1,50.0,,,40.0
snapshot_2025_01_20,Captura de 20/01,original,Valores originais,preco_por_hospede,Preço anunciado por hóspede comportado,sem capacidades positivas suspeitas,centro|casa|2 quartos,Centro · casa · 2 quartos,Centro,casa,2,1,50.0,50.0,50.0,,,evidência insuficiente,1,1,1.0,1,50.0,,,40.0
snapshot_2025_01_20,Captura de 20/01,original,Valores originais,preco_por_hospede,Preço anunciado por hóspede comportado,todas as capacidades positivas,alto sao bento|apartamento|2 quartos,Alto Sao Bento · apartamento · 2 quartos,Alto Sao Bento,apartamento,2,1,49.75,49.75,49.75,,,evidência insuficiente,1,1,1.0,1,49.75,,,42.0
snapshot_2025_01_20,Captura de 20/01,original,Valores originais,preco_por_hospede,Preço anunciado por hóspede comportado,sem capacidades positivas suspeitas,alto sao bento|apartamento|2 quartos,Alto Sao Bento · apartamento · 2 quartos,Alto Sao Bento,apartamento,2,1,49.75,49.75,49.75,,,evidência insuficiente,1,1,1.0,1,49.75,,,42.0
snapshot_2025_01_20,Captura de 20/01,original,Valores originais,preco_por_hospede,Preço anunciado por hóspede comportado,todas as capacidades positivas,ilhota|casa|2 quartos,Ilhota · casa · 2 quartos,Ilhota,casa,2,1,42.0,42.0,42.0,,,evidência insuficiente,1,1,1.0,1,42.0,,,43.0
snapshot_2025_01_20,Captura de 20/01,original,Valores originais,preco_por_hospede,Preço anunciado por hóspede comportado,sem capacidades positivas suspeitas,ilhota|casa|2 quartos,Ilhota · casa · 2 quartos,Ilhota,casa,2,1,42.0,42.0,42.0,,,evidência insuficiente,1,1,1.0,1,42.0,,,43.0
snapshot_2025_01_20,Captura de 20/01,original,Valores originais,preco_por_hospede,Preço anunciado por hóspede comportado,todas as capacidades positivas,canto da praia|apartamento|3 quartos,Canto da Praia · apartamento · 3 quartos,Canto da Praia,apartamento,3,1,38.453125,38.453125,38.453125,,,evidência insuficiente,1,1,1.0,1,38.453125,,,44.0
snapshot_2025_01_20,Captura de 20/01,original,Valores originais,preco_por_hospede,Preço anunciado por hóspede comportado,sem capacidades positivas suspeitas,canto da praia|apartamento|3 quartos,Canto da Praia · apartamento · 3 quartos,Canto da Praia,apartamento,3,1,38.453125,38.453125,38.453125,,,evidência insuficiente,1,1,1.0,1,38.453125,,,44.0
snapshot_2025_01_20,Captura de 20/01,original,Valores originais,preco_por_hospede,Preço anunciado por hóspede comportado,todas as capacidades positivas,centro|apartamento|4 quartos,Centro · apartamento · 4 quartos,Centro,apartamento,4,1,37.5,37.5,37.5,,,evidência insuficiente,1,1,1.0,1,37.5,,,45.0
snapshot_2025_01_20,Captura de 20/01,original,Valores originais,preco_por_hospede,Preço anunciado por hóspede comportado,sem capacidades positivas suspeitas,centro|apartamento|4 quartos,Centro · apartamento · 4 quartos,Centro,apartamento,4,1,37.5,37.5,37.5,,,evidência insuficiente,1,1,1.0,1,37.5,,,45.0
snapshot_2025_01_20,Captura de 20/01,original,Valores originais,preco_por_quarto,Preço anunciado por quarto,não aplicável,areal|casa|1 quarto,Areal · casa · 1 quarto,Areal,casa,1,1,556.0,556.0,556.0,,,evidência insuficiente,1,1,1.0,1,556.0,,,1.0
snapshot_2025_01_20,Captura de 20/01,original,Valores originais,preco_por_quarto,Preço anunciado por quarto,não aplicável,centro|apartamento|1 quarto,Centro · apartamento · 1 quarto,Centro,apartamento,1,75,450.0,378.25,497.0,426.0,500.0,principal,17,54,0.72,1,450.0,450.0,450.0,2.0
snapshot_2025_01_20,Captura de 20/01,original,Valores originais,preco_por_quarto,Preço anunciado por quarto,não aplicável,varzea|casa|1 quarto,Varzea · casa · 1 quarto,Varzea,casa,1,1,450.0,450.0,450.0,,,evidência insuficiente,1,1,1.0,1,450.0,,,2.0
snapshot_2025_01_20,Captura de 20/01,original,Valores originais,preco_por_quarto,Preço anunciado por quarto,não aplicável,meia praia|apartamento|1 quarto,Meia Praia · apartamento · 1 quarto,Meia Praia,apartamento,1,16,440.0,382.875,510.75,380.75,509.0,exploratório,14,3,0.1875,1,400.0,400.0,400.0,4.0
snapshot_2025_01_20,Captura de 20/01,original,Valores originais,preco_por_quarto,Preço anunciado por quarto,não aplicável,sertaozinho|casa|6 quartos,Sertaozinho · casa · 6 quartos,Sertaozinho,casa,6,2,430.20833333333337,353.6458333333333,506.77083333333337,,,evidência insuficiente,2,1,0.5,2,430.20833333333337,277.0833333333333,583.3333333333334,5.0
snapshot_2025_01_20,Captura de 20/01,original,Valores originais,preco_por_quarto,Preço anunciado por quarto,não aplicável,tabuleiro dos oliveiras|casa|4 quartos,Tabuleiro dos Oliveiras · casa · 4 quartos,Tabuleiro dos Oliveiras,casa,4,1,425.0,425.0,425.0,,,evidência insuficiente,1,1,1.0,1,425.0,,,6.0
snapshot_2025_01_20,Captura de 20/01,original,Valores originais,preco_por_quarto,Preço anunciado por quarto,não aplicável,morretes|apartamento|1 quarto,Morretes · apartamento · 1 quarto,Morretes,apartamento,1,3,400.0,375.0,440.0,,,evidência insuficiente,3,1,0.3333333333333333,3,400.0,375.0,440.0,7.0
snapshot_2025_01_20,Captura de 20/01,original,Valores originais,preco_por_quarto,Preço anunciado por quarto,não aplicável,sertao do trombudo|casa|1 quarto,Sertao do Trombudo · casa · 1 quarto,Sertao do Trombudo,casa,1,2,380.0,375.0,385.0,,,evidência insuficiente,1,2,1.0,1,380.0,,,8.0
snapshot_2025_01_20,Captura de 20/01,original,Valores originais,preco_por_quarto,Preço anunciado por quarto,não aplicável,centro|casa|4 quartos,Centro · casa · 4 quartos,Centro,casa,4,2,350.0,300.0,400.0,,,evidência insuficiente,2,1,0.5,2,350.0,250.0,450.0,9.0
snapshot_2025_01_20,Captura de 20/01,original,Valores originais,preco_por_quarto,Preço anunciado por quarto,não aplicável,ilhota|apartamento|1 quarto,Ilhota · apartamento · 1 quarto,Ilhota,apartamento,1,2,345.5,343.25,347.75,,,evidência insuficiente,1,2,1.0,1,345.5,,,10.0
snapshot_2025_01_20,Captura de 20/01,original,Valores originais,preco_por_quarto,Preço anunciado por quarto,não aplicável,centro|apartamento|2 quartos,Centro · apartamento · 2 quartos,Centro,apartamento,2,59,300.0,199.5,341.0,199.5,314.75,principal,37,20,0.3389830508474576,1,240.0,224.5,224.5,11.0
snapshot_2025_01_20,Captura de 20/01,original,Valores originais,preco_por_quarto,Preço anunciado por quarto,não aplicável,varzea|casa|5 quartos,Varzea · casa · 5 quartos,Varzea,casa,5,1,300.0,300.0,300.0,,,evidência insuficiente,1,1,1.0,1,300.0,,,11.0
snapshot_2025_01_20,Captura de 20/01,original,Valores originais,preco_por_quarto,Preço anunciado por quarto,não aplicável,casa branca|casa|1 quarto,Casa Branca · casa · 1 quarto,Casa Branca,casa,1,1,300.0,300.0,300.0,,,evidência insuficiente,1,1,1.0,1,300.0,,,11.0
snapshot_2025_01_20,Captura de 20/01,original,Valores originais,preco_por_quarto,Preço anunciado por quarto,não aplicável,ilhota|apartamento|2 quartos,Ilhota · apartamento · 2 quartos,Ilhota,apartamento,2,1,292.5,292.5,292.5,,,evidência insuficiente,1,1,1.0,1,292.5,,,14.0
snapshot_2025_01_20,Captura de 20/01,original,Valores originais,preco_por_quarto,Preço anunciado por quarto,não aplicável,centro|casa|1 quarto,Centro · casa · 1 quarto,Centro,casa,1,1,283.0,283.0,283.0,,,evidência insuficiente,1,1,1.0,1,283.0,,,15.0
snapshot_2025_01_20,Captura de 20/01,original,Valores originais,preco_por_quarto,Preço anunciado por quarto,não aplicável,alto sao bento|apartamento|1 quarto,Alto Sao Bento · apartamento · 1 quarto,Alto Sao Bento,apartamento,1,1,280.0,280.0,280.0,,,evidência insuficiente,1,1,1.0,1,280.0,,,16.0
snapshot_2025_01_20,Captura de 20/01,original,Valores originais,preco_por_quarto,Preço anunciado por quarto,não aplicável,morretes|casa|4 quartos,Morretes · casa · 4 quartos,Morretes,casa,4,2,275.0,262.5,287.5,,,evidência insuficiente,2,1,0.5,2,275.0,250.0,300.0,17.0
snapshot_2025_01_20,Captura de 20/01,original,Valores originais,preco_por_quarto,Preço anunciado por quarto,não aplicável,canto da praia|apartamento|2 quartos,Canto da Praia · apartamento · 2 quartos,Canto da Praia,apartamento,2,4,254.5,247.375,267.125,,,evidência insuficiente,4,1,0.25,4,254.5,250.0,259.0,18.0
snapshot_2025_01_20,Captura de 20/01,original,Valores originais,preco_por_quarto,Preço anunciado por quarto,não aplicável,sertaozinho|casa|2 quartos,Sertaozinho · casa · 2 quartos,Sertaozinho,casa,2,1,250.0,250.0,250.0,,,evidência insuficiente,1,1,1.0,1,250.0,,,19.0
snapshot_2025_01_20,Captura de 20/01,original,Valores originais,preco_por_quarto,Preço anunciado por quarto,não aplicável,sertao do trombudo|casa|4 quartos,Sertao do Trombudo · casa · 4 quartos,Sertao do Trombudo,casa,4,1,250.0,250.0,250.0,,,evidência insuficiente,1,1,1.0,1,250.0,,,19.0
snapshot_2025_01_20,Captura de 20/01,original,Valores originais,preco_por_quarto,Preço anunciado por quarto,não aplicável,ilhota|casa|4 quartos,Ilhota · casa · 4 quartos,Ilhota,casa,4,1,236.5,236.5,236.5,,,evidência insuficiente,1,1,1.0,1,236.5,,,21.0
snapshot_2025_01_20,Captura de 20/01,original,Valores originais,preco_por_quarto,Preço anunciado por quarto,não aplicável,varzea|casa|3 quartos,Varzea · casa · 3 quartos,Varzea,casa,3,1,233.33333333333334,233.33333333333334,233.33333333333334,,,evidência insuficiente,1,1,1.0,1,233.33333333333334,,,22.0
snapshot_2025_01_20,Captura de 20/01,original,Valores originais,preco_por_quarto,Preço anunciado por quarto,não aplicável,morretes|apartamento|2 quartos,Morretes · apartamento · 2 quartos,Morretes,apartamento,2,43,226.75,175.75,276.875,192.5,250.0,principal,34,7,0.16279069767441862,1,224.625,217.125,217.125,23.0
snapshot_2025_01_20,Captura de 20/01,original,Valores originais,preco_por_quarto,Preço anunciado por quarto,não aplicável,meia praia|apartamento|4 quartos,Meia Praia · apartamento · 4 quartos,Meia Praia,apartamento,4,43,224.75,183.75,384.25,205.0,350.0,principal,38,2,0.046511627906976744,5,218.5,218.5,224.75,24.0
snapshot_2025_01_20,Captura de 20/01,original,Valores originais,preco_por_quarto,Preço anunciado por quarto,não aplicável,meia praia|apartamento|2 quartos,Meia Praia · apartamento · 2 quartos,Meia Praia,apartamento,2,126,224.0,175.0,275.0,200.0,235.5,principal,112,7,0.05555555555555555,1,213.75,210.0,210.0,25.0
snapshot_2025_01_20,Captura de 20/01,original,Valores originais,preco_por_quarto,Preço anunciado por quarto,não aplicável,centro|apartamento|3 quartos,Centro · apartamento · 3 quartos,Centro,apartamento,3,38,221.33333333333331,166.66666666666666,277.58333333333337,172.66666666666666,265.0,principal,34,4,0.10526315789473684,1,223.08333333333331,221.25,221.25,26.0
snapshot_2025_01_20,Captura de 20/01,original,Valores originais,preco_por_quarto,Preço anunciado por quarto,não aplicável,meia praia|apartamento|3 quartos,Meia Praia · apartamento · 3 quartos,Meia Praia,apartamento,3,284,216.66666666666666,166.66666666666666,272.1666583333333,200.0,233.33333333333334,principal,235,12,0.04225352112676056,1,216.66666666666666,216.66666666666666,216.66666666666666,27.0
snapshot_2025_01_20,Captura de 20/01,original,Valores originais,preco_por_quarto,Preço anunciado por quarto,não aplicável,morretes|apartamento|3 quartos,Morretes · apartamento · 3 quartos,Morretes,apartamento,3,9,216.66666666666666,183.33333333333334,336.8333333333333,166.66666666666666,340.6666666666667,evidência insuficiente,9,1,0.1111111111111111,9,216.66666666666666,212.027775,216.83333333333331,27.0
snapshot_2025_01_20,Captura de 20/01,original,Valores originais,preco_por_quarto,Preço anunciado por quarto,não aplicável,tabuleiro dos oliveiras|apartamento|3 quartos,Tabuleiro dos Oliveiras · apartamento · 3 quartos,Tabuleiro dos Oliveiras,apartamento,3,3,213.33333333333334,195.0,218.33333333333334,,,evidência insuficiente,3,1,0.3333333333333333,3,213.33333333333334,195.0,218.33333333333334,29.0
snapshot_2025_01_20,Captura de 20/01,original,Valores originais,preco_por_quarto,Preço anunciado por quarto,não aplicável,alto sao bento|casa|12 quartos,Alto Sao Bento · casa · 12 quartos,Alto Sao Bento,casa,12,1,208.33333333333334,208.33333333333334,208.33333333333334,,,evidência insuficiente,1,1,1.0,1,208.33333333333334,,,30.0
snapshot_2025_01_20,Captura de 20/01,original,Valores originais,preco_por_quarto,Preço anunciado por quarto,não aplicável,tabuleiro dos oliveiras|apartamento|2 quartos,Tabuleiro dos Oliveiras · apartamento · 2 quartos,Tabuleiro dos Oliveiras,apartamento,2,12,199.75,190.0,276.625,175.0,291.75,exploratório,11,2,0.16666666666666666,1,199.5,199.0,199.0,31.0
snapshot_2025_01_20,Captura de 20/01,original,Valores originais,preco_por_quarto,Preço anunciado por quarto,não aplicável,ilhota|casa|3 quartos,Ilhota · casa · 3 quartos,Ilhota,casa,3,2,198.33333333333334,180.83333333333334,215.83333333333334,,,evidência insuficiente,2,1,0.5,2,198.33333333333334,163.33333333333334,233.33333333333334,32.0
snapshot_2025_01_20,Captura de 20/01,original,Valores originais,preco_por_quarto,Preço anunciado por quarto,não aplicável,meia praia|casa|1 quarto,Meia Praia · casa · 1 quarto,Meia Praia,casa,1,1,195.0,195.0,195.0,,,evidência insuficiente,1,1,1.0,1,195.0,,,33.0
snapshot_2025_01_20,Captura de 20/01,original,Valores originais,preco_por_quarto,Preço anunciado por quarto,não aplicável,meia praia|apartamento|5 quartos,Meia Praia · apartamento · 5 quartos,Meia Praia,apartamento,5,1,180.0,180.0,180.0,,,evidência insuficiente,1,1,1.0,1,180.0,,,34.0
snapshot_2025_01_20,Captura de 20/01,original,Valores originais,preco_por_quarto,Preço anunciado por quarto,não aplicável,morretes|casa|2 quartos,Morretes · casa · 2 quartos,Morretes,casa,2,8,161.75,149.40625,190.375,149.125,220.0,evidência insuficiente,7,2,0.25,1,150.0,149.75,149.75,35.0
snapshot_2025_01_20,Captura de 20/01,original,Valores originais,preco_por_quarto,Preço anunciado por quarto,não aplicável,morretes|apartamento|4 quartos,Morretes · apartamento · 4 quartos,Morretes,apartamento,4,1,147.5,147.5,147.5,,,evidência insuficiente,1,1,1.0,1,147.5,,,36.0
snapshot_2025_01_20,Captura de 20/01,original,Valores originais,preco_por_quarto,Preço anunciado por quarto,não aplicável,casa branca|apartamento|3 quartos,Casa Branca · apartamento · 3 quartos,Casa Branca,apartamento,3,2,134.33333333333331,118.16666666666666,150.5,,,evidência insuficiente,2,1,0.5,2,134.33333333333331,102.0,166.66666666666666,37.0
snapshot_2025_01_20,Captura de 20/01,original,Valores originais,preco_por_quarto,Preço anunciado por quarto,não aplicável,casa branca|apartamento|2 quartos,Casa Branca · apartamento · 2 quartos,Casa Branca,apartamento,2,4,130.0,116.875,148.625,,,evidência insuficiente,4,1,0.25,4,130.0,120.0,140.0,38.0
snapshot_2025_01_20,Captura de 20/01,original,Valores originais,preco_por_quarto,Preço anunciado por quarto,não aplicável,meia praia|casa|4 quartos,Meia Praia · casa · 4 quartos,Meia Praia,casa,4,1,125.0,125.0,125.0,,,evidência insuficiente,1,1,1.0,1,125.0,,,39.0
snapshot_2025_01_20,Captura de 20/01,original,Valores originais,preco_por_quarto,Preço anunciado por quarto,não aplicável,centro|casa|2 quartos,Centro · casa · 2 quartos,Centro,casa,2,1,125.0,125.0,125.0,,,evidência insuficiente,1,1,1.0,1,125.0,,,39.0
snapshot_2025_01_20,Captura de 20/01,original,Valores originais,preco_por_quarto,Preço anunciado por quarto,não aplicável,centro|apartamento|4 quartos,Centro · apartamento · 4 quartos,Centro,apartamento,4,1,112.5,112.5,112.5,,,evidência insuficiente,1,1,1.0,1,112.5,,,41.0
snapshot_2025_01_20,Captura de 20/01,original,Valores originais,preco_por_quarto,Preço anunciado por quarto,não aplicável,ilhota|casa|2 quartos,Ilhota · casa · 2 quartos,Ilhota,casa,2,1,105.0,105.0,105.0,,,evidência insuficiente,1,1,1.0,1,105.0,,,42.0
snapshot_2025_01_20,Captura de 20/01,original,Valores originais,preco_por_quarto,Preço anunciado por quarto,não aplicável,canto da praia|apartamento|3 quartos,Canto da Praia · apartamento · 3 quartos,Canto da Praia,apartamento,3,1,102.54166666666667,102.54166666666667,102.54166666666667,,,evidência insuficiente,1,1,1.0,1,102.54166666666667,,,43.0
snapshot_2025_01_20,Captura de 20/01,original,Valores originais,preco_por_quarto,Preço anunciado por quarto,não aplicável,alto sao bento|apartamento|2 quartos,Alto Sao Bento · apartamento · 2 quartos,Alto Sao Bento,apartamento,2,1,99.5,99.5,99.5,,,evidência insuficiente,1,1,1.0,1,99.5,,,44.0
snapshot_2025_01_20,Captura de 20/01,original,Valores originais,preco_total,Preço anunciado total,não aplicável,sertaozinho|casa|6 quartos,Sertaozinho · casa · 6 quartos,Sertaozinho,casa,6,2,2581.25,2121.875,3040.625,,,evidência insuficiente,2,1,0.5,2,2581.25,1662.5,3500.0,1.0
snapshot_2025_01_20,Captura de 20/01,original,Valores originais,preco_total,Preço anunciado total,não aplicável,alto sao bento|casa|12 quartos,Alto Sao Bento · casa · 12 quartos,Alto Sao Bento,casa,12,1,2500.0,2500.0,2500.0,,,evidência insuficiente,1,1,1.0,1,2500.0,,,2.0
snapshot_2025_01_20,Captura de 20/01,original,Valores originais,preco_total,Preço anunciado total,não aplicável,tabuleiro dos oliveiras|casa|4 quartos,Tabuleiro dos Oliveiras · casa · 4 quartos,Tabuleiro dos Oliveiras,casa,4,1,1700.0,1700.0,1700.0,,,evidência insuficiente,1,1,1.0,1,1700.0,,,3.0
snapshot_2025_01_20,Captura de 20/01,original,Valores originais,preco_total,Preço anunciado total,não aplicável,varzea|casa|5 quartos,Varzea · casa · 5 quartos,Varzea,casa,5,1,1500.0,1500.0,1500.0,,,evidência insuficiente,1,1,1.0,1,1500.0,,,4.0
snapshot_2025_01_20,Captura de 20/01,original,Valores originais,preco_total,Preço anunciado total,não aplicável,centro|casa|4 quartos,Centro · casa · 4 quartos,Centro,casa,4,2,1400.0,1200.0,1600.0,,,evidência insuficiente,2,1,0.5,2,1400.0,1000.0,1800.0,5.0
snapshot_2025_01_20,Captura de 20/01,original,Valores originais,preco_total,Preço anunciado total,não aplicável,morretes|casa|4 quartos,Morretes · casa · 4 quartos,Morretes,casa,4,2,1100.0,1050.0,1150.0,,,evidência insuficiente,2,1,0.5,2,1100.0,1000.0,1200.0,6.0
snapshot_2025_01_20,Captura de 20/01,original,Valores originais,preco_total,Preço anunciado total,não aplicável,sertao do trombudo|casa|4 quartos,Sertao do Trombudo · casa · 4 quartos,Sertao do Trombudo,casa,4,1,1000.0,1000.0,1000.0,,,evidência insuficiente,1,1,1.0,1,1000.0,,,7.0
snapshot_2025_01_20,Captura de 20/01,original,Valores originais,preco_total,Preço anunciado total,não aplicável,ilhota|casa|4 quartos,Ilhota · casa · 4 quartos,Ilhota,casa,4,1,946.0,946.0,946.0,,,evidência insuficiente,1,1,1.0,1,946.0,,,8.0
snapshot_2025_01_20,Captura de 20/01,original,Valores originais,preco_total,Preço anunciado total,não aplicável,meia praia|apartamento|5 quartos,Meia Praia · apartamento · 5 quartos,Meia Praia,apartamento,5,1,900.0,900.0,900.0,,,evidência insuficiente,1,1,1.0,1,900.0,,,9.0
snapshot_2025_01_20,Captura de 20/01,original,Valores originais,preco_total,Preço anunciado total,não aplicável,meia praia|apartamento|4 quartos,Meia Praia · apartamento · 4 quartos,Meia Praia,apartamento,4,43,899.0,735.0,1537.0,834.5,1400.0,principal,38,2,0.046511627906976744,5,874.0,874.0,899.0,10.0
snapshot_2025_01_20,Captura de 20/01,original,Valores originais,preco_total,Preço anunciado total,não aplicável,varzea|casa|3 quartos,Varzea · casa · 3 quartos,Varzea,casa,3,1,700.0,700.0,700.0,,,evidência insuficiente,1,1,1.0,1,700.0,,,11.0
snapshot_2025_01_20,Captura de 20/01,original,Valores originais,preco_total,Preço anunciado total,não aplicável,centro|apartamento|3 quartos,Centro · apartamento · 3 quartos,Centro,apartamento,3,38,664.0,500.0,832.75,522.9375,800.0,principal,34,4,0.10526315789473684,1,669.25,663.75,663.75,12.0
snapshot_2025_01_20,Captura de 20/01,original,Valores originais,preco_total,Preço anunciado total,não aplicável,meia praia|apartamento|3 quartos,Meia Praia · apartamento · 3 quartos,Meia Praia,apartamento,3,284,650.0,500.0,816.499975,600.5,700.0,principal,235,12,0.04225352112676056,1,650.0,650.0,650.0,13.0
snapshot_2025_01_20,Captura de 20/01,original,Valores originais,preco_total,Preço anunciado total,não aplicável,morretes|apartamento|3 quartos,Morretes · apartamento · 3 quartos,Morretes,apartamento,3,9,650.0,550.0,1010.5,500.0,1022.0,evidência insuficiente,9,1,0.1111111111111111,9,650.0,636.0833250000001,650.5,13.0
snapshot_2025_01_20,Captura de 20/01,original,Valores originais,preco_total,Preço anunciado total,não aplicável,tabuleiro dos oliveiras|apartamento|3 quartos,Tabuleiro dos Oliveiras · apartamento · 3 quartos,Tabuleiro dos Oliveiras,apartamento,3,3,640.0,585.0,655.0,,,evidência insuficiente,3,1,0.3333333333333333,3,640.0,585.0,655.0,15.0
snapshot_2025_01_20,Captura de 20/01,original,Valores originais,preco_total,Preço anunciado total,não aplicável,centro|apartamento|2 quartos,Centro · apartamento · 2 quartos,Centro,apartamento,2,59,600.0,399.0,682.0,399.0,629.5,principal,37,20,0.3389830508474576,1,480.0,449.0,449.0,16.0
snapshot_2025_01_20,Captura de 20/01,original,Valores originais,preco_total,Preço anunciado total,não aplicável,ilhota|casa|3 quartos,Ilhota · casa · 3 quartos,Ilhota,casa,3,2,595.0,542.5,647.5,,,evidência insuficiente,2,1,0.5,2,595.0,490.0,700.0,17.0
snapshot_2025_01_20,Captura de 20/01,original,Valores originais,preco_total,Preço anunciado total,não aplicável,morretes|apartamento|4 quartos,Morretes · apartamento · 4 quartos,Morretes,apartamento,4,1,590.0,590.0,590.0,,,evidência insuficiente,1,1,1.0,1,590.0,,,18.0
snapshot_2025_01_20,Captura de 20/01,original,Valores originais,preco_total,Preço anunciado total,não aplicável,ilhota|apartamento|2 quartos,Ilhota · apartamento · 2 quartos,Ilhota,apartamento,2,1,585.0,585.0,585.0,,,evidência insuficiente,1,1,1.0,1,585.0,,,19.0
snapshot_2025_01_20,Captura de 20/01,original,Valores originais,preco_total,Preço anunciado total,não aplicável,areal|casa|1 quarto,Areal · casa · 1 quarto,Areal,casa,1,1,556.0,556.0,556.0,,,evidência insuficiente,1,1,1.0,1,556.0,,,20.0
snapshot_2025_01_20,Captura de 20/01,original,Valores originais,preco_total,Preço anunciado total,não aplicável,canto da praia|apartamento|2 quartos,Canto da Praia · apartamento · 2 quartos,Canto da Praia,apartamento,2,4,509.0,494.75,534.25,,,evidência insuficiente,4,1,0.25,4,509.0,500.0,518.0,21.0
snapshot_2025_01_20,Captura de 20/01,original,Valores originais,preco_total,Preço anunciado total,não aplicável,sertaozinho|casa|2 quartos,Sertaozinho · casa · 2 quartos,Sertaozinho,casa,2,1,500.0,500.0,500.0,,,evidência insuficiente,1,1,1.0,1,500.0,,,22.0
snapshot_2025_01_20,Captura de 20/01,original,Valores originais,preco_total,Preço anunciado total,não aplicável,meia praia|casa|4 quartos,Meia Praia · casa · 4 quartos,Meia Praia,casa,4,1,500.0,500.0,500.0,,,evidência insuficiente,1,1,1.0,1,500.0,,,22.0
snapshot_2025_01_20,Captura de 20/01,original,Valores originais,preco_total,Preço anunciado total,não aplicável,morretes|apartamento|2 quartos,Morretes · apartamento · 2 quartos,Morretes,apartamento,2,43,453.5,351.5,553.75,385.0,500.0,principal,34,7,0.16279069767441862,1,449.25,434.25,434.25,24.0
snapshot_2025_01_20,Captura de 20/01,original,Valores originais,preco_total,Preço anunciado total,não aplicável,centro|apartamento|1 quarto,Centro · apartamento · 1 quarto,Centro,apartamento,1,75,450.0,378.25,497.0,420.8925,500.0,principal,17,54,0.72,1,450.0,450.0,450.0,25.0
snapshot_2025_01_20,Captura de 20/01,original,Valores originais,preco_total,Preço anunciado total,não aplicável,varzea|casa|1 quarto,Varzea · casa · 1 quarto,Varzea,casa,1,1,450.0,450.0,450.0,,,evidência insuficiente,1,1,1.0,1,450.0,,,25.0
snapshot_2025_01_20,Captura de 20/01,original,Valores originais,preco_total,Preço anunciado total,não aplicável,centro|apartamento|4 quartos,Centro · apartamento · 4 quartos,Centro,apartamento,4,1,450.0,450.0,450.0,,,evidência insuficiente,1,1,1.0,1,450.0,,,25.0
snapshot_2025_01_20,Captura de 20/01,original,Valores originais,preco_total,Preço anunciado total,não aplicável,meia praia|apartamento|2 quartos,Meia Praia · apartamento · 2 quartos,Meia Praia,apartamento,2,126,448.0,350.0,550.0,400.0,466.0,principal,112,7,0.05555555555555555,1,427.5,420.0,420.0,28.0
snapshot_2025_01_20,Captura de 20/01,original,Valores originais,preco_total,Preço anunciado total,não aplicável,meia praia|apartamento|1 quarto,Meia Praia · apartamento · 1 quarto,Meia Praia,apartamento,1,16,440.0,382.875,510.75,380.64375,509.0,exploratório,14,3,0.1875,1,400.0,400.0,400.0,29.0
snapshot_2025_01_20,Captura de 20/01,original,Valores originais,preco_total,Preço anunciado total,não aplicável,casa branca|apartamento|3 quartos,Casa Branca · apartamento · 3 quartos,Casa Branca,apartamento,3,2,403.0,354.5,451.5,,,evidência insuficiente,2,1,0.5,2,403.0,306.0,500.0,30.0
snapshot_2025_01_20,Captura de 20/01,original,Valores originais,preco_total,Preço anunciado total,não aplicável,morretes|apartamento|1 quarto,Morretes · apartamento · 1 quarto,Morretes,apartamento,1,3,400.0,375.0,440.0,,,evidência insuficiente,3,1,0.3333333333333333,3,400.0,375.0,440.0,31.0
snapshot_2025_01_20,Captura de 20/01,original,Valores originais,preco_total,Preço anunciado total,não aplicável,tabuleiro dos oliveiras|apartamento|2 quartos,Tabuleiro dos Oliveiras · apartamento · 2 quartos,Tabuleiro dos Oliveiras,apartamento,2,12,399.5,380.0,553.25,369.83750000000003,523.0,exploratório,11,2,0.16666666666666666,1,399.0,398.0,398.0,32.0
snapshot_2025_01_20,Captura de 20/01,original,Valores originais,preco_total,Preço anunciado total,não aplicável,meia praia|apartamento|0 quartos,Meia Praia · apartamento · 0 quartos,Meia Praia,apartamento,0,7,380.0,315.4,515.0,300.0,540.0,evidência insuficiente,7,1,0.14285714285714285,7,380.0,355.4,435.0,33.0
snapshot_2025_01_20,Captura de 20/01,original,Valores originais,preco_total,Preço anunciado total,não aplicável,sertao do trombudo|casa|1 quarto,Sertao do Trombudo · casa · 1 quarto,Sertao do Trombudo,casa,1,2,380.0,375.0,385.0,,,evidência insuficiente,1,2,1.0,1,380.0,,,33.0
snapshot_2025_01_20,Captura de 20/01,original,Valores originais,preco_total,Preço anunciado total,não aplicável,ilhota|apartamento|1 quarto,Ilhota · apartamento · 1 quarto,Ilhota,apartamento,1,2,345.5,343.25,347.75,,,evidência insuficiente,1,2,1.0,1,345.5,,,35.0
snapshot_2025_01_20,Captura de 20/01,original,Valores originais,preco_total,Preço anunciado total,não aplicável,morretes|casa|2 quartos,Morretes · casa · 2 quartos,Morretes,casa,2,8,323.5,298.8125,380.75,298.25,440.0,evidência insuficiente,7,2,0.25,1,300.0,299.5,299.5,36.0
snapshot_2025_01_20,Captura de 20/01,original,Valores originais,preco_total,Preço anunciado total,não aplicável,canto da praia|apartamento|3 quartos,Canto da Praia · apartamento · 3 quartos,Canto da Praia,apartamento,3,1,307.625,307.625,307.625,,,evidência insuficiente,1,1,1.0,1,307.625,,,37.0
snapshot_2025_01_20,Captura de 20/01,original,Valores originais,preco_total,Preço anunciado total,não aplicável,casa branca|casa|1 quarto,Casa Branca · casa · 1 quarto,Casa Branca,casa,1,1,300.0,300.0,300.0,,,evidência insuficiente,1,1,1.0,1,300.0,,,38.0
snapshot_2025_01_20,Captura de 20/01,original,Valores originais,preco_total,Preço anunciado total,não aplicável,centro|casa|1 quarto,Centro · casa · 1 quarto,Centro,casa,1,1,283.0,283.0,283.0,,,evidência insuficiente,1,1,1.0,1,283.0,,,39.0
snapshot_2025_01_20,Captura de 20/01,original,Valores originais,preco_total,Preço anunciado total,não aplicável,alto sao bento|apartamento|1 quarto,Alto Sao Bento · apartamento · 1 quarto,Alto Sao Bento,apartamento,1,1,280.0,280.0,280.0,,,evidência insuficiente,1,1,1.0,1,280.0,,,40.0
snapshot_2025_01_20,Captura de 20/01,original,Valores originais,preco_total,Preço anunciado total,não aplicável,casa branca|apartamento|2 quartos,Casa Branca · apartamento · 2 quartos,Casa Branca,apartamento,2,4,260.0,233.75,297.25,,,evidência insuficiente,4,1,0.25,4,260.0,240.0,280.0,41.0
snapshot_2025_01_20,Captura de 20/01,original,Valores originais,preco_total,Preço anunciado total,não aplicável,centro|casa|2 quartos,Centro · casa · 2 quartos,Centro,casa,2,1,250.0,250.0,250.0,,,evidência insuficiente,1,1,1.0,1,250.0,,,42.0
snapshot_2025_01_20,Captura de 20/01,original,Valores originais,preco_total,Preço anunciado total,não aplicável,ilhota|casa|2 quartos,Ilhota · casa · 2 quartos,Ilhota,casa,2,1,210.0,210.0,210.0,,,evidência insuficiente,1,1,1.0,1,210.0,,,43.0
snapshot_2025_01_20,Captura de 20/01,original,Valores originais,preco_total,Preço anunciado total,não aplicável,alto sao bento|apartamento|2 quartos,Alto Sao Bento · apartamento · 2 quartos,Alto Sao Bento,apartamento,2,1,199.0,199.0,199.0,,,evidência insuficiente,1,1,1.0,1,199.0,,,44.0
snapshot_2025_01_20,Captura de 20/01,original,Valores originais,preco_total,Preço anunciado total,não aplicável,meia praia|casa|1 quarto,Meia Praia · casa · 1 quarto,Meia Praia,casa,1,1,195.0,195.0,195.0,,,evidência insuficiente,1,1,1.0,1,195.0,,,45.0
snapshot_calendar_adjusted,Captura de 20/01 ajustada por calendário,original,Valores originais,preco_por_hospede,Preço anunciado por hóspede comportado,todas as capacidades positivas,areal|casa|1 quarto,Areal · casa · 1 quarto,Areal,casa,1,1,216.8971378322743,216.8971378322743,216.8971378322743,,,evidência insuficiente,1,1,1.0,1,216.8971378322743,,,1.0
snapshot_calendar_adjusted,Captura de 20/01 ajustada por calendário,original,Valores originais,preco_por_hospede,Preço anunciado por hóspede comportado,sem capacidades positivas suspeitas,areal|casa|1 quarto,Areal · casa · 1 quarto,Areal,casa,1,1,216.8971378322743,216.8971378322743,216.8971378322743,,,evidência insuficiente,1,1,1.0,1,216.8971378322743,,,1.0
snapshot_calendar_adjusted,Captura de 20/01 ajustada por calendário,original,Valores originais,preco_por_hospede,Preço anunciado por hóspede comportado,todas as capacidades positivas,sertao do trombudo|casa|1 quarto,Sertao do Trombudo · casa · 1 quarto,Sertao do Trombudo,casa,1,2,181.59544037379794,176.8179829187775,186.3728978288184,,,evidência insuficiente,1,2,1.0,1,181.59544037379794,,,2.0
snapshot_calendar_adjusted,Captura de 20/01 ajustada por calendário,original,Valores originais,preco_por_hospede,Preço anunciado por hóspede comportado,sem capacidades positivas suspeitas,sertao do trombudo|casa|1 quarto,Sertao do Trombudo · casa · 1 quarto,Sertao do Trombudo,casa,1,2,181.59544037379794,176.8179829187775,186.3728978288184,,,evidência insuficiente,1,2,1.0,1,181.59544037379794,,,2.0
snapshot_calendar_adjusted,Captura de 20/01 ajustada por calendário,original,Valores originais,preco_por_hospede,Preço anunciado por hóspede comportado,todas as capacidades positivas,alto sao bento|casa|12 quartos,Alto Sao Bento · casa · 12 quartos,Alto Sao Bento,casa,12,1,166.8788893146676,166.8788893146676,166.8788893146676,,,evidência insuficiente,1,1,1.0,1,166.8788893146676,,,3.0
snapshot_calendar_adjusted,Captura de 20/01 ajustada por calendário,original,Valores originais,preco_por_hospede,Preço anunciado por hóspede comportado,sem capacidades positivas suspeitas,alto sao bento|casa|12 quartos,Alto Sao Bento · casa · 12 quartos,Alto Sao Bento,casa,12,1,166.8788893146676,166.8788893146676,166.8788893146676,,,evidência insuficiente,1,1,1.0,1,166.8788893146676,,,3.0
snapshot_calendar_adjusted,Captura de 20/01 ajustada por calendário,original,Valores originais,preco_por_hospede,Preço anunciado por hóspede comportado,todas as capacidades positivas,sertaozinho|casa|6 quartos,Sertaozinho · casa · 6 quartos,Sertaozinho,casa,6,2,141.46684683924946,120.51216177479111,162.42153190370783,,,evidência insuficiente,2,1,0.5,2,141.46684683924946,99.55747671033274,183.3762169681662,4.0
snapshot_calendar_adjusted,Captura de 20/01 ajustada por calendário,original,Valores originais,preco_por_hospede,Preço anunciado por hóspede comportado,sem capacidades positivas suspeitas,sertaozinho|casa|6 quartos,Sertaozinho · casa · 6 quartos,Sertaozinho,casa,6,2,141.46684683924946,120.51216177479111,162.42153190370783,,,evidência insuficiente,2,1,0.5,2,141.46684683924946,99.55747671033274,183.3762169681662,4.0
snapshot_calendar_adjusted,Captura de 20/01 ajustada por calendário,original,Valores originais,preco_por_hospede,Preço anunciado por hóspede comportado,todas as capacidades positivas,centro|apartamento|1 quarto,Centro · apartamento · 1 quarto,Centro,apartamento,1,75,135.44368031540583,126.03320128604761,198.5834234899614,109.12827865583269,142.4005496396444,principal,17,54,0.72,1,126.21991713980469,117.03082976561564,117.03082976561564,5.0
snapshot_calendar_adjusted,Captura de 20/01 ajustada por calendário,original,Valores originais,preco_por_hospede,Preço anunciado por hóspede comportado,sem capacidades positivas suspeitas,centro|apartamento|1 quarto,Centro · apartamento · 1 quarto,Centro,apartamento,1,75,135.44368031540583,126.03320128604761,198.5834234899614,110.66019991950348,142.3553249192678,principal,17,54,0.72,1,126.21991713980469,117.03082976561564,117.03082976561564,5.0
snapshot_calendar_adjusted,Captura de 20/01 ajustada por calendário,original,Valores originais,preco_por_hospede,Preço anunciado por hóspede comportado,todas as capacidades positivas,tabuleiro dos oliveiras|casa|4 quartos,Tabuleiro dos Oliveiras · casa · 4 quartos,Tabuleiro dos Oliveiras,casa,4,1,131.49251294043776,131.49251294043776,131.49251294043776,,,evidência insuficiente,1,1,1.0,1,131.49251294043776,,,6.0
snapshot_calendar_adjusted,Captura de 20/01 ajustada por calendário,original,Valores originais,preco_por_hospede,Preço anunciado por hóspede comportado,sem capacidades positivas suspeitas,tabuleiro dos oliveiras|casa|4 quartos,Tabuleiro dos Oliveiras · casa · 4 quartos,Tabuleiro dos Oliveiras,casa,4,1,131.49251294043776,131.49251294043776,131.49251294043776,,,evidência insuficiente,1,1,1.0,1,131.49251294043776,,,6.0
snapshot_calendar_adjusted,Captura de 20/01 ajustada por calendário,original,Valores originais,preco_por_hospede,Preço anunciado por hóspede comportado,todas as capacidades positivas,centro|casa|4 quartos,Centro · casa · 4 quartos,Centro,casa,4,2,125.17773562718651,115.2952828145139,135.06018843985913,,,evidência insuficiente,2,1,0.5,2,125.17773562718651,105.41283000184127,144.94264125253176,7.0
snapshot_calendar_adjusted,Captura de 20/01 ajustada por calendário,original,Valores originais,preco_por_hospede,Preço anunciado por hóspede comportado,sem capacidades positivas suspeitas,centro|casa|4 quartos,Centro · casa · 4 quartos,Centro,casa,4,2,125.17773562718651,115.2952828145139,135.06018843985913,,,evidência insuficiente,2,1,0.5,2,125.17773562718651,105.41283000184127,144.94264125253176,7.0
snapshot_calendar_adjusted,Captura de 20/01 ajustada por calendário,original,Valores originais,preco_por_hospede,Preço anunciado por hóspede comportado,todas as capacidades positivas,casa branca|casa|1 quarto,Casa Branca · casa · 1 quarto,Casa Branca,casa,1,1,123.56196204514471,123.56196204514471,123.56196204514471,,,evidência insuficiente,1,1,1.0,1,123.56196204514471,,,8.0
snapshot_calendar_adjusted,Captura de 20/01 ajustada por calendário,original,Valores originais,preco_por_hospede,Preço anunciado por hóspede comportado,sem capacidades positivas suspeitas,casa branca|casa|1 quarto,Casa Branca · casa · 1 quarto,Casa Branca,casa,1,1,123.56196204514471,123.56196204514471,123.56196204514471,,,evidência insuficiente,1,1,1.0,1,123.56196204514471,,,8.0
snapshot_calendar_adjusted,Captura de 20/01 ajustada por calendário,original,Valores originais,preco_por_hospede,Preço anunciado por hóspede comportado,todas as capacidades positivas,meia praia|apartamento|1 quarto,Meia Praia · apartamento · 1 quarto,Meia Praia,apartamento,1,16,116.64869026256386,106.95317498024319,214.4293932455659,100.12637657724895,225.93908873758738,exploratório,14,3,0.1875,1,111.97882322543329,110.17767306762914,110.17767306762914,9.0
snapshot_calendar_adjusted,Captura de 20/01 ajustada por calendário,original,Valores originais,preco_por_hospede,Preço anunciado por hóspede comportado,sem capacidades positivas suspeitas,meia praia|apartamento|1 quarto,Meia Praia · apartamento · 1 quarto,Meia Praia,apartamento,1,16,116.64869026256386,106.95317498024319,214.4293932455659,104.67757551257844,226.51457351218792,exploratório,14,3,0.1875,1,111.97882322543329,110.17767306762914,110.17767306762914,9.0
snapshot_calendar_adjusted,Captura de 20/01 ajustada por calendário,original,Valores originais,preco_por_hospede,Preço anunciado por hóspede comportado,todas as capacidades positivas,ilhota|apartamento|2 quartos,Ilhota · apartamento · 2 quartos,Ilhota,apartamento,2,1,115.95411300202541,115.95411300202541,115.95411300202541,,,evidência insuficiente,1,1,1.0,1,115.95411300202541,,,10.0
snapshot_calendar_adjusted,Captura de 20/01 ajustada por calendário,original,Valores originais,preco_por_hospede,Preço anunciado por hóspede comportado,sem capacidades positivas suspeitas,ilhota|apartamento|2 quartos,Ilhota · apartamento · 2 quartos,Ilhota,apartamento,2,1,115.95411300202541,115.95411300202541,115.95411300202541,,,evidência insuficiente,1,1,1.0,1,115.95411300202541,,,10.0
snapshot_calendar_adjusted,Captura de 20/01 ajustada por calendário,original,Valores originais,preco_por_hospede,Preço anunciado por hóspede comportado,todas as capacidades positivas,tabuleiro dos oliveiras|apartamento|3 quartos,Tabuleiro dos Oliveiras · apartamento · 3 quartos,Tabuleiro dos Oliveiras,apartamento,3,3,111.122691626941,100.94525264513331,127.54310817464184,,,evidência insuficiente,3,1,0.3333333333333333,3,111.122691626941,100.94525264513331,127.54310817464184,11.0
snapshot_calendar_adjusted,Captura de 20/01 ajustada por calendário,original,Valores originais,preco_por_hospede,Preço anunciado por hóspede comportado,sem capacidades positivas suspeitas,tabuleiro dos oliveiras|apartamento|3 quartos,Tabuleiro dos Oliveiras · apartamento · 3 quartos,Tabuleiro dos Oliveiras,apartamento,3,3,111.122691626941,100.94525264513331,127.54310817464184,,,evidência insuficiente,3,1,0.3333333333333333,3,111.122691626941,100.94525264513331,127.54310817464184,11.0
snapshot_calendar_adjusted,Captura de 20/01 ajustada por calendário,original,Valores originais,preco_por_hospede,Preço anunciado por hóspede comportado,todas as capacidades positivas,meia praia|apartamento|4 quartos,Meia Praia · apartamento · 4 quartos,Meia Praia,apartamento,4,43,108.78203913558121,72.22771000182343,122.75147209185735,85.07799724686515,117.5273241949243,principal,38,2,0.046511627906976744,5,102.74566487926114,104.25821001585823,108.99097595491538,12.0
snapshot_calendar_adjusted,Captura de 20/01 ajustada por calendário,original,Valores originais,preco_por_hospede,Preço anunciado por hóspede comportado,sem capacidades positivas suspeitas,meia praia|apartamento|4 quartos,Meia Praia · apartamento · 4 quartos,Meia Praia,apartamento,4,43,108.78203913558121,72.22771000182343,122.75147209185735,84.51425232413105,117.5273241949243,principal,38,2,0.046511627906976744,5,102.74566487926114,104.25821001585823,108.99097595491538,12.0
snapshot_calendar_adjusted,Captura de 20/01 ajustada por calendário,original,Valores originais,preco_por_hospede,Preço anunciado por hóspede comportado,todas as capacidades positivas,varzea|casa|5 quartos,Varzea · casa · 5 quartos,Varzea,casa,5,1,103.12120696474554,103.12120696474554,103.12120696474554,,,evidência insuficiente,1,1,1.0,1,103.12120696474554,,,13.0
snapshot_calendar_adjusted,Captura de 20/01 ajustada por calendário,original,Valores originais,preco_por_hospede,Preço anunciado por hóspede comportado,sem capacidades positivas suspeitas,varzea|casa|5 quartos,Varzea · casa · 5 quartos,Varzea,casa,5,1,103.12120696474554,103.12120696474554,103.12120696474554,,,evidência insuficiente,1,1,1.0,1,103.12120696474554,,,13.0
snapshot_calendar_adjusted,Captura de 20/01 ajustada por calendário,original,Valores originais,preco_por_hospede,Preço anunciado por hóspede comportado,todas as capacidades positivas,centro|apartamento|2 quartos,Centro · apartamento · 2 quartos,Centro,apartamento,2,59,102.76433264804501,73.59131740533475,132.2708891331593,74.54549980281072,110.43812820467012,principal,37,20,0.3389830508474576,1,88.69298912060898,81.92158083593094,81.92158083593094,14.0
snapshot_calendar_adjusted,Captura de 20/01 ajustada por calendário,original,Valores originais,preco_por_hospede,Preço anunciado por hóspede comportado,sem capacidades positivas suspeitas,centro|apartamento|2 quartos,Centro · apartamento · 2 quartos,Centro,apartamento,2,59,102.76433264804501,73.59131740533475,132.2708891331593,74.54549980281072,110.43812820467012,principal,37,20,0.3389830508474576,1,88.69298912060898,81.92158083593094,81.92158083593094,14.0
snapshot_calendar_adjusted,Captura de 20/01 ajustada por calendário,original,Valores originais,preco_por_hospede,Preço anunciado por hóspede comportado,todas as capacidades positivas,centro|apartamento|3 quartos,Centro · apartamento · 3 quartos,Centro,apartamento,3,38,95.52927913885614,70.56546426171937,117.9512797070735,81.88064051567311,110.16578599341695,principal,34,4,0.10526315789473684,1,92.95826988601306,92.95826988601306,92.95826988601306,15.0
snapshot_calendar_adjusted,Captura de 20/01 ajustada por calendário,original,Valores originais,preco_por_hospede,Preço anunciado por hóspede comportado,sem capacidades positivas suspeitas,centro|apartamento|3 quartos,Centro · apartamento · 3 quartos,Centro,apartamento,3,38,95.52927913885614,70.56546426171937,117.9512797070735,81.92158083593094,110.16578599341695,principal,34,4,0.10526315789473684,1,92.95826988601306,92.95826988601306,92.95826988601306,15.0
snapshot_calendar_adjusted,Captura de 20/01 ajustada por calendário,original,Valores originais,preco_por_hospede,Preço anunciado por hóspede comportado,todas as capacidades positivas,canto da praia|apartamento|2 quartos,Canto da Praia · apartamento · 2 quartos,Canto da Praia,apartamento,2,4,91.71626021255068,86.45509822737202,102.15948700609819,,,evidência insuficiente,4,1,0.25,4,91.71626021255068,86.99734977841692,96.43517064668445,16.0
snapshot_calendar_adjusted,Captura de 20/01 ajustada por calendário,original,Valores originais,preco_por_hospede,Preço anunciado por hóspede comportado,sem capacidades positivas suspeitas,canto da praia|apartamento|2 quartos,Canto da Praia · apartamento · 2 quartos,Canto da Praia,apartamento,2,4,91.71626021255068,86.45509822737202,102.15948700609819,,,evidência insuficiente,4,1,0.25,4,91.71626021255068,86.99734977841692,96.43517064668445,16.0
snapshot_calendar_adjusted,Captura de 20/01 ajustada por calendário,original,Valores originais,preco_por_hospede,Preço anunciado por hóspede comportado,todas as capacidades positivas,morretes|casa|4 quartos,Morretes · casa · 4 quartos,Morretes,casa,4,2,90.89111461877512,88.92834968514708,92.85387955240316,,,evidência insuficiente,2,1,0.5,2,90.89111461877512,86.96558475151905,94.8166444860312,17.0
snapshot_calendar_adjusted,Captura de 20/01 ajustada por calendário,original,Valores originais,preco_por_hospede,Preço anunciado por hóspede comportado,sem capacidades positivas suspeitas,morretes|casa|4 quartos,Morretes · casa · 4 quartos,Morretes,casa,4,2,90.89111461877512,88.92834968514708,92.85387955240316,,,evidência insuficiente,2,1,0.5,2,90.89111461877512,86.96558475151905,94.8166444860312,17.0
snapshot_calendar_adjusted,Captura de 20/01 ajustada por calendário,original,Valores originais,preco_por_hospede,Preço anunciado por hóspede comportado,todas as capacidades positivas,sertaozinho|casa|2 quartos,Sertaozinho · casa · 2 quartos,Sertaozinho,casa,2,1,90.59185874642083,90.59185874642083,90.59185874642083,,,evidência insuficiente,1,1,1.0,1,90.59185874642083,,,18.0
snapshot_calendar_adjusted,Captura de 20/01 ajustada por calendário,original,Valores originais,preco_por_hospede,Preço anunciado por hóspede comportado,sem capacidades positivas suspeitas,sertaozinho|casa|2 quartos,Sertaozinho · casa · 2 quartos,Sertaozinho,casa,2,1,90.59185874642083,90.59185874642083,90.59185874642083,,,evidência insuficiente,1,1,1.0,1,90.59185874642083,,,18.0
snapshot_calendar_adjusted,Captura de 20/01 ajustada por calendário,original,Valores originais,preco_por_hospede,Preço anunciado por hóspede comportado,sem capacidades positivas suspeitas,morretes|apartamento|3 quartos,Morretes · apartamento · 3 quartos,Morretes,apartamento,3,8,87.74429123283497,72.56674518108196,114.09471228444113,70.0387079292272,127.8236729551113,evidência insuficiente,8,1,0.125,8,87.74429123283497,84.46460375908,91.02397870658994,19.0
snapshot_calendar_adjusted,Captura de 20/01 ajustada por calendário,original,Valores originais,preco_por_hospede,Preço anunciado por hóspede comportado,todas as capacidades positivas,morretes|apartamento|2 quartos,Morretes · apartamento · 2 quartos,Morretes,apartamento,2,43,87.55130480797216,63.94433250538305,119.04671070444053,68.68172938769968,114.14406929806378,principal,34,7,0.16279069767441862,1,80.83675579844171,79.69638289251057,79.69638289251057,19.0
snapshot_calendar_adjusted,Captura de 20/01 ajustada por calendário,original,Valores originais,preco_por_hospede,Preço anunciado por hóspede comportado,sem capacidades positivas suspeitas,morretes|apartamento|2 quartos,Morretes · apartamento · 2 quartos,Morretes,apartamento,2,43,87.55130480797216,63.94433250538305,119.04671070444053,68.68172938769968,114.14406929806378,principal,34,7,0.16279069767441862,1,80.83675579844171,79.69638289251057,79.69638289251057,20.0
snapshot_calendar_adjusted,Captura de 20/01 ajustada por calendário,original,Valores originais,preco_por_hospede,Preço anunciado por hóspede comportado,sem capacidades positivas suspeitas,tabuleiro dos oliveiras|apartamento|2 quartos,Tabuleiro dos Oliveiras · apartamento · 2 quartos,Tabuleiro dos Oliveiras,apartamento,2,11,84.53446427722706,60.12869340872945,108.64752816424502,53.603009682769624,115.86833719828982,exploratório,10,2,0.18181818181818182,1,77.41162546162123,70.2887866460154,70.2887866460154,21.0
snapshot_calendar_adjusted,Captura de 20/01 ajustada por calendário,original,Valores originais,preco_por_hospede,Preço anunciado por hóspede comportado,todas as capacidades positivas,morretes|apartamento|3 quartos,Morretes · apartamento · 3 quartos,Morretes,apartamento,3,9,84.46460375908,64.9826334255177,109.51839206088441,62.325335738588656,127.8236729551113,evidência insuficiente,9,1,0.1111111111111111,9,84.46460375908,79.77969309600836,87.74429123283497,20.0
snapshot_calendar_adjusted,Captura de 20/01 ajustada por calendário,original,Valores originais,preco_por_hospede,Preço anunciado por hóspede comportado,todas as capacidades positivas,morretes|apartamento|1 quarto,Morretes · apartamento · 1 quarto,Morretes,apartamento,1,3,83.85239250546466,81.55927841815611,107.4634609214771,,,evidência insuficiente,3,1,0.3333333333333333,3,83.85239250546466,81.55927841815611,107.4634609214771,21.0
snapshot_calendar_adjusted,Captura de 20/01 ajustada por calendário,original,Valores originais,preco_por_hospede,Preço anunciado por hóspede comportado,sem capacidades positivas suspeitas,morretes|apartamento|1 quarto,Morretes · apartamento · 1 quarto,Morretes,apartamento,1,3,83.85239250546466,81.55927841815611,107.4634609214771,,,evidência insuficiente,3,1,0.3333333333333333,3,83.85239250546466,81.55927841815611,107.4634609214771,22.0
snapshot_calendar_adjusted,Captura de 20/01 ajustada por calendário,original,Valores originais,preco_por_hospede,Preço anunciado por hóspede comportado,todas as capacidades positivas,meia praia|apartamento|3 quartos,Meia Praia · apartamento · 3 quartos,Meia Praia,apartamento,3,284,82.6173055139431,66.25951141947047,107.06656723681017,78.02055317707709,86.96558475151905,principal,235,12,0.04225352112676056,1,80.242935891833,82.0035844203513,82.0035844203513,22.0
snapshot_calendar_adjusted,Captura de 20/01 ajustada por calendário,original,Valores originais,preco_por_hospede,Preço anunciado por hóspede comportado,sem capacidades positivas suspeitas,meia praia|apartamento|3 quartos,Meia Praia · apartamento · 3 quartos,Meia Praia,apartamento,3,283,82.6173055139431,66.23942669336576,107.16695606784765,78.11960270747767,87.2450985828056,principal,234,12,0.04240282685512368,1,79.87716383232521,82.0035844203513,82.0035844203513,23.0
snapshot_calendar_adjusted,Captura de 20/01 ajustada por calendário,original,Valores originais,preco_por_hospede,Preço anunciado por hóspede comportado,todas as capacidades positivas,meia praia|apartamento|0 quartos,Meia Praia · apartamento · 0 quartos,Meia Praia,apartamento,0,7,81.92158083593094,57.637683659565695,95.2625177469106,45.05686945976202,95.66214322667095,evidência insuficiente,7,1,0.14285714285714285,7,81.92158083593094,76.07003934765015,88.3922365515406,23.0
snapshot_calendar_adjusted,Captura de 20/01 ajustada por calendário,original,Valores originais,preco_por_hospede,Preço anunciado por hóspede comportado,todas as capacidades positivas,varzea|casa|1 quarto,Varzea · casa · 1 quarto,Varzea,casa,1,1,81.92158083593094,81.92158083593094,81.92158083593094,,,evidência insuficiente,1,1,1.0,1,81.92158083593094,,,23.0
snapshot_calendar_adjusted,Captura de 20/01 ajustada por calendário,original,Valores originais,preco_por_hospede,Preço anunciado por hóspede comportado,sem capacidades positivas suspeitas,meia praia|apartamento|0 quartos,Meia Praia · apartamento · 0 quartos,Meia Praia,apartamento,0,7,81.92158083593094,57.637683659565695,95.2625177469106,45.05686945976202,95.66214322667095,evidência insuficiente,7,1,0.14285714285714285,7,81.92158083593094,76.07003934765015,88.3922365515406,24.0
snapshot_calendar_adjusted,Captura de 20/01 ajustada por calendário,original,Valores originais,preco_por_hospede,Preço anunciado por hóspede comportado,sem capacidades positivas suspeitas,varzea|casa|1 quarto,Varzea · casa · 1 quarto,Varzea,casa,1,1,81.92158083593094,81.92158083593094,81.92158083593094,,,evidência insuficiente,1,1,1.0,1,81.92158083593094,,,24.0
snapshot_calendar_adjusted,Captura de 20/01 ajustada por calendário,original,Valores originais,preco_por_hospede,Preço anunciado por hóspede comportado,todas as capacidades positivas,varzea|casa|3 quartos,Varzea · casa · 3 quartos,Varzea,casa,3,1,79.12287769973612,79.12287769973612,79.12287769973612,,,evidência insuficiente,1,1,1.0,1,79.12287769973612,,,25.0
snapshot_calendar_adjusted,Captura de 20/01 ajustada por calendário,original,Valores originais,preco_por_hospede,Preço anunciado por hóspede comportado,sem capacidades positivas suspeitas,varzea|casa|3 quartos,Varzea · casa · 3 quartos,Varzea,casa,3,1,79.12287769973612,79.12287769973612,79.12287769973612,,,evidência insuficiente,1,1,1.0,1,79.12287769973612,,,26.0
snapshot_calendar_adjusted,Captura de 20/01 ajustada por calendário,original,Valores originais,preco_por_hospede,Preço anunciado por hóspede comportado,todas as capacidades positivas,morretes|apartamento|4 quartos,Morretes · apartamento · 4 quartos,Morretes,apartamento,4,1,77.45790495705009,77.45790495705009,77.45790495705009,,,evidência insuficiente,1,1,1.0,1,77.45790495705009,,,26.0
snapshot_calendar_adjusted,Captura de 20/01 ajustada por calendário,original,Valores originais,preco_por_hospede,Preço anunciado por hóspede comportado,sem capacidades positivas suspeitas,morretes|apartamento|4 quartos,Morretes · apartamento · 4 quartos,Morretes,apartamento,4,1,77.45790495705009,77.45790495705009,77.45790495705009,,,evidência insuficiente,1,1,1.0,1,77.45790495705009,,,27.0
snapshot_calendar_adjusted,Captura de 20/01 ajustada por calendário,original,Valores originais,preco_por_hospede,Preço anunciado por hóspede comportado,todas as capacidades positivas,tabuleiro dos oliveiras|apartamento|2 quartos,Tabuleiro dos Oliveiras · apartamento · 2 quartos,Tabuleiro dos Oliveiras,apartamento,2,12,77.41162546162123,53.124461699692084,105.03712364722261,52.28821887923,115.86833719828982,exploratório,11,2,0.16666666666666666,1,70.2887866460154,68.47158189035233,68.47158189035233,27.0
snapshot_calendar_adjusted,Captura de 20/01 ajustada por calendário,original,Valores originais,preco_por_hospede,Preço anunciado por hóspede comportado,todas as capacidades positivas,meia praia|apartamento|2 quartos,Meia Praia · apartamento · 2 quartos,Meia Praia,apartamento,2,126,77.30274200135027,64.15282581741779,93.58984330345558,71.49617874539469,82.32593623620386,principal,112,7,0.05555555555555555,1,77.08371756567978,76.37004882018736,76.37004882018736,28.0
snapshot_calendar_adjusted,Captura de 20/01 ajustada por calendário,original,Valores originais,preco_por_hospede,Preço anunciado por hóspede comportado,sem capacidades positivas suspeitas,meia praia|apartamento|2 quartos,Meia Praia · apartamento · 2 quartos,Meia Praia,apartamento,2,126,77.30274200135027,64.15282581741779,93.58984330345558,70.79642788290329,82.32593623620386,principal,112,7,0.05555555555555555,1,77.08371756567978,76.37004882018736,76.37004882018736,28.0
snapshot_calendar_adjusted,Captura de 20/01 ajustada por calendário,original,Valores originais,preco_por_hospede,Preço anunciado por hóspede comportado,todas as capacidades positivas,ilhota|apartamento|1 quarto,Ilhota · apartamento · 1 quarto,Ilhota,apartamento,1,2,76.40396642502213,74.96563322259337,77.8422996274509,,,evidência insuficiente,1,2,1.0,1,76.40396642502213,,,29.0
snapshot_calendar_adjusted,Captura de 20/01 ajustada por calendário,original,Valores originais,preco_por_hospede,Preço anunciado por hóspede comportado,sem capacidades positivas suspeitas,ilhota|apartamento|1 quarto,Ilhota · apartamento · 1 quarto,Ilhota,apartamento,1,2,76.40396642502213,74.96563322259337,77.8422996274509,,,evidência insuficiente,1,2,1.0,1,76.40396642502213,,,29.0
snapshot_calendar_adjusted,Captura de 20/01 ajustada por calendário,original,Valores originais,preco_por_hospede,Preço anunciado por hóspede comportado,todas as capacidades positivas,meia praia|apartamento|5 quartos,Meia Praia · apartamento · 5 quartos,Meia Praia,apartamento,5,1,75.14501983383684,75.14501983383684,75.14501983383684,,,evidência insuficiente,1,1,1.0,1,75.14501983383684,,,30.0
snapshot_calendar_adjusted,Captura de 20/01 ajustada por calendário,original,Valores originais,preco_por_hospede,Preço anunciado por hóspede comportado,sem capacidades positivas suspeitas,meia praia|apartamento|5 quartos,Meia Praia · apartamento · 5 quartos,Meia Praia,apartamento,5,1,75.14501983383684,75.14501983383684,75.14501983383684,,,evidência insuficiente,1,1,1.0,1,75.14501983383684,,,30.0
snapshot_calendar_adjusted,Captura de 20/01 ajustada por calendário,original,Valores originais,preco_por_hospede,Preço anunciado por hóspede comportado,todas as capacidades positivas,ilhota|casa|4 quartos,Ilhota · casa · 4 quartos,Ilhota,casa,4,1,74.85024230395035,74.85024230395035,74.85024230395035,,,evidência insuficiente,1,1,1.0,1,74.85024230395035,,,31.0
snapshot_calendar_adjusted,Captura de 20/01 ajustada por calendário,original,Valores originais,preco_por_hospede,Preço anunciado por hóspede comportado,sem capacidades positivas suspeitas,ilhota|casa|4 quartos,Ilhota · casa · 4 quartos,Ilhota,casa,4,1,74.85024230395035,74.85024230395035,74.85024230395035,,,evidência insuficiente,1,1,1.0,1,74.85024230395035,,,31.0
snapshot_calendar_adjusted,Captura de 20/01 ajustada por calendário,original,Valores originais,preco_por_hospede,Preço anunciado por hóspede comportado,todas as capacidades positivas,alto sao bento|apartamento|1 quarto,Alto Sao Bento · apartamento · 1 quarto,Alto Sao Bento,apartamento,1,1,73.09765020414488,73.09765020414488,73.09765020414488,,,evidência insuficiente,1,1,1.0,1,73.09765020414488,,,32.0
snapshot_calendar_adjusted,Captura de 20/01 ajustada por calendário,original,Valores originais,preco_por_hospede,Preço anunciado por hóspede comportado,sem capacidades positivas suspeitas,alto sao bento|apartamento|1 quarto,Alto Sao Bento · apartamento · 1 quarto,Alto Sao Bento,apartamento,1,1,73.09765020414488,73.09765020414488,73.09765020414488,,,evidência insuficiente,1,1,1.0,1,73.09765020414488,,,32.0
snapshot_calendar_adjusted,Captura de 20/01 ajustada por calendário,original,Valores originais,preco_por_hospede,Preço anunciado por hóspede comportado,todas as capacidades positivas,sertao do trombudo|casa|4 quartos,Sertao do Trombudo · casa · 4 quartos,Sertao do Trombudo,casa,4,1,72.81918296527195,72.81918296527195,72.81918296527195,,,evidência insuficiente,1,1,1.0,1,72.81918296527195,,,33.0
snapshot_calendar_adjusted,Captura de 20/01 ajustada por calendário,original,Valores originais,preco_por_hospede,Preço anunciado por hóspede comportado,sem capacidades positivas suspeitas,sertao do trombudo|casa|4 quartos,Sertao do Trombudo · casa · 4 quartos,Sertao do Trombudo,casa,4,1,72.81918296527195,72.81918296527195,72.81918296527195,,,evidência insuficiente,1,1,1.0,1,72.81918296527195,,,33.0
snapshot_calendar_adjusted,Captura de 20/01 ajustada por calendário,original,Valores originais,preco_por_hospede,Preço anunciado por hóspede comportado,todas as capacidades positivas,ilhota|casa|3 quartos,Ilhota · casa · 3 quartos,Ilhota,casa,3,2,72.43179081501519,65.20442365801395,79.65915797201643,,,evidência insuficiente,2,1,0.5,2,72.43179081501519,57.977056501012704,86.88652512901767,34.0
snapshot_calendar_adjusted,Captura de 20/01 ajustada por calendário,original,Valores originais,preco_por_hospede,Preço anunciado por hóspede comportado,sem capacidades positivas suspeitas,ilhota|casa|3 quartos,Ilhota · casa · 3 quartos,Ilhota,casa,3,2,72.43179081501519,65.20442365801395,79.65915797201643,,,evidência insuficiente,2,1,0.5,2,72.43179081501519,57.977056501012704,86.88652512901767,34.0
snapshot_calendar_adjusted,Captura de 20/01 ajustada por calendário,original,Valores originais,preco_por_hospede,Preço anunciado por hóspede comportado,todas as capacidades positivas,meia praia|casa|1 quarto,Meia Praia · casa · 1 quarto,Meia Praia,casa,1,1,67.03539875394866,67.03539875394866,67.03539875394866,,,evidência insuficiente,1,1,1.0,1,67.03539875394866,,,35.0
snapshot_calendar_adjusted,Captura de 20/01 ajustada por calendário,original,Valores originais,preco_por_hospede,Preço anunciado por hóspede comportado,sem capacidades positivas suspeitas,meia praia|casa|1 quarto,Meia Praia · casa · 1 quarto,Meia Praia,casa,1,1,67.03539875394866,67.03539875394866,67.03539875394866,,,evidência insuficiente,1,1,1.0,1,67.03539875394866,,,35.0
snapshot_calendar_adjusted,Captura de 20/01 ajustada por calendário,original,Valores originais,preco_por_hospede,Preço anunciado por hóspede comportado,todas as capacidades positivas,casa branca|apartamento|3 quartos,Casa Branca · apartamento · 3 quartos,Casa Branca,apartamento,3,2,57.3082346034283,53.160573107334514,61.455896099522086,,,evidência insuficiente,2,1,0.5,2,57.3082346034283,49.01291161124073,65.60355759561587,36.0
snapshot_calendar_adjusted,Captura de 20/01 ajustada por calendário,original,Valores originais,preco_por_hospede,Preço anunciado por hóspede comportado,sem capacidades positivas suspeitas,casa branca|apartamento|3 quartos,Casa Branca · apartamento · 3 quartos,Casa Branca,apartamento,3,2,57.3082346034283,53.160573107334514,61.455896099522086,,,evidência insuficiente,2,1,0.5,2,57.3082346034283,49.01291161124073,65.60355759561587,36.0
snapshot_calendar_adjusted,Captura de 20/01 ajustada por calendário,original,Valores originais,preco_por_hospede,Preço anunciado por hóspede comportado,todas as capacidades positivas,centro|casa|2 quartos,Centro · casa · 2 quartos,Centro,casa,2,1,54.61438722395396,54.61438722395396,54.61438722395396,,,evidência insuficiente,1,1,1.0,1,54.61438722395396,,,37.0
snapshot_calendar_adjusted,Captura de 20/01 ajustada por calendário,original,Valores originais,preco_por_hospede,Preço anunciado por hóspede comportado,sem capacidades positivas suspeitas,centro|casa|2 quartos,Centro · casa · 2 quartos,Centro,casa,2,1,54.61438722395396,54.61438722395396,54.61438722395396,,,evidência insuficiente,1,1,1.0,1,54.61438722395396,,,37.0
snapshot_calendar_adjusted,Captura de 20/01 ajustada por calendário,original,Valores originais,preco_por_hospede,Preço anunciado por hóspede comportado,todas as capacidades positivas,morretes|casa|2 quartos,Morretes · casa · 2 quartos,Morretes,casa,2,8,54.490825261908824,38.705313738015334,62.19802562847064,34.45671339402186,73.2458578654591,evidência insuficiente,7,2,0.25,1,54.61438722395396,56.56490105338089,56.56490105338089,38.0
snapshot_calendar_adjusted,Captura de 20/01 ajustada por calendário,original,Valores originais,preco_por_hospede,Preço anunciado por hóspede comportado,sem capacidades positivas suspeitas,morretes|casa|2 quartos,Morretes · casa · 2 quartos,Morretes,casa,2,8,54.490825261908824,38.705313738015334,62.19802562847064,34.45671339402186,73.2458578654591,evidência insuficiente,7,2,0.25,1,54.61438722395396,56.56490105338089,56.56490105338089,38.0
snapshot_calendar_adjusted,Captura de 20/01 ajustada por calendário,original,Valores originais,preco_por_hospede,Preço anunciado por hóspede comportado,todas as capacidades positivas,centro|casa|1 quarto,Centro · casa · 1 quarto,Centro,casa,1,1,53.43276483309779,53.43276483309779,53.43276483309779,,,evidência insuficiente,1,1,1.0,1,53.43276483309779,,,39.0
snapshot_calendar_adjusted,Captura de 20/01 ajustada por calendário,original,Valores originais,preco_por_hospede,Preço anunciado por hóspede comportado,sem capacidades positivas suspeitas,centro|casa|1 quarto,Centro · casa · 1 quarto,Centro,casa,1,1,53.43276483309779,53.43276483309779,53.43276483309779,,,evidência insuficiente,1,1,1.0,1,53.43276483309779,,,39.0
snapshot_calendar_adjusted,Captura de 20/01 ajustada por calendário,original,Valores originais,preco_por_hospede,Preço anunciado por hóspede comportado,todas as capacidades positivas,meia praia|casa|4 quartos,Meia Praia · casa · 4 quartos,Meia Praia,casa,4,1,52.71658998451154,52.71658998451154,52.71658998451154,,,evidência insuficiente,1,1,1.0,1,52.71658998451154,,,40.0
snapshot_calendar_adjusted,Captura de 20/01 ajustada por calendário,original,Valores originais,preco_por_hospede,Preço anunciado por hóspede comportado,sem capacidades positivas suspeitas,meia praia|casa|4 quartos,Meia Praia · casa · 4 quartos,Meia Praia,casa,4,1,52.71658998451154,52.71658998451154,52.71658998451154,,,evidência insuficiente,1,1,1.0,1,52.71658998451154,,,40.0
snapshot_calendar_adjusted,Captura de 20/01 ajustada por calendário,original,Valores originais,preco_por_hospede,Preço anunciado por hóspede comportado,todas as capacidades positivas,alto sao bento|apartamento|2 quartos,Alto Sao Bento · apartamento · 2 quartos,Alto Sao Bento,apartamento,2,1,52.71448132091217,52.71448132091217,52.71448132091217,,,evidência insuficiente,1,1,1.0,1,52.71448132091217,,,41.0
snapshot_calendar_adjusted,Captura de 20/01 ajustada por calendário,original,Valores originais,preco_por_hospede,Preço anunciado por hóspede comportado,sem capacidades positivas suspeitas,alto sao bento|apartamento|2 quartos,Alto Sao Bento · apartamento · 2 quartos,Alto Sao Bento,apartamento,2,1,52.71448132091217,52.71448132091217,52.71448132091217,,,evidência insuficiente,1,1,1.0,1,52.71448132091217,,,41.0
snapshot_calendar_adjusted,Captura de 20/01 ajustada por calendário,original,Valores originais,preco_por_hospede,Preço anunciado por hóspede comportado,todas as capacidades positivas,casa branca|apartamento|2 quartos,Casa Branca · apartamento · 2 quartos,Casa Branca,apartamento,2,4,50.83428314008794,43.38809651680788,61.650158618576135,,,evidência insuficiente,4,1,0.25,4,50.83428314008794,43.69150977916318,57.977056501012704,42.0
snapshot_calendar_adjusted,Captura de 20/01 ajustada por calendário,original,Valores originais,preco_por_hospede,Preço anunciado por hóspede comportado,sem capacidades positivas suspeitas,casa branca|apartamento|2 quartos,Casa Branca · apartamento · 2 quartos,Casa Branca,apartamento,2,4,50.83428314008794,43.38809651680788,61.650158618576135,,,evidência insuficiente,4,1,0.25,4,50.83428314008794,43.69150977916318,57.977056501012704,42.0
snapshot_calendar_adjusted,Captura de 20/01 ajustada por calendário,original,Valores originais,preco_por_hospede,Preço anunciado por hóspede comportado,todas as capacidades positivas,canto da praia|apartamento|3 quartos,Canto da Praia · apartamento · 3 quartos,Canto da Praia,apartamento,3,1,44.699275257700414,44.699275257700414,44.699275257700414,,,evidência insuficiente,1,1,1.0,1,44.699275257700414,,,43.0
snapshot_calendar_adjusted,Captura de 20/01 ajustada por calendário,original,Valores originais,preco_por_hospede,Preço anunciado por hóspede comportado,sem capacidades positivas suspeitas,canto da praia|apartamento|3 quartos,Canto da Praia · apartamento · 3 quartos,Canto da Praia,apartamento,3,1,44.699275257700414,44.699275257700414,44.699275257700414,,,evidência insuficiente,1,1,1.0,1,44.699275257700414,,,43.0
snapshot_calendar_adjusted,Captura de 20/01 ajustada por calendário,original,Valores originais,preco_por_hospede,Preço anunciado por hóspede comportado,todas as capacidades positivas,ilhota|casa|2 quartos,Ilhota · casa · 2 quartos,Ilhota,casa,2,1,44.281935586989704,44.281935586989704,44.281935586989704,,,evidência insuficiente,1,1,1.0,1,44.281935586989704,,,44.0
snapshot_calendar_adjusted,Captura de 20/01 ajustada por calendário,original,Valores originais,preco_por_hospede,Preço anunciado por hóspede comportado,sem capacidades positivas suspeitas,ilhota|casa|2 quartos,Ilhota · casa · 2 quartos,Ilhota,casa,2,1,44.281935586989704,44.281935586989704,44.281935586989704,,,evidência insuficiente,1,1,1.0,1,44.281935586989704,,,44.0
snapshot_calendar_adjusted,Captura de 20/01 ajustada por calendário,original,Valores originais,preco_por_hospede,Preço anunciado por hóspede comportado,todas as capacidades positivas,centro|apartamento|4 quartos,Centro · apartamento · 4 quartos,Centro,apartamento,4,1,43.48279237575952,43.48279237575952,43.48279237575952,,,evidência insuficiente,1,1,1.0,1,43.48279237575952,,,45.0
snapshot_calendar_adjusted,Captura de 20/01 ajustada por calendário,original,Valores originais,preco_por_hospede,Preço anunciado por hóspede comportado,sem capacidades positivas suspeitas,centro|apartamento|4 quartos,Centro · apartamento · 4 quartos,Centro,apartamento,4,1,43.48279237575952,43.48279237575952,43.48279237575952,,,evidência insuficiente,1,1,1.0,1,43.48279237575952,,,45.0
snapshot_calendar_adjusted,Captura de 20/01 ajustada por calendário,original,Valores originais,preco_por_quarto,Preço anunciado por quarto,não aplicável,meia praia|apartamento|1 quarto,Meia Praia · apartamento · 1 quarto,Meia Praia,apartamento,1,16,466.59476105025544,429.14617222049606,502.7324688943,421.3772466493603,501.2410299712792,exploratório,14,3,0.1875,1,447.91529290173315,440.7106922705166,440.7106922705166,1.0
snapshot_calendar_adjusted,Captura de 20/01 ajustada por calendário,original,Valores originais,preco_por_quarto,Preço anunciado por quarto,não aplicável,centro|apartamento|1 quarto,Centro · apartamento · 1 quarto,Centro,apartamento,1,75,454.66477363941675,399.95769227200924,506.3208815554066,418.4738761315953,498.87821658264824,principal,17,54,0.72,1,454.66477363941675,468.12331906246254,468.12331906246254,2.0
snapshot_calendar_adjusted,Captura de 20/01 ajustada por calendário,original,Valores originais,preco_por_quarto,Preço anunciado por quarto,não aplicável,areal|casa|1 quarto,Areal · casa · 1 quarto,Areal,casa,1,1,433.7942756645486,433.7942756645486,433.7942756645486,,,evidência insuficiente,1,1,1.0,1,433.7942756645486,,,3.0
snapshot_calendar_adjusted,Captura de 20/01 ajustada por calendário,original,Valores originais,preco_por_quarto,Preço anunciado por quarto,não aplicável,tabuleiro dos oliveiras|casa|4 quartos,Tabuleiro dos Oliveiras · casa · 4 quartos,Tabuleiro dos Oliveiras,casa,4,1,394.47753882131326,394.47753882131326,394.47753882131326,,,evidência insuficiente,1,1,1.0,1,394.47753882131326,,,4.0
snapshot_calendar_adjusted,Captura de 20/01 ajustada por calendário,original,Valores originais,preco_por_quarto,Preço anunciado por quarto,não aplicável,sertaozinho|casa|6 quartos,Sertaozinho · casa · 6 quartos,Sertaozinho,casa,6,2,377.24492490466525,321.36576473277626,433.12408507655425,,,evidência insuficiente,2,1,0.5,2,377.24492490466525,265.4866045608873,489.0032452484432,5.0
snapshot_calendar_adjusted,Captura de 20/01 ajustada por calendário,original,Valores originais,preco_por_quarto,Preço anunciado por quarto,não aplicável,sertao do trombudo|casa|1 quarto,Sertao do Trombudo · casa · 1 quarto,Sertao do Trombudo,casa,1,2,363.1908807475959,353.635965837555,372.7457956576368,,,evidência insuficiente,1,2,1.0,1,363.1908807475959,,,6.0
snapshot_calendar_adjusted,Captura de 20/01 ajustada por calendário,original,Valores originais,preco_por_quarto,Preço anunciado por quarto,não aplicável,centro|casa|4 quartos,Centro · casa · 4 quartos,Centro,casa,4,2,362.3566031313294,326.12094281819645,398.59226344446233,,,evidência insuficiente,2,1,0.5,2,362.3566031313294,289.8852825050635,434.8279237575953,7.0
snapshot_calendar_adjusted,Captura de 20/01 ajustada por calendário,original,Valores originais,preco_por_quarto,Preço anunciado por quarto,não aplicável,varzea|casa|1 quarto,Varzea · casa · 1 quarto,Varzea,casa,1,1,327.68632334372376,327.68632334372376,327.68632334372376,,,evidência insuficiente,1,1,1.0,1,327.68632334372376,,,8.0
snapshot_calendar_adjusted,Captura de 20/01 ajustada por calendário,original,Valores originais,preco_por_quarto,Preço anunciado por quarto,não aplicável,morretes|apartamento|1 quarto,Morretes · apartamento · 1 quarto,Morretes,apartamento,1,3,317.0646573233902,284.3109174198921,420.6813873366741,,,evidência insuficiente,3,1,0.3333333333333333,3,317.0646573233902,284.3109174198921,420.6813873366741,9.0
snapshot_calendar_adjusted,Captura de 20/01 ajustada por calendário,original,Valores originais,preco_por_quarto,Preço anunciado por quarto,não aplicável,morretes|casa|4 quartos,Morretes · casa · 4 quartos,Morretes,casa,4,2,316.1561362320849,300.30303484508926,332.0092376190805,,,evidência insuficiente,2,1,0.5,2,316.1561362320849,284.4499334580936,347.8623390060762,10.0
snapshot_calendar_adjusted,Captura de 20/01 ajustada por calendário,original,Valores originais,preco_por_quarto,Preço anunciado por quarto,não aplicável,varzea|casa|5 quartos,Varzea · casa · 5 quartos,Varzea,casa,5,1,309.3636208942366,309.3636208942366,309.3636208942366,,,evidência insuficiente,1,1,1.0,1,309.3636208942366,,,11.0
snapshot_calendar_adjusted,Captura de 20/01 ajustada por calendário,original,Valores originais,preco_por_quarto,Preço anunciado por quarto,não aplicável,ilhota|apartamento|1 quarto,Ilhota · apartamento · 1 quarto,Ilhota,apartamento,1,2,305.61586570008853,299.8625328903735,311.3691985098036,,,evidência insuficiente,1,2,1.0,1,305.61586570008853,,,12.0
snapshot_calendar_adjusted,Captura de 20/01 ajustada por calendário,original,Valores originais,preco_por_quarto,Preço anunciado por quarto,não aplicável,alto sao bento|apartamento|1 quarto,Alto Sao Bento · apartamento · 1 quarto,Alto Sao Bento,apartamento,1,1,292.39060081657954,292.39060081657954,292.39060081657954,,,evidência insuficiente,1,1,1.0,1,292.39060081657954,,,13.0
snapshot_calendar_adjusted,Captura de 20/01 ajustada por calendário,original,Valores originais,preco_por_quarto,Preço anunciado por quarto,não aplicável,ilhota|apartamento|2 quartos,Ilhota · apartamento · 2 quartos,Ilhota,apartamento,2,1,289.8852825050635,289.8852825050635,289.8852825050635,,,evidência insuficiente,1,1,1.0,1,289.8852825050635,,,14.0
snapshot_calendar_adjusted,Captura de 20/01 ajustada por calendário,original,Valores originais,preco_por_quarto,Preço anunciado por quarto,não aplicável,centro|apartamento|2 quartos,Centro · apartamento · 2 quartos,Centro,apartamento,2,59,289.2235729477327,206.82971309111173,340.0066525732974,205.52866529609003,324.73419430459114,principal,37,20,0.3389830508474576,1,231.90822600405082,223.63649940843217,223.63649940843217,15.0
snapshot_calendar_adjusted,Captura de 20/01 ajustada por calendário,original,Valores originais,preco_por_quarto,Preço anunciado por quarto,não aplicável,sertao do trombudo|casa|4 quartos,Sertao do Trombudo · casa · 4 quartos,Sertao do Trombudo,casa,4,1,273.0719361197698,273.0719361197698,273.0719361197698,,,evidência insuficiente,1,1,1.0,1,273.0719361197698,,,16.0
snapshot_calendar_adjusted,Captura de 20/01 ajustada por calendário,original,Valores originais,preco_por_quarto,Preço anunciado por quarto,não aplicável,casa branca|casa|1 quarto,Casa Branca · casa · 1 quarto,Casa Branca,casa,1,1,247.12392409028942,247.12392409028942,247.12392409028942,,,evidência insuficiente,1,1,1.0,1,247.12392409028942,,,17.0
snapshot_calendar_adjusted,Captura de 20/01 ajustada por calendário,original,Valores originais,preco_por_quarto,Preço anunciado por quarto,não aplicável,meia praia|apartamento|4 quartos,Meia Praia · apartamento · 4 quartos,Meia Praia,apartamento,4,43,239.850104228968,187.3037365209355,330.4883930377588,203.5627160165557,317.726537899068,principal,38,2,0.046511627906976744,5,232.0096858529276,232.11114570180433,240.2046535240766,18.0
snapshot_calendar_adjusted,Captura de 20/01 ajustada por calendário,original,Valores originais,preco_por_quarto,Preço anunciado por quarto,não aplicável,centro|apartamento|3 quartos,Centro · apartamento · 3 quartos,Centro,apartamento,3,38,227.7521552985978,189.4608950729969,289.87841998996157,206.55441321880025,269.40005587470563,principal,34,4,0.10526315789473684,1,229.01163519143128,227.7521552985978,227.7521552985978,19.0
snapshot_calendar_adjusted,Captura de 20/01 ajustada por calendário,original,Valores originais,preco_por_quarto,Preço anunciado por quarto,não aplicável,sertaozinho|casa|2 quartos,Sertaozinho · casa · 2 quartos,Sertaozinho,casa,2,1,226.47964686605206,226.47964686605206,226.47964686605206,,,evidência insuficiente,1,1,1.0,1,226.47964686605206,,,20.0
snapshot_calendar_adjusted,Captura de 20/01 ajustada por calendário,original,Valores originais,preco_por_quarto,Preço anunciado por quarto,não aplicável,canto da praia|apartamento|2 quartos,Canto da Praia · apartamento · 2 quartos,Canto da Praia,apartamento,2,4,225.3678655521361,202.55181909090348,251.32503211152243,,,evidência insuficiente,4,1,0.25,4,225.3678655521361,212.07085893559335,238.6648721686788,21.0
snapshot_calendar_adjusted,Captura de 20/01 ajustada por calendário,original,Valores originais,preco_por_quarto,Preço anunciado por quarto,não aplicável,meia praia|apartamento|2 quartos,Meia Praia · apartamento · 2 quartos,Meia Praia,apartamento,2,126,223.1181617676396,184.92740145703084,269.88856497726005,210.05533547674602,242.64392038070974,principal,112,7,0.05555555555555555,1,220.84850133188758,218.45754889581588,218.45754889581588,22.0
snapshot_calendar_adjusted,Captura de 20/01 ajustada por calendário,original,Valores originais,preco_por_quarto,Preço anunciado por quarto,não aplicável,alto sao bento|casa|12 quartos,Alto Sao Bento · casa · 12 quartos,Alto Sao Bento,casa,12,1,222.50518575289013,222.50518575289013,222.50518575289013,,,evidência insuficiente,1,1,1.0,1,222.50518575289013,,,23.0
snapshot_calendar_adjusted,Captura de 20/01 ajustada por calendário,original,Valores originais,preco_por_quarto,Preço anunciado por quarto,não aplicável,tabuleiro dos oliveiras|apartamento|3 quartos,Tabuleiro dos Oliveiras · apartamento · 3 quartos,Tabuleiro dos Oliveiras,apartamento,3,3,222.245383253882,201.89050529026662,231.09229556222655,,,evidência insuficiente,3,1,0.3333333333333333,3,222.245383253882,201.89050529026662,231.09229556222655,24.0
snapshot_calendar_adjusted,Captura de 20/01 ajustada por calendário,original,Valores originais,preco_por_quarto,Preço anunciado por quarto,não aplicável,morretes|apartamento|2 quartos,Morretes · apartamento · 2 quartos,Morretes,apartamento,2,43,218.8782620199304,181.34684682588997,271.45767522026597,190.58032440327077,242.3440961742331,principal,34,7,0.16279069767441862,1,208.52285324272933,205.48861138727926,205.48861138727926,25.0
snapshot_calendar_adjusted,Captura de 20/01 ajustada por calendário,original,Valores originais,preco_por_quarto,Preço anunciado por quarto,não aplicável,morretes|apartamento|3 quartos,Morretes · apartamento · 3 quartos,Morretes,apartamento,3,9,216.60877808505901,200.2527531544979,255.6473459102226,182.0479574131799,292.04904549569176,evidência insuficiente,9,1,0.1111111111111111,9,216.60877808505901,216.371639825541,220.92386072130284,26.0
snapshot_calendar_adjusted,Captura de 20/01 ajustada por calendário,original,Valores originais,preco_por_quarto,Preço anunciado por quarto,não aplicável,tabuleiro dos oliveiras|apartamento|2 quartos,Tabuleiro dos Oliveiras · apartamento · 2 quartos,Tabuleiro dos Oliveiras,apartamento,2,12,214.38888248081128,159.37338509907624,258.77590233972194,155.06645325137842,274.2934308638444,exploratório,11,2,0.16666666666666666,1,210.8663599380462,188.75115138738468,188.75115138738468,27.0
snapshot_calendar_adjusted,Captura de 20/01 ajustada por calendário,original,Valores originais,preco_por_quarto,Preço anunciado por quarto,não aplicável,centro|casa|1 quarto,Centro · casa · 1 quarto,Centro,casa,1,1,213.73105933239117,213.73105933239117,213.73105933239117,,,evidência insuficiente,1,1,1.0,1,213.73105933239117,,,28.0
snapshot_calendar_adjusted,Captura de 20/01 ajustada por calendário,original,Valores originais,preco_por_quarto,Preço anunciado por quarto,não aplicável,meia praia|apartamento|5 quartos,Meia Praia · apartamento · 5 quartos,Meia Praia,apartamento,5,1,210.40605553474316,210.40605553474316,210.40605553474316,,,evidência insuficiente,1,1,1.0,1,210.40605553474316,,,29.0
snapshot_calendar_adjusted,Captura de 20/01 ajustada por calendário,original,Valores originais,preco_por_quarto,Preço anunciado por quarto,não aplicável,meia praia|apartamento|3 quartos,Meia Praia · apartamento · 3 quartos,Meia Praia,apartamento,3,284,208.32571317073706,163.8431616718619,251.29727944594828,194.77313560611256,218.6762251209368,principal,235,12,0.04225352112676056,1,206.14063245314375,208.32571317073706,208.32571317073706,30.0
snapshot_calendar_adjusted,Captura de 20/01 ajustada por calendário,original,Valores originais,preco_por_quarto,Preço anunciado por quarto,não aplicável,meia praia|casa|1 quarto,Meia Praia · casa · 1 quarto,Meia Praia,casa,1,1,201.10619626184598,201.10619626184598,201.10619626184598,,,evidência insuficiente,1,1,1.0,1,201.10619626184598,,,31.0
snapshot_calendar_adjusted,Captura de 20/01 ajustada por calendário,original,Valores originais,preco_por_quarto,Preço anunciado por quarto,não aplicável,ilhota|casa|3 quartos,Ilhota · casa · 3 quartos,Ilhota,casa,3,2,193.15144217337382,173.87846308803717,212.42442125871048,,,evidência insuficiente,2,1,0.5,2,193.15144217337382,154.60548400270054,231.6974003440471,32.0
snapshot_calendar_adjusted,Captura de 20/01 ajustada por calendário,original,Valores originais,preco_por_quarto,Preço anunciado por quarto,não aplicável,ilhota|casa|4 quartos,Ilhota · casa · 4 quartos,Ilhota,casa,4,1,187.1256057598759,187.1256057598759,187.1256057598759,,,evidência insuficiente,1,1,1.0,1,187.1256057598759,,,33.0
snapshot_calendar_adjusted,Captura de 20/01 ajustada por calendário,original,Valores originais,preco_por_quarto,Preço anunciado por quarto,não aplicável,varzea|casa|3 quartos,Varzea · casa · 3 quartos,Varzea,casa,3,1,184.62004796605095,184.62004796605095,184.62004796605095,,,evidência insuficiente,1,1,1.0,1,184.62004796605095,,,34.0
snapshot_calendar_adjusted,Captura de 20/01 ajustada por calendário,original,Valores originais,preco_por_quarto,Preço anunciado por quarto,não aplicável,morretes|casa|2 quartos,Morretes · casa · 2 quartos,Morretes,casa,2,8,162.1646085412906,143.84832636060344,185.48438013655607,135.9181582496592,186.82689464674414,evidência insuficiente,7,2,0.25,1,160.4860554107193,153.48888557081875,153.48888557081875,35.0
snapshot_calendar_adjusted,Captura de 20/01 ajustada por calendário,original,Valores originais,preco_por_quarto,Preço anunciado por quarto,não aplicável,morretes|apartamento|4 quartos,Morretes · apartamento · 4 quartos,Morretes,apartamento,4,1,154.91580991410018,154.91580991410018,154.91580991410018,,,evidência insuficiente,1,1,1.0,1,154.91580991410018,,,36.0
snapshot_calendar_adjusted,Captura de 20/01 ajustada por calendário,original,Valores originais,preco_por_quarto,Preço anunciado por quarto,não aplicável,centro|casa|2 quartos,Centro · casa · 2 quartos,Centro,casa,2,1,136.5359680598849,136.5359680598849,136.5359680598849,,,evidência insuficiente,1,1,1.0,1,136.5359680598849,,,37.0
snapshot_calendar_adjusted,Captura de 20/01 ajustada por calendário,original,Valores originais,preco_por_quarto,Preço anunciado por quarto,não aplicável,meia praia|casa|4 quartos,Meia Praia · casa · 4 quartos,Meia Praia,casa,4,1,131.79147496127885,131.79147496127885,131.79147496127885,,,evidência insuficiente,1,1,1.0,1,131.79147496127885,,,38.0
snapshot_calendar_adjusted,Captura de 20/01 ajustada por calendário,original,Valores originais,preco_por_quarto,Preço anunciado por quarto,não aplicável,centro|apartamento|4 quartos,Centro · apartamento · 4 quartos,Centro,apartamento,4,1,130.44837712727858,130.44837712727858,130.44837712727858,,,evidência insuficiente,1,1,1.0,1,130.44837712727858,,,39.0
snapshot_calendar_adjusted,Captura de 20/01 ajustada por calendário,original,Valores originais,preco_por_quarto,Preço anunciado por quarto,não aplicável,casa branca|apartamento|2 quartos,Casa Branca · apartamento · 2 quartos,Casa Branca,apartamento,2,4,121.69384159562566,114.27277836349604,140.99359324896096,,,evidência insuficiente,4,1,0.25,4,121.69384159562566,115.95411300202541,127.43357018922592,40.0
snapshot_calendar_adjusted,Captura de 20/01 ajustada por calendário,original,Valores originais,preco_por_quarto,Preço anunciado por quarto,não aplicável,canto da praia|apartamento|3 quartos,Canto da Praia · apartamento · 3 quartos,Canto da Praia,apartamento,3,1,119.19806735386777,119.19806735386777,119.19806735386777,,,evidência insuficiente,1,1,1.0,1,119.19806735386777,,,41.0
snapshot_calendar_adjusted,Captura de 20/01 ajustada por calendário,original,Valores originais,preco_por_quarto,Preço anunciado por quarto,não aplicável,casa branca|apartamento|3 quartos,Casa Branca · apartamento · 3 quartos,Casa Branca,apartamento,3,2,114.6164692068566,106.32114621466903,122.91179219904417,,,evidência insuficiente,2,1,0.5,2,114.6164692068566,98.02582322248146,131.20711519123174,42.0
snapshot_calendar_adjusted,Captura de 20/01 ajustada por calendário,original,Valores originais,preco_por_quarto,Preço anunciado por quarto,não aplicável,ilhota|casa|2 quartos,Ilhota · casa · 2 quartos,Ilhota,casa,2,1,110.70483896747426,110.70483896747426,110.70483896747426,,,evidência insuficiente,1,1,1.0,1,110.70483896747426,,,43.0
snapshot_calendar_adjusted,Captura de 20/01 ajustada por calendário,original,Valores originais,preco_por_quarto,Preço anunciado por quarto,não aplicável,alto sao bento|apartamento|2 quartos,Alto Sao Bento · apartamento · 2 quartos,Alto Sao Bento,apartamento,2,1,105.42896264182434,105.42896264182434,105.42896264182434,,,evidência insuficiente,1,1,1.0,1,105.42896264182434,,,44.0
snapshot_calendar_adjusted,Captura de 20/01 ajustada por calendário,original,Valores originais,preco_total,Preço anunciado total,não aplicável,alto sao bento|casa|12 quartos,Alto Sao Bento · casa · 12 quartos,Alto Sao Bento,casa,12,1,2670.0622290346814,2670.0622290346814,2670.0622290346814,,,evidência insuficiente,1,1,1.0,1,2670.0622290346814,,,1.0
snapshot_calendar_adjusted,Captura de 20/01 ajustada por calendário,original,Valores originais,preco_total,Preço anunciado total,não aplicável,sertaozinho|casa|6 quartos,Sertaozinho · casa · 6 quartos,Sertaozinho,casa,6,2,2263.4695494279913,1928.1945883966578,2598.7445104593253,,,evidência insuficiente,2,1,0.5,2,2263.4695494279913,1592.9196273653238,2934.0194714906593,2.0
snapshot_calendar_adjusted,Captura de 20/01 ajustada por calendário,original,Valores originais,preco_total,Preço anunciado total,não aplicável,tabuleiro dos oliveiras|casa|4 quartos,Tabuleiro dos Oliveiras · casa · 4 quartos,Tabuleiro dos Oliveiras,casa,4,1,1577.910155285253,1577.910155285253,1577.910155285253,,,evidência insuficiente,1,1,1.0,1,1577.910155285253,,,3.0
snapshot_calendar_adjusted,Captura de 20/01 ajustada por calendário,original,Valores originais,preco_total,Preço anunciado total,não aplicável,varzea|casa|5 quartos,Varzea · casa · 5 quartos,Varzea,casa,5,1,1546.818104471183,1546.818104471183,1546.818104471183,,,evidência insuficiente,1,1,1.0,1,1546.818104471183,,,4.0
snapshot_calendar_adjusted,Captura de 20/01 ajustada por calendário,original,Valores originais,preco_total,Preço anunciado total,não aplicável,centro|casa|4 quartos,Centro · casa · 4 quartos,Centro,casa,4,2,1449.4264125253176,1304.4837712727858,1594.3690537778493,,,evidência insuficiente,2,1,0.5,2,1449.4264125253176,1159.541130020254,1739.311695030381,5.0
snapshot_calendar_adjusted,Captura de 20/01 ajustada por calendário,original,Valores originais,preco_total,Preço anunciado total,não aplicável,morretes|casa|4 quartos,Morretes · casa · 4 quartos,Morretes,casa,4,2,1264.6245449283397,1201.212139380357,1328.036950476322,,,evidência insuficiente,2,1,0.5,2,1264.6245449283397,1137.7997338323744,1391.4493560243047,6.0
snapshot_calendar_adjusted,Captura de 20/01 ajustada por calendário,original,Valores originais,preco_total,Preço anunciado total,não aplicável,sertao do trombudo|casa|4 quartos,Sertao do Trombudo · casa · 4 quartos,Sertao do Trombudo,casa,4,1,1092.2877444790793,1092.2877444790793,1092.2877444790793,,,evidência insuficiente,1,1,1.0,1,1092.2877444790793,,,7.0
snapshot_calendar_adjusted,Captura de 20/01 ajustada por calendário,original,Valores originais,preco_total,Preço anunciado total,não aplicável,meia praia|apartamento|5 quartos,Meia Praia · apartamento · 5 quartos,Meia Praia,apartamento,5,1,1052.0302776737158,1052.0302776737158,1052.0302776737158,,,evidência insuficiente,1,1,1.0,1,1052.0302776737158,,,8.0
snapshot_calendar_adjusted,Captura de 20/01 ajustada por calendário,original,Valores originais,preco_total,Preço anunciado total,não aplicável,meia praia|apartamento|4 quartos,Meia Praia · apartamento · 4 quartos,Meia Praia,apartamento,4,43,959.400416915872,749.214946083742,1321.9535721510351,814.2508640662228,1292.8005661441673,principal,38,2,0.046511627906976744,5,928.0387434117104,928.4445828072173,960.8186140963064,9.0
snapshot_calendar_adjusted,Captura de 20/01 ajustada por calendário,original,Valores originais,preco_total,Preço anunciado total,não aplicável,ilhota|casa|4 quartos,Ilhota · casa · 4 quartos,Ilhota,casa,4,1,748.5024230395036,748.5024230395036,748.5024230395036,,,evidência insuficiente,1,1,1.0,1,748.5024230395036,,,10.0
snapshot_calendar_adjusted,Captura de 20/01 ajustada por calendário,original,Valores originais,preco_total,Preço anunciado total,não aplicável,centro|apartamento|3 quartos,Centro · apartamento · 3 quartos,Centro,apartamento,3,38,683.2564658957934,568.3826852189907,869.6352599698846,619.6632396564007,808.200167624117,principal,34,4,0.10526315789473684,1,687.0349055742938,683.2564658957934,683.2564658957934,11.0
snapshot_calendar_adjusted,Captura de 20/01 ajustada por calendário,original,Valores originais,preco_total,Preço anunciado total,não aplicável,tabuleiro dos oliveiras|apartamento|3 quartos,Tabuleiro dos Oliveiras · apartamento · 3 quartos,Tabuleiro dos Oliveiras,apartamento,3,3,666.7361497616461,605.6715158707998,693.2768866866797,,,evidência insuficiente,3,1,0.3333333333333333,3,666.7361497616461,605.6715158707998,693.2768866866797,12.0
snapshot_calendar_adjusted,Captura de 20/01 ajustada por calendário,original,Valores originais,preco_total,Preço anunciado total,não aplicável,morretes|apartamento|3 quartos,Morretes · apartamento · 3 quartos,Morretes,apartamento,3,9,649.826334255177,600.7582594634937,766.9420377306678,546.1438722395396,876.1471364870753,evidência insuficiente,9,1,0.1111111111111111,9,649.826334255177,649.114919476623,662.7715821639085,13.0
snapshot_calendar_adjusted,Captura de 20/01 ajustada por calendário,original,Valores originais,preco_total,Preço anunciado total,não aplicável,meia praia|apartamento|3 quartos,Meia Praia · apartamento · 3 quartos,Meia Praia,apartamento,3,284,624.9771395122112,491.5294850155857,753.8918383378448,586.6752792918907,656.0286753628104,principal,235,12,0.04225352112676056,1,618.4218973594312,624.9771395122112,624.9771395122112,14.0
snapshot_calendar_adjusted,Captura de 20/01 ajustada por calendário,original,Valores originais,preco_total,Preço anunciado total,não aplicável,morretes|apartamento|4 quartos,Morretes · apartamento · 4 quartos,Morretes,apartamento,4,1,619.6632396564007,619.6632396564007,619.6632396564007,,,evidência insuficiente,1,1,1.0,1,619.6632396564007,,,15.0
snapshot_calendar_adjusted,Captura de 20/01 ajustada por calendário,original,Valores originais,preco_total,Preço anunciado total,não aplicável,ilhota|apartamento|2 quartos,Ilhota · apartamento · 2 quartos,Ilhota,apartamento,2,1,579.770565010127,579.770565010127,579.770565010127,,,evidência insuficiente,1,1,1.0,1,579.770565010127,,,16.0
snapshot_calendar_adjusted,Captura de 20/01 ajustada por calendário,original,Valores originais,preco_total,Preço anunciado total,não aplicável,ilhota|casa|3 quartos,Ilhota · casa · 3 quartos,Ilhota,casa,3,2,579.4543265201215,521.6353892641116,637.2732637761314,,,evidência insuficiente,2,1,0.5,2,579.4543265201215,463.81645200810163,695.0922010321414,17.0
snapshot_calendar_adjusted,Captura de 20/01 ajustada por calendário,original,Valores originais,preco_total,Preço anunciado total,não aplicável,centro|apartamento|2 quartos,Centro · apartamento · 2 quartos,Centro,apartamento,2,59,578.4471458954654,413.65942618222346,680.0133051465948,417.28008528478415,649.4683886091823,principal,37,20,0.3389830508474576,1,463.81645200810163,447.27299881686434,447.27299881686434,18.0
snapshot_calendar_adjusted,Captura de 20/01 ajustada por calendário,original,Valores originais,preco_total,Preço anunciado total,não aplicável,varzea|casa|3 quartos,Varzea · casa · 3 quartos,Varzea,casa,3,1,553.8601438981528,553.8601438981528,553.8601438981528,,,evidência insuficiente,1,1,1.0,1,553.8601438981528,,,19.0
snapshot_calendar_adjusted,Captura de 20/01 ajustada por calendário,original,Valores originais,preco_total,Preço anunciado total,não aplicável,meia praia|casa|4 quartos,Meia Praia · casa · 4 quartos,Meia Praia,casa,4,1,527.1658998451154,527.1658998451154,527.1658998451154,,,evidência insuficiente,1,1,1.0,1,527.1658998451154,,,20.0
snapshot_calendar_adjusted,Captura de 20/01 ajustada por calendário,original,Valores originais,preco_total,Preço anunciado total,não aplicável,centro|apartamento|4 quartos,Centro · apartamento · 4 quartos,Centro,apartamento,4,1,521.7935085091143,521.7935085091143,521.7935085091143,,,evidência insuficiente,1,1,1.0,1,521.7935085091143,,,21.0
snapshot_calendar_adjusted,Captura de 20/01 ajustada por calendário,original,Valores originais,preco_total,Preço anunciado total,não aplicável,meia praia|apartamento|1 quarto,Meia Praia · apartamento · 1 quarto,Meia Praia,apartamento,1,16,466.59476105025544,429.14617222049606,502.7324688943,421.3772466493603,500.04929484006027,exploratório,14,3,0.1875,1,447.91529290173315,440.7106922705166,440.7106922705166,22.0
snapshot_calendar_adjusted,Captura de 20/01 ajustada por calendário,original,Valores originais,preco_total,Preço anunciado total,não aplicável,centro|apartamento|1 quarto,Centro · apartamento · 1 quarto,Centro,apartamento,1,75,454.66477363941675,399.95769227200924,506.3208815554066,418.4738761315953,498.87821658264824,principal,17,54,0.72,1,454.66477363941675,468.12331906246254,468.12331906246254,23.0
snapshot_calendar_adjusted,Captura de 20/01 ajustada por calendário,original,Valores originais,preco_total,Preço anunciado total,não aplicável,sertaozinho|casa|2 quartos,Sertaozinho · casa · 2 quartos,Sertaozinho,casa,2,1,452.95929373210413,452.95929373210413,452.95929373210413,,,evidência insuficiente,1,1,1.0,1,452.95929373210413,,,24.0
snapshot_calendar_adjusted,Captura de 20/01 ajustada por calendário,original,Valores originais,preco_total,Preço anunciado total,não aplicável,canto da praia|apartamento|2 quartos,Canto da Praia · apartamento · 2 quartos,Canto da Praia,apartamento,2,4,450.7357311042722,405.10363818180696,502.65006422304486,,,evidência insuficiente,4,1,0.25,4,450.7357311042722,424.1417178711867,477.3297443373576,25.0
snapshot_calendar_adjusted,Captura de 20/01 ajustada por calendário,original,Valores originais,preco_total,Preço anunciado total,não aplicável,meia praia|apartamento|2 quartos,Meia Praia · apartamento · 2 quartos,Meia Praia,apartamento,2,126,446.2363235352792,369.8548029140617,539.7771299545201,415.88541995252297,485.2878407614195,principal,112,7,0.05555555555555555,1,441.69700266377515,436.91509779163175,436.91509779163175,26.0
snapshot_calendar_adjusted,Captura de 20/01 ajustada por calendário,original,Valores originais,preco_total,Preço anunciado total,não aplicável,morretes|apartamento|2 quartos,Morretes · apartamento · 2 quartos,Morretes,apartamento,2,43,437.7565240398608,362.69369365177994,542.9153504405319,381.16064880654153,484.6881923484662,principal,34,7,0.16279069767441862,1,417.04570648545865,410.9772227745585,410.9772227745585,27.0
snapshot_calendar_adjusted,Captura de 20/01 ajustada por calendário,original,Valores originais,preco_total,Preço anunciado total,não aplicável,areal|casa|1 quarto,Areal · casa · 1 quarto,Areal,casa,1,1,433.7942756645486,433.7942756645486,433.7942756645486,,,evidência insuficiente,1,1,1.0,1,433.7942756645486,,,28.0
snapshot_calendar_adjusted,Captura de 20/01 ajustada por calendário,original,Valores originais,preco_total,Preço anunciado total,não aplicável,tabuleiro dos oliveiras|apartamento|2 quartos,Tabuleiro dos Oliveiras · apartamento · 2 quartos,Tabuleiro dos Oliveiras,apartamento,2,12,428.77776496162255,318.7467701981525,517.5518046794439,310.13290650275684,548.5868617276888,exploratório,11,2,0.16666666666666666,1,421.7327198760924,377.50230277476936,377.50230277476936,29.0
snapshot_calendar_adjusted,Captura de 20/01 ajustada por calendário,original,Valores originais,preco_total,Preço anunciado total,não aplicável,meia praia|apartamento|0 quartos,Meia Praia · apartamento · 0 quartos,Meia Praia,apartamento,0,7,379.45156906860103,344.0706395109099,515.6810702665789,327.68632334372376,561.747982874955,evidência insuficiente,7,1,0.14285714285714285,7,379.45156906860103,369.9532623733486,424.53286336340193,30.0
snapshot_calendar_adjusted,Captura de 20/01 ajustada por calendário,original,Valores originais,preco_total,Preço anunciado total,não aplicável,sertao do trombudo|casa|1 quarto,Sertao do Trombudo · casa · 1 quarto,Sertao do Trombudo,casa,1,2,363.1908807475959,353.635965837555,372.7457956576368,,,evidência insuficiente,1,2,1.0,1,363.1908807475959,,,31.0
snapshot_calendar_adjusted,Captura de 20/01 ajustada por calendário,original,Valores originais,preco_total,Preço anunciado total,não aplicável,canto da praia|apartamento|3 quartos,Canto da Praia · apartamento · 3 quartos,Canto da Praia,apartamento,3,1,357.5942020616033,357.5942020616033,357.5942020616033,,,evidência insuficiente,1,1,1.0,1,357.5942020616033,,,32.0
snapshot_calendar_adjusted,Captura de 20/01 ajustada por calendário,original,Valores originais,preco_total,Preço anunciado total,não aplicável,casa branca|apartamento|3 quartos,Casa Branca · apartamento · 3 quartos,Casa Branca,apartamento,3,2,343.84940762056976,318.9634386440071,368.7353765971325,,,evidência insuficiente,2,1,0.5,2,343.84940762056976,294.0774696674444,393.6213455736952,33.0
snapshot_calendar_adjusted,Captura de 20/01 ajustada por calendário,original,Valores originais,preco_total,Preço anunciado total,não aplicável,varzea|casa|1 quarto,Varzea · casa · 1 quarto,Varzea,casa,1,1,327.68632334372376,327.68632334372376,327.68632334372376,,,evidência insuficiente,1,1,1.0,1,327.68632334372376,,,34.0
snapshot_calendar_adjusted,Captura de 20/01 ajustada por calendário,original,Valores originais,preco_total,Preço anunciado total,não aplicável,morretes|casa|2 quartos,Morretes · casa · 2 quartos,Morretes,casa,2,8,324.3292170825812,287.6966527212069,370.96876027311214,271.8363164993184,373.6537892934883,evidência insuficiente,7,2,0.25,1,320.9721108214386,306.9777711416375,306.9777711416375,35.0
snapshot_calendar_adjusted,Captura de 20/01 ajustada por calendário,original,Valores originais,preco_total,Preço anunciado total,não aplicável,morretes|apartamento|1 quarto,Morretes · apartamento · 1 quarto,Morretes,apartamento,1,3,317.0646573233902,284.3109174198921,420.6813873366741,,,evidência insuficiente,3,1,0.3333333333333333,3,317.0646573233902,284.3109174198921,420.6813873366741,36.0
snapshot_calendar_adjusted,Captura de 20/01 ajustada por calendário,original,Valores originais,preco_total,Preço anunciado total,não aplicável,ilhota|apartamento|1 quarto,Ilhota · apartamento · 1 quarto,Ilhota,apartamento,1,2,305.61586570008853,299.8625328903735,311.3691985098036,,,evidência insuficiente,1,2,1.0,1,305.61586570008853,,,37.0
snapshot_calendar_adjusted,Captura de 20/01 ajustada por calendário,original,Valores originais,preco_total,Preço anunciado total,não aplicável,alto sao bento|apartamento|1 quarto,Alto Sao Bento · apartamento · 1 quarto,Alto Sao Bento,apartamento,1,1,292.39060081657954,292.39060081657954,292.39060081657954,,,evidência insuficiente,1,1,1.0,1,292.39060081657954,,,38.0
snapshot_calendar_adjusted,Captura de 20/01 ajustada por calendário,original,Valores originais,preco_total,Preço anunciado total,não aplicável,centro|casa|2 quartos,Centro · casa · 2 quartos,Centro,casa,2,1,273.0719361197698,273.0719361197698,273.0719361197698,,,evidência insuficiente,1,1,1.0,1,273.0719361197698,,,39.0
snapshot_calendar_adjusted,Captura de 20/01 ajustada por calendário,original,Valores originais,preco_total,Preço anunciado total,não aplicável,casa branca|casa|1 quarto,Casa Branca · casa · 1 quarto,Casa Branca,casa,1,1,247.12392409028942,247.12392409028942,247.12392409028942,,,evidência insuficiente,1,1,1.0,1,247.12392409028942,,,40.0
snapshot_calendar_adjusted,Captura de 20/01 ajustada por calendário,original,Valores originais,preco_total,Preço anunciado total,não aplicável,casa branca|apartamento|2 quartos,Casa Branca · apartamento · 2 quartos,Casa Branca,apartamento,2,4,243.3876831912513,228.5455567269921,281.9871864979219,,,evidência insuficiente,4,1,0.25,4,243.3876831912513,231.90822600405082,254.86714037845184,41.0
snapshot_calendar_adjusted,Captura de 20/01 ajustada por calendário,original,Valores originais,preco_total,Preço anunciado total,não aplicável,ilhota|casa|2 quartos,Ilhota · casa · 2 quartos,Ilhota,casa,2,1,221.40967793494852,221.40967793494852,221.40967793494852,,,evidência insuficiente,1,1,1.0,1,221.40967793494852,,,42.0
snapshot_calendar_adjusted,Captura de 20/01 ajustada por calendário,original,Valores originais,preco_total,Preço anunciado total,não aplicável,centro|casa|1 quarto,Centro · casa · 1 quarto,Centro,casa,1,1,213.73105933239117,213.73105933239117,213.73105933239117,,,evidência insuficiente,1,1,1.0,1,213.73105933239117,,,43.0
snapshot_calendar_adjusted,Captura de 20/01 ajustada por calendário,original,Valores originais,preco_total,Preço anunciado total,não aplicável,alto sao bento|apartamento|2 quartos,Alto Sao Bento · apartamento · 2 quartos,Alto Sao Bento,apartamento,2,1,210.85792528364868,210.85792528364868,210.85792528364868,,,evidência insuficiente,1,1,1.0,1,210.85792528364868,,,44.0
snapshot_calendar_adjusted,Captura de 20/01 ajustada por calendário,original,Valores originais,preco_total,Preço anunciado total,não aplicável,meia praia|casa|1 quarto,Meia Praia · casa · 1 quarto,Meia Praia,casa,1,1,201.10619626184598,201.10619626184598,201.10619626184598,,,evidência insuficiente,1,1,1.0,1,201.10619626184598,,,45.0
